c_inference_J,c_qpu_J,c_failure_J,c_fidelity_purify_J,benefit_purify_J,c_latency_wait_J,c_energy_memory_wait_J,c_missed_opportunity_halt_J,p_good,c_inference_J_norm,c_qpu_J_norm,c_failure_J_norm,c_fidelity_purify_J_norm,benefit_purify_J_norm,c_latency_wait_J_norm,c_energy_memory_wait_J_norm,c_missed_opportunity_halt_J_norm
5e-05,9.999999999999999e-06,7.097914094754287e-07,1.4761450605285857e-06,2.5397582324523573e-05,1e-09,1e-08,2.5397582324523573e-05,0.5079516464904714,0.0,0.0,0.08564441072226046,0.17986379264944127,0.8201362073505615,0.0,0.0,0.8201362073505615
5e-05,9.999999999999999e-06,7.033055606601062e-07,1.4855651196027724e-06,2.5240581339953795e-05,1e-09,1e-08,2.5240581339953795e-05,0.5048116267990759,0.0,0.0,0.014869433379029066,0.4289199559713466,0.5710800440286536,0.0,0.0,0.5710800440286536
5e-05,9.999999999999999e-06,7.044710416198478e-07,1.48473530476909e-06,2.5254411587181837e-05,1e-09,1e-08,2.5254411587181837e-05,0.5050882317436367,0.0,0.0,0.027587412300278016,0.40698055016540174,0.5930194498345999,0.0,0.0,0.5930194498345999
5e-05,9.999999999999999e-06,7.042225693292039e-07,1.4862924656004853e-06,2.522845890665858e-05,1e-09,1e-08,2.522845890665858e-05,0.5045691781331716,0.0,0.0,0.024876029219747978,0.4481501966918455,0.5518498033081567,0.0,0.0,0.5518498033081567
5e-05,9.999999999999999e-06,7.044582532475374e-07,1.4861159063156942e-06,2.52314015614051e-05,1e-09,1e-08,2.52314015614051e-05,0.504628031228102,0.0,0.0,0.027447862830918546,0.4434821603533652,0.5565178396466368,0.0,0.0,0.5565178396466368
5e-05,9.999999999999999e-06,7.039709658338324e-07,1.4864153828308533e-06,2.5226410286152446e-05,1e-09,1e-08,2.5226410286152446e-05,0.5045282057230489,0.0,0.0,0.02213047775972572,0.4513999951867931,0.5486000048132076,0.0,0.0,0.5486000048132076
5e-05,9.999999999999999e-06,7.105344209565613e-07,1.4870834532800519e-06,2.5215275778665805e-05,1e-09,1e-08,2.5215275778665805e-05,0.504305515573316,0.0,0.0,0.09375231182206531,0.4690630545790723,0.5309369454209307,0.0,0.0,0.5309369454209307
5e-05,9.999999999999999e-06,7.120558837073583e-07,1.4890397068055968e-06,2.5182671553240057e-05,1e-09,1e-08,2.5182671553240057e-05,0.5036534310648011,0.0,0.0,0.11035484061703646,0.5207842798622845,0.4792157201377196,0.0,0.0,0.4792157201377196
5e-05,9.999999999999999e-06,7.048373800496392e-07,1.487363892847642e-06,2.5210601785872633e-05,1e-09,1e-08,2.5210601785872633e-05,0.5042120357174527,0.0,0.0,0.031584976043544495,0.4764775731290718,0.5235224268709263,0.0,0.0,0.5235224268709263
5e-05,9.999999999999999e-06,7.051621522077766e-07,1.484934275809134e-06,2.5251095403181102e-05,1e-09,1e-08,2.5251095403181102e-05,0.505021908063622,0.0,0.0,0.035128959689846424,0.41224112904874943,0.5877588709512536,0.0,0.0,0.5877588709512536
5e-05,9.999999999999999e-06,7.053271459865047e-07,1.4854626898977978e-06,2.5242288501703372e-05,1e-09,1e-08,2.5242288501703372e-05,0.5048457700340674,0.0,0.0,0.036929407292582185,0.42621182546704217,0.5737881745329603,0.0,0.0,0.5737881745329603
5e-05,9.999999999999999e-06,7.101800198227516e-07,1.4771166000036127e-06,2.5381389999939793e-05,1e-09,1e-08,2.5381389999939793e-05,0.5076277999987958,0.0,0.0,0.08988501042019773,0.20555024453476353,0.7944497554652419,0.0,0.0,0.7944497554652419
5e-05,9.999999999999999e-06,7.035648027221554e-07,1.488146945943297e-06,2.5197550900945053e-05,1e-09,1e-08,2.5197550900945053e-05,0.5039510180189011,0.0,0.0,0.0176983385216534,0.4971806492080282,0.5028193507919726,0.0,0.0,0.5028193507919726
5e-05,9.999999999999999e-06,7.111302459634317e-07,1.48501894729815e-06,2.52496842116975e-05,1e-09,1e-08,2.52496842116975e-05,0.50499368423395,0.0,0.0,0.10025408245571843,0.4144797515489919,0.5855202484510093,0.0,0.0,0.5855202484510093
5e-05,9.999999999999999e-06,7.109810695471878e-07,1.4886156160326084e-06,2.5189739732789863e-05,1e-09,1e-08,2.5189739732789863e-05,0.5037947946557972,0.0,0.0,0.09862623731463849,0.5095717789651129,0.49042822103488976,0.0,0.0,0.49042822103488976
5e-05,9.999999999999999e-06,7.041341312205418e-07,1.4873303314401555e-06,2.5211161142664076e-05,1e-09,1e-08,2.5211161142664076e-05,0.5042232228532815,0.0,0.0,0.023910973555475556,0.47559024585029,0.5244097541497099,0.0,0.0,0.5244097541497099
5e-05,9.999999999999999e-06,7.041138136588011e-07,1.485953187022667e-06,2.523411354962222e-05,1e-09,1e-08,2.523411354962222e-05,0.5046822709924443,0.0,0.0,0.02368926395156614,0.4391800384132953,0.5608199615867059,0.0,0.0,0.5608199615867059
5e-05,9.999999999999999e-06,7.108171532450393e-07,1.479241692483189e-06,2.534597179194685e-05,1e-09,1e-08,2.534597179194685e-05,0.506919435838937,0.0,0.0,0.09683754736809842,0.2617353889695648,0.7382646110304347,0.0,0.0,0.7382646110304347
5e-05,9.999999999999999e-06,7.038213364242489e-07,1.487494603820863e-06,2.520842326965229e-05,1e-09,1e-08,2.520842326965229e-05,0.5041684653930457,0.0,0.0,0.020497689457886274,0.47993342974717895,0.5200665702528268,0.0,0.0,0.5200665702528268
5e-05,9.999999999999999e-06,7.099617795413197e-07,1.484304650155107e-06,2.526158916408155e-05,1e-09,1e-08,2.526158916408155e-05,0.505231783281631,0.0,0.0,0.08750352552692792,0.3955945084186606,0.6044054915813379,0.0,0.0,0.6044054915813379
5e-05,9.999999999999999e-06,7.034003551219269e-07,1.485910419389867e-06,2.5234826343502217e-05,1e-09,1e-08,2.5234826343502217e-05,0.5046965268700443,0.0,0.0,0.01590385093618486,0.4380493085043189,0.5619506914956809,0.0,0.0,0.5619506914956809
5e-05,9.999999999999999e-06,7.04631909530633e-07,1.4858818069471547e-06,2.5235303217547423e-05,1e-09,1e-08,2.5235303217547423e-05,0.5047060643509484,0.0,0.0,0.02934283754457002,0.4372928264961814,0.5627071735038179,0.0,0.0,0.5627071735038179
5e-05,9.999999999999999e-06,7.045524313963685e-07,1.4863198002993426e-06,2.522800332834429e-05,1e-09,1e-08,2.522800332834429e-05,0.5045600665668858,0.0,0.0,0.028475555048165235,0.4488728965358,0.5511271034641985,0.0,0.0,0.5511271034641985
5e-05,9.999999999999999e-06,7.038658832352098e-07,1.486457227457948e-06,2.522571287570087e-05,1e-09,1e-08,2.522571287570087e-05,0.5045142575140174,0.0,0.0,0.020983793840865846,0.4525063218242119,0.5474936781757905,0.0,0.0,0.5474936781757905
5e-05,9.999999999999999e-06,7.108127940438495e-07,1.4826463981239355e-06,2.528922669793441e-05,1e-09,1e-08,2.528922669793441e-05,0.5057845339586882,0.0,0.0,0.09678997882707464,0.35175212001622896,0.6482478799837708,0.0,0.0,0.6482478799837708
5e-05,9.999999999999999e-06,7.033962866296406e-07,1.4864824414395703e-06,2.522529264267383e-05,1e-09,1e-08,2.522529264267383e-05,0.5045058528534766,0.0,0.0,0.015859454673245586,0.45317295220046244,0.5468270477995384,0.0,0.0,0.5468270477995384
5e-05,9.999999999999999e-06,7.049137115324255e-07,1.485437147625945e-06,2.5242714206234254e-05,1e-09,1e-08,2.5242714206234254e-05,0.504854284124685,0.0,0.0,0.03241792160219155,0.42553651545252064,0.5744634845474841,0.0,0.0,0.5744634845474841
5e-05,9.999999999999999e-06,7.098642723441659e-07,1.477143050546474e-06,2.538094915755877e-05,1e-09,1e-08,2.538094915755877e-05,0.5076189831511754,0.0,0.0,0.08643950601832272,0.2062495682514134,0.7937504317485915,0.0,0.0,0.7937504317485915
5e-05,9.999999999999999e-06,7.040823416754291e-07,1.4872839462380916e-06,2.5211934229365143e-05,1e-09,1e-08,2.5211934229365143e-05,0.5042386845873028,0.0,0.0,0.02334583489955992,0.4743638713265231,0.5256361286734786,0.0,0.0,0.5256361286734786
5e-05,9.999999999999999e-06,7.037017787150843e-07,1.4844162281667225e-06,2.5259729530554625e-05,1e-09,1e-08,2.5259729530554625e-05,0.5051945906110925,0.0,0.0,0.019193050019276243,0.3985445102461628,0.6014554897538353,0.0,0.0,0.6014554897538353
5e-05,9.999999999999999e-06,7.040598606626089e-07,1.4847323041588642e-06,2.5254461597352263e-05,1e-09,1e-08,2.5254461597352263e-05,0.5050892319470452,0.0,0.0,0.023100517252123778,0.4069012172796362,0.5930987827203623,0.0,0.0,0.5930987827203623
5e-05,9.999999999999999e-06,7.107461198141449e-07,1.480308107020876e-06,2.5328198216318734e-05,1e-09,1e-08,2.5328198216318734e-05,0.5065639643263746,0.0,0.0,0.09606241529127806,0.2899302347954079,0.7100697652045938,0.0,0.0,0.7100697652045938
5e-05,9.999999999999999e-06,7.102417968562804e-07,1.4736058861444328e-06,2.5439901897592787e-05,1e-09,1e-08,2.5439901897592787e-05,0.5087980379518557,0.0,0.0,0.09055913469796431,0.11273077096220774,0.8872692290377923,0.0,0.0,0.8872692290377923
5e-05,9.999999999999999e-06,7.110270398099802e-07,1.4839080366763056e-06,2.526819938872824e-05,1e-09,1e-08,2.526819938872824e-05,0.5053639877745648,0.0,0.0,0.09912787471017992,0.3851084774315825,0.6148915225684192,0.0,0.0,0.6148915225684192
5e-05,9.999999999999999e-06,7.033530030693984e-07,1.487752955627753e-06,2.520411740620412e-05,1e-09,1e-08,2.520411740620412e-05,0.5040823481240824,0.0,0.0,0.015387135153826873,0.48676397181751657,0.5132360281824869,0.0,0.0,0.5132360281824869
5e-05,9.999999999999999e-06,7.105468206415379e-07,1.4834015752946793e-06,2.5276640411755347e-05,1e-09,1e-08,2.5276640411755347e-05,0.5055328082351069,0.0,0.0,0.09388761985163374,0.371718186820326,0.6282818131796767,0.0,0.0,0.6282818131796767
5e-05,9.999999999999999e-06,7.026303942871488e-07,1.4875743895753405e-06,2.5207093507077662e-05,1e-09,1e-08,2.5207093507077662e-05,0.5041418701415532,0.0,0.0,0.007501872692742482,0.4820428787157487,0.5179571212842542,0.0,0.0,0.5179571212842542
5e-05,9.999999999999999e-06,7.112329212074099e-07,1.4862342985961595e-06,2.5229428356730676e-05,1e-09,1e-08,2.5229428356730676e-05,0.5045885671346135,0.0,0.0,0.10137449680289007,0.4466123240718102,0.5533876759281909,0.0,0.0,0.5533876759281909
5e-05,9.999999999999999e-06,7.11266572848217e-07,1.4853896367724349e-06,2.5243506053792755e-05,1e-09,1e-08,2.5243506053792755e-05,0.504870121075855,0.0,0.0,0.10174171074566009,0.424280379923199,0.5757196200768029,0.0,0.0,0.5757196200768029
5e-05,9.999999999999999e-06,7.042785819373875e-07,1.4878515870040448e-06,2.5202473549932588e-05,1e-09,1e-08,2.5202473549932588e-05,0.5040494709986517,0.0,0.0,0.02548725084825194,0.48937167862370046,0.5106283213762994,0.0,0.0,0.5106283213762994
5e-05,9.999999999999999e-06,7.040257916541779e-07,1.4872635699592894e-06,2.5212273834011847e-05,1e-09,1e-08,2.5212273834011847e-05,0.5042454766802369,0.0,0.0,0.022728748904067456,0.4738251445753126,0.5261748554246916,0.0,0.0,0.5261748554246916
5e-05,9.999999999999999e-06,7.119757046356325e-07,1.4910595097242375e-06,2.514900817126271e-05,1e-09,1e-08,2.514900817126271e-05,0.5029801634252542,0.0,0.0,0.10947990934028694,0.574185682297382,0.42581431770261996,0.0,0.0,0.42581431770261996
5e-05,9.999999999999999e-06,7.126791082356791e-07,1.4911075919417263e-06,2.5148206800971232e-05,1e-09,1e-08,2.5148206800971232e-05,0.5029641360194246,0.0,0.0,0.11715560072224387,0.5754569240717119,0.4245430759282907,0.0,0.0,0.4245430759282907
5e-05,9.999999999999999e-06,7.123521934822178e-07,1.4886054117726606e-06,2.518990980378899e-05,1e-09,1e-08,2.518990980378899e-05,0.5037981960757798,0.0,0.0,0.11358823661490808,0.5093019893797053,0.49069801062029195,0.0,0.0,0.49069801062029195
5e-05,9.999999999999999e-06,7.145333511250555e-07,1.4978834138193491e-06,2.5035276436344186e-05,1e-09,1e-08,2.5035276436344186e-05,0.5007055287268837,0.0,0.0,0.13738949796857317,0.7546023186921895,0.24539768130781564,0.0,0.0,0.24539768130781564
5e-05,9.999999999999999e-06,7.061399626747149e-07,1.489597557247994e-06,2.517337404586677e-05,1e-09,1e-08,2.517337404586677e-05,0.5034674809173354,0.0,0.0,0.04579903782673411,0.5355332416041026,0.4644667583958992,0.0,0.0,0.4644667583958992
5e-05,9.999999999999999e-06,7.049788099966463e-07,1.487826113650689e-06,2.5202898105821852e-05,1e-09,1e-08,2.5202898105821852e-05,0.504057962116437,0.0,0.0,0.033128290046090546,0.48869819073962356,0.5113018092603768,0.0,0.0,0.5113018092603768
5e-05,9.999999999999999e-06,7.048788282334044e-07,1.4864956784585812e-06,2.5225072025690316e-05,1e-09,1e-08,2.5225072025690316e-05,0.5045014405138063,0.0,0.0,0.03203726754006663,0.45352292465208943,0.5464770753479128,0.0,0.0,0.5464770753479128
5e-05,9.999999999999999e-06,7.108645040194814e-07,1.4864163627322953e-06,2.5226393954461747e-05,1e-09,1e-08,2.5226393954461747e-05,0.5045278790892349,0.0,0.0,0.09735424920370127,0.45142590272003086,0.5485740972799693,0.0,0.0,0.5485740972799693
5e-05,9.999999999999999e-06,7.026979107884712e-07,1.4866185892565263e-06,2.522302351239123e-05,1e-09,1e-08,2.522302351239123e-05,0.5044604702478246,0.0,0.0,0.008238627277600791,0.4567725530807413,0.5432274469192625,0.0,0.0,0.5432274469192625
5e-05,9.999999999999999e-06,7.097934644878023e-07,1.4804479230012362e-06,2.5325867949979398e-05,1e-09,1e-08,2.5325867949979398e-05,0.5065173589995879,0.0,0.0,0.08566683545930312,0.2936268179447635,0.7063731820552359,0.0,0.0,0.7063731820552359
5e-05,9.999999999999999e-06,7.029347212806494e-07,1.485656746399557e-06,2.523905422667405e-05,1e-09,1e-08,2.523905422667405e-05,0.504781084533481,0.0,0.0,0.010822754304884134,0.43134246927884434,0.5686575307211532,0.0,0.0,0.5686575307211532
5e-05,9.999999999999999e-06,7.104286280191445e-07,1.4822737871714738e-06,2.5295436880475438e-05,1e-09,1e-08,2.5295436880475438e-05,0.5059087376095087,0.0,0.0,0.09259787653349365,0.34190068983930827,0.6580993101606935,0.0,0.0,0.6580993101606935
5e-05,9.999999999999999e-06,7.032613180613163e-07,1.4859816215594741e-06,2.523363964067543e-05,1e-09,1e-08,2.523363964067543e-05,0.5046727928135086,0.0,0.0,0.014386648624693786,0.4399318167819076,0.5600681832180913,0.0,0.0,0.5600681832180913
5e-05,9.999999999999999e-06,7.047882429119392e-07,1.486319161262268e-06,2.52280139789622e-05,1e-09,1e-08,2.52280139789622e-05,0.504560279579244,0.0,0.0,0.03104878102783415,0.4488560010874014,0.5511439989125992,0.0,0.0,0.5511439989125992
5e-05,9.999999999999999e-06,7.038237584729105e-07,1.4855873065212108e-06,2.524021155797982e-05,1e-09,1e-08,2.524021155797982e-05,0.5048042311595964,0.0,0.0,0.020524119373851197,0.429506554074257,0.5704934459257415,0.0,0.0,0.5704934459257415
5e-05,9.999999999999999e-06,7.047327104335181e-07,1.4855938836246169e-06,2.5240101939589723e-05,1e-09,1e-08,2.5240101939589723e-05,0.5048020387917944,0.0,0.0,0.030442798678572188,0.42968044556763046,0.5703195544323749,0.0,0.0,0.5703195544323749
5e-05,9.999999999999999e-06,7.038358685676686e-07,1.4842469647529458e-06,2.5262550587450906e-05,1e-09,1e-08,2.5262550587450906e-05,0.5052510117490181,0.0,0.0,0.02065626733266634,0.394069368838451,0.6059306311615518,0.0,0.0,0.6059306311615518
5e-05,9.999999999999999e-06,7.033166424383177e-07,1.4844616958433386e-06,2.525897173594436e-05,1e-09,1e-08,2.525897173594436e-05,0.5051794347188872,0.0,0.0,0.014990360126502346,0.39974662639044545,0.6002533736095584,0.0,0.0,0.6002533736095584
5e-05,9.999999999999999e-06,7.031295231067247e-07,1.4841405608492525e-06,2.5264323985845795e-05,1e-09,1e-08,2.5264323985845795e-05,0.5052864797169159,0.0,0.0,0.012948473731820365,0.3912561648226759,0.6087438351773269,0.0,0.0,0.6087438351773269
5e-05,9.999999999999999e-06,7.035551967744595e-07,1.4843789160796295e-06,2.5260351398672844e-05,1e-09,1e-08,2.5260351398672844e-05,0.5052070279734568,0.0,0.0,0.017593516354208763,0.397558019059246,0.6024419809407544,0.0,0.0,0.6024419809407544
5e-05,9.999999999999999e-06,7.098041675596139e-07,1.4777954967443654e-06,2.537007505426058e-05,1e-09,1e-08,2.537007505426058e-05,0.5074015010852115,0.0,0.0,0.08578362968108241,0.22349953935468092,0.7765004606453217,0.0,0.0,0.7765004606453217
5e-05,9.999999999999999e-06,7.021780355013649e-07,1.4834800327750244e-06,2.527533278708293e-05,1e-09,1e-08,2.527533278708293e-05,0.5055066557416585,0.0,0.0,0.0025656363223800593,0.37379251765888666,0.6262074823411159,0.0,0.0,0.6262074823411159
5e-05,9.999999999999999e-06,7.039053238285646e-07,1.4804719230466393e-06,2.532546794922268e-05,1e-09,1e-08,2.532546794922268e-05,0.5065093589844536,0.0,0.0,0.02141417807900897,0.2942613531616423,0.7057386468383605,0.0,0.0,0.7057386468383605
5e-05,9.999999999999999e-06,7.12453202369943e-07,1.4947326151485345e-06,2.5087789747524425e-05,1e-09,1e-08,2.5087789747524425e-05,0.5017557949504885,0.0,0.0,0.1146904673242222,0.6712986130388792,0.32870138696111967,0.0,0.0,0.32870138696111967
5e-05,9.999999999999999e-06,7.128064660207656e-07,1.4958580768934655e-06,2.5069032051775578e-05,1e-09,1e-08,2.5069032051775578e-05,0.5013806410355115,0.0,0.0,0.11854535626706733,0.7010546030969657,0.2989453969030363,0.0,0.0,0.2989453969030363
5e-05,9.999999999999999e-06,7.05460349938221e-07,1.4836122669490897e-06,2.527312888418184e-05,1e-09,1e-08,2.527312888418184e-05,0.5054625776836368,0.0,0.0,0.0383829574651487,0.37728864605822926,0.6227113539417733,0.0,0.0,0.6227113539417733
5e-05,9.999999999999999e-06,7.102944989257795e-07,1.4877189648383228e-06,2.5204683919361287e-05,1e-09,1e-08,2.5204683919361287e-05,0.5040936783872257,0.0,0.0,0.09113423101626417,0.48586529214501406,0.5141347078549852,0.0,0.0,0.5141347078549852
5e-05,9.999999999999999e-06,7.033753377808252e-07,1.4841762042461753e-06,2.5263729929230413e-05,1e-09,1e-08,2.5263729929230413e-05,0.5052745985846082,0.0,0.0,0.015630856328989817,0.3921985376480954,0.6078014623519047,0.0,0.0,0.6078014623519047
5e-05,9.999999999999999e-06,7.099907973950634e-07,1.4802623448142988e-06,2.532896091976169e-05,1e-09,1e-08,2.532896091976169e-05,0.5065792183952338,0.0,0.0,0.08782017458855988,0.28872033159782295,0.7112796684021816,0.0,0.0,0.7112796684021816
5e-05,9.999999999999999e-06,7.039643933126678e-07,1.4831560264558882e-06,2.5280732892401866e-05,1e-09,1e-08,2.5280732892401866e-05,0.5056146578480373,0.0,0.0,0.022058756995063638,0.36522614136542425,0.6347738586345768,0.0,0.0,0.6347738586345768
5e-05,9.999999999999999e-06,7.049551543562354e-07,1.4818472532025835e-06,2.5302545779956944e-05,1e-09,1e-08,2.5302545779956944e-05,0.5060509155991388,0.0,0.0,0.032870154609728,0.33062359348761056,0.6693764065123919,0.0,0.0,0.6693764065123919
5e-05,9.999999999999999e-06,7.038946855061568e-07,1.483899939710027e-06,2.5268334338166215e-05,1e-09,1e-08,2.5268334338166215e-05,0.5053666867633243,0.0,0.0,0.021298090416649353,0.38489440240933326,0.6151055975906633,0.0,0.0,0.6151055975906633
5e-05,9.999999999999999e-06,7.125261564053491e-07,1.492682542032326e-06,2.5121957632794568e-05,1e-09,1e-08,2.5121957632794568e-05,0.5024391526558913,0.0,0.0,0.11548655745058478,0.6170968993520306,0.3829031006479704,0.0,0.0,0.3829031006479704
5e-05,9.999999999999999e-06,7.12177154663828e-07,1.4873702243390609e-06,2.5210496261015653e-05,1e-09,1e-08,2.5210496261015653e-05,0.504209925220313,0.0,0.0,0.11167817537875105,0.47664497090741564,0.523355029092584,0.0,0.0,0.523355029092584
5e-05,9.999999999999999e-06,7.117646267967202e-07,1.4884470480474192e-06,2.519254919920968e-05,1e-09,1e-08,2.519254919920968e-05,0.5038509839841936,0.0,0.0,0.10717658256039293,0.5051150239363518,0.4948849760636495,0.0,0.0,0.4948849760636495
5e-05,9.999999999999999e-06,7.11261704584956e-07,1.4864050991297536e-06,2.5226581681170775e-05,1e-09,1e-08,2.5226581681170775e-05,0.5045316336234155,0.0,0.0,0.10168858720981946,0.4511281052633365,0.5488718947366658,0.0,0.0,0.5488718947366658
5e-05,9.999999999999999e-06,7.112814336085193e-07,1.4885426620542253e-06,2.519095563242958e-05,1e-09,1e-08,2.519095563242958e-05,0.5038191126485916,0.0,0.0,0.10190387455854655,0.5076429547600784,0.49235704523992513,0.0,0.0,0.49235704523992513
5e-05,9.999999999999999e-06,7.102890236092207e-07,1.4776540831077454e-06,2.5372431948204246e-05,1e-09,1e-08,2.5372431948204246e-05,0.5074486389640849,0.0,0.0,0.09107448318426377,0.21976071590351096,0.7802392840964911,0.0,0.0,0.7802392840964911
5e-05,9.999999999999999e-06,7.034677841534682e-07,1.4869801447191037e-06,2.521699758801494e-05,1e-09,1e-08,2.521699758801494e-05,0.5043399517602988,0.0,0.0,0.016639651031977606,0.46633168807431685,0.5336683119256829,0.0,0.0,0.5336683119256829
5e-05,9.999999999999999e-06,7.045317826097946e-07,1.4857224824370777e-06,2.523795862604871e-05,1e-09,1e-08,2.523795862604871e-05,0.5047591725209741,0.0,0.0,0.028250231047630373,0.4330804589419649,0.5669195410580401,0.0,0.0,0.5669195410580401
5e-05,9.999999999999999e-06,7.087887245813818e-07,1.4777187844623836e-06,2.5371353592293606e-05,1e-09,1e-08,2.5371353592293606e-05,0.5074270718458721,0.0,0.0,0.07470289748641057,0.22147134967141302,0.7785286503285863,0.0,0.0,0.7785286503285863
5e-05,9.999999999999999e-06,7.021638964602568e-07,1.4829304822538776e-06,2.5284491962435376e-05,1e-09,1e-08,2.5284491962435376e-05,0.5056898392487075,0.0,0.0,0.002411348064577998,0.3592629968490415,0.6407370031509623,0.0,0.0,0.6407370031509623
5e-05,9.999999999999999e-06,7.036078112280899e-07,1.4825934802535818e-06,2.5290108662440303e-05,1e-09,1e-08,2.5290108662440303e-05,0.505802173248806,0.0,0.0,0.018167656589303013,0.3503530288154566,0.6496469711845415,0.0,0.0,0.6496469711845415
5e-05,9.999999999999999e-06,7.10121573714932e-07,1.4830039442243567e-06,2.5283267596260724e-05,1e-09,1e-08,2.5283267596260724e-05,0.5056653519252144,0.0,0.0,0.08924723392023362,0.36120525181511964,0.6387947481848832,0.0,0.0,0.6387947481848832
5e-05,9.999999999999999e-06,7.107328695326487e-07,1.4806046577261195e-06,2.5323255704564674e-05,1e-09,1e-08,2.5323255704564674e-05,0.5064651140912935,0.0,0.0,0.0959178253695282,0.2977707143822851,0.7022292856177131,0.0,0.0,0.7022292856177131
5e-05,9.999999999999999e-06,7.03006361038149e-07,1.4863770817499522e-06,2.52270486375008e-05,1e-09,1e-08,2.52270486375008e-05,0.504540972750016,0.0,0.0,0.011604502748037804,0.4503873560743221,0.5496126439256819,0.0,0.0,0.5496126439256819
5e-05,9.999999999999999e-06,7.038002295810202e-07,1.4844963427886989e-06,2.5258394286855018e-05,1e-09,1e-08,2.5258394286855018e-05,0.5051678857371004,0.0,0.0,0.020267367044608495,0.40066265411535534,0.5993373458846412,0.0,0.0,0.5993373458846412
5e-05,9.999999999999999e-06,7.037311945714463e-07,1.4847951875281417e-06,2.525341354119764e-05,1e-09,1e-08,2.525341354119764e-05,0.5050682708239528,0.0,0.0,0.019514042171087834,0.40856378548283634,0.5914362145171671,0.0,0.0,0.5914362145171671
5e-05,9.999999999999999e-06,7.034652740958273e-07,1.4855344046456361e-06,2.5241093255906067e-05,1e-09,1e-08,2.5241093255906067e-05,0.5048218651181213,0.0,0.0,0.016612260743100404,0.42810788575812325,0.571892114241879,0.0,0.0,0.571892114241879
5e-05,9.999999999999999e-06,7.035343400819569e-07,1.4857485895701643e-06,2.5237523507163928e-05,1e-09,1e-08,2.5237523507163928e-05,0.5047504701432786,0.0,0.0,0.01736592363946,0.4337707032759629,0.5662292967240358,0.0,0.0,0.5662292967240358
5e-05,9.999999999999999e-06,7.099492817293493e-07,1.472554241066716e-06,2.5457429315554736e-05,1e-09,1e-08,2.5457429315554736e-05,0.5091485863110947,0.0,0.0,0.08736714671449562,0.08492641366786176,0.915073586332139,0.0,0.0,0.915073586332139
5e-05,9.999999999999999e-06,7.115311054937037e-07,1.4910322260673923e-06,2.5149462898876798e-05,1e-09,1e-08,2.5149462898876798e-05,0.5029892579775359,0.0,0.0,0.10462834787272851,0.5734643319489662,0.4265356680510358,0.0,0.0,0.4265356680510358
5e-05,9.999999999999999e-06,7.1313448455453e-07,1.4948689417362524e-06,2.508551763772913e-05,1e-09,1e-08,2.508551763772913e-05,0.5017103527545825,0.0,0.0,0.12212476506248807,0.6749029404245563,0.32509705957544677,0.0,0.0,0.32509705957544677
5e-05,9.999999999999999e-06,7.05454052761215e-07,1.4883464040128527e-06,2.5194226599785793e-05,1e-09,1e-08,2.5194226599785793e-05,0.5038845319957158,0.0,0.0,0.03831424131517067,0.5024541046243829,0.49754589537562144,0.0,0.0,0.49754589537562144
5e-05,9.999999999999999e-06,7.12406578530584e-07,1.4927387073040944e-06,2.512102154493176e-05,1e-09,1e-08,2.512102154493176e-05,0.5024204308986352,0.0,0.0,0.11418169796060437,0.6185818483304169,0.38141815166958326,0.0,0.0,0.38141815166958326
5e-05,9.999999999999999e-06,7.14628117588063e-07,1.49847887332619e-06,2.5025352111230172e-05,1e-09,1e-08,2.5025352111230172e-05,0.5005070422246034,0.0,0.0,0.13842360999665695,0.7703456233805547,0.22965437661944935,0.0,0.0,0.22965437661944935
5e-05,9.999999999999999e-06,7.14762088478892e-07,1.4983742689455771e-06,2.502709551757372e-05,1e-09,1e-08,2.502709551757372e-05,0.5005419103514743,0.0,0.0,0.13988552917378513,0.7675799968067823,0.23242000319322195,0.0,0.0,0.23242000319322195
5e-05,9.999999999999999e-06,7.14729405199244e-07,1.4982437361100812e-06,2.502927106483198e-05,1e-09,1e-08,2.502927106483198e-05,0.5005854212966396,0.0,0.0,0.13952888219627227,0.7641288499572646,0.23587115004273523,0.0,0.0,0.23587115004273523
5e-05,9.999999999999999e-06,7.168629487247371e-07,1.5017270021169383e-06,2.4971216631384366e-05,1e-09,1e-08,2.4971216631384366e-05,0.49942433262768726,0.0,0.0,0.1628105680599383,0.8562226320307428,0.14377736796925972,0.0,0.0,0.14377736796925972
5e-05,9.999999999999999e-06,7.152860384818811e-07,1.4996346558058962e-06,2.5006089069901734e-05,1e-09,1e-08,2.5006089069901734e-05,0.5001217813980346,0.0,0.0,0.14560298430516763,0.8009032608394454,0.19909673916055784,0.0,0.0,0.19909673916055784
5e-05,9.999999999999999e-06,7.077742576374817e-07,1.489056351646604e-06,2.518239413922327e-05,1e-09,1e-08,2.518239413922327e-05,0.5036478827844654,0.0,0.0,0.06363281598830897,0.5212243514380256,0.47877564856197785,0.0,0.0,0.47877564856197785
5e-05,9.999999999999999e-06,7.141583769139794e-07,1.4982040709665788e-06,2.5029932150557023e-05,1e-09,1e-08,2.5029932150557023e-05,0.5005986430111404,0.0,0.0,0.13329769872241953,0.7630801465064132,0.23691985349358882,0.0,0.0,0.23691985349358882
5e-05,9.999999999999999e-06,7.055679953737125e-07,1.486590343085365e-06,2.5223494281910587e-05,1e-09,1e-08,2.5223494281910587e-05,0.5044698856382117,0.0,0.0,0.039557607611173544,0.45602575489586894,0.5439742451041326,0.0,0.0,0.5439742451041326
5e-05,9.999999999999999e-06,7.054036729218183e-07,1.4847104745664552e-06,2.5254825423892413e-05,1e-09,1e-08,2.5254825423892413e-05,0.5050965084778483,0.0,0.0,0.03776448567124695,0.40632406649008684,0.5936759335099119,0.0,0.0,0.5936759335099119
5e-05,9.999999999999999e-06,7.057553791363047e-07,1.4855560267278784e-06,2.5240732887868695e-05,1e-09,1e-08,2.5240732887868695e-05,0.5048146577573739,0.0,0.0,0.04160237953379609,0.42867955020352577,0.5713204497964763,0.0,0.0,0.5713204497964763
5e-05,9.999999999999999e-06,7.060948978756238e-07,1.485868039915115e-06,2.5235532668081418e-05,1e-09,1e-08,2.5235532668081418e-05,0.5047106533616283,0.0,0.0,0.04530728104586158,0.43692884107388824,0.5630711589261109,0.0,0.0,0.5630711589261109
5e-05,9.999999999999999e-06,7.066573138724834e-07,1.4865876018982629e-06,2.5223539968362285e-05,1e-09,1e-08,2.5223539968362285e-05,0.5044707993672457,0.0,0.0,0.05144448537618325,0.45595328087662895,0.5440467191233694,0.0,0.0,0.5440467191233694
5e-05,9.999999999999999e-06,7.140906446460917e-07,1.4968167873019863e-06,2.5053053544966897e-05,1e-09,1e-08,2.5053053544966897e-05,0.5010610708993379,0.0,0.0,0.13255858964638956,0.7264018683532177,0.2735981316467844,0.0,0.0,0.2735981316467844
5e-05,9.999999999999999e-06,7.072704475512081e-07,1.4891911608233393e-06,2.5180147319611015e-05,1e-09,1e-08,2.5180147319611015e-05,0.5036029463922203,0.0,0.0,0.05813513196011127,0.5247885601201432,0.4752114398798598,0.0,0.0,0.4752114398798598
5e-05,9.999999999999999e-06,7.076150211307523e-07,1.489798174304298e-06,2.5170030428261705e-05,1e-09,1e-08,2.5170030428261705e-05,0.503400608565234,0.0,0.0,0.06189519297598077,0.5408373393753073,0.4591626606246958,0.0,0.0,0.4591626606246958
5e-05,9.999999999999999e-06,7.276480770087801e-07,1.5039516752675576e-06,2.4934138745540707e-05,1e-09,1e-08,2.4934138745540707e-05,0.49868277491081414,0.0,0.0,0.2805002077172305,0.915040581597196,0.08495941840280302,0.0,0.0,0.08495941840280302
5e-05,9.999999999999999e-06,7.09979070590609e-07,1.4935126609556128e-06,2.510812231740646e-05,1e-09,1e-08,2.510812231740646e-05,0.5021624463481291,0.0,0.0,0.08769220917598257,0.6390443449578906,0.360955655042115,0.0,0.0,0.360955655042115
5e-05,9.999999999999999e-06,7.177684555231218e-07,1.502372563248118e-06,2.4960457279198036e-05,1e-09,1e-08,2.4960457279198036e-05,0.4992091455839607,0.0,0.0,0.17269165301344747,0.8732905694242541,0.12670943057574996,0.0,0.0,0.12670943057574996
5e-05,9.999999999999999e-06,7.081891170836912e-07,1.4905734691383808e-06,2.5157108847693655e-05,1e-09,1e-08,2.5157108847693655e-05,0.5031421769538731,0.0,0.0,0.06815985149933347,0.5613352954177592,0.438664704582242,0.0,0.0,0.438664704582242
5e-05,9.999999999999999e-06,7.083896555936854e-07,1.4888708933012932e-06,2.5185485111645113e-05,1e-09,1e-08,2.5185485111645113e-05,0.5037097022329022,0.0,0.0,0.07034817085512207,0.5163210335739478,0.48367896642605024,0.0,0.0,0.48367896642605024
5e-05,9.999999999999999e-06,7.085210499042205e-07,1.489684000024015e-06,2.5171933332933085e-05,1e-09,1e-08,2.5171933332933085e-05,0.5034386666586617,0.0,0.0,0.07178197383387458,0.5378186950150788,0.4621813049849212,0.0,0.0,0.4621813049849212
5e-05,9.999999999999999e-06,7.175018978953871e-07,1.502765435590688e-06,2.4953909406821867e-05,1e-09,1e-08,2.4953909406821867e-05,0.49907818813643734,0.0,0.0,0.169782918844526,0.8836776888197043,0.11632231118029591,0.0,0.0,0.11632231118029591
5e-05,9.999999999999999e-06,7.089408668227608e-07,1.4920101432971151e-06,2.5133164278381417e-05,1e-09,1e-08,2.5133164278381417e-05,0.5026632855676283,0.0,0.0,0.07636310634929845,0.599319404763591,0.40068059523641086,0.0,0.0,0.40068059523641086
5e-05,9.999999999999999e-06,7.087748291151001e-07,1.4907100621131698e-06,2.5154832298113838e-05,1e-09,1e-08,2.5154832298113838e-05,0.5030966459622768,0.0,0.0,0.07455126716950634,0.5649466657891928,0.4350533342108072,0.0,0.0,0.4350533342108072
5e-05,9.999999999999999e-06,7.070013018325514e-07,1.4890436702888476e-06,2.5182605495185875e-05,1e-09,1e-08,2.5182605495185875e-05,0.5036521099037174,0.0,0.0,0.055198155986364045,0.520889070068382,0.47911092993161913,0.0,0.0,0.47911092993161913
5e-05,9.999999999999999e-06,7.141633906524715e-07,1.4961171372832404e-06,2.5064714378612664e-05,1e-09,1e-08,2.5064714378612664e-05,0.5012942875722532,0.0,0.0,0.133352409715273,0.7079038793316349,0.2920961206683688,0.0,0.0,0.2920961206683688
5e-05,9.999999999999999e-06,7.162065972588354e-07,1.5011768974693097e-06,2.4980385042178173e-05,1e-09,1e-08,2.4980385042178173e-05,0.49960770084356343,0.0,0.0,0.15564831968642626,0.8416784607166419,0.15832153928335713,0.0,0.0,0.15832153928335713
5e-05,9.999999999999999e-06,7.069679188006716e-07,1.49000222175973e-06,2.5166629637337835e-05,1e-09,1e-08,2.5166629637337835e-05,0.5033325927467567,0.0,0.0,0.05483387316198554,0.5462321331855451,0.45376786681445425,0.0,0.0,0.45376786681445425
5e-05,9.999999999999999e-06,7.070686643764676e-07,1.4881051710450094e-06,2.5198247149249842e-05,1e-09,1e-08,2.5198247149249842e-05,0.5039649429849968,0.0,0.0,0.05593323055489127,0.49607616612477995,0.5039238338752168,0.0,0.0,0.5039238338752168
5e-05,9.999999999999999e-06,7.175160059668997e-07,1.5036810889286688e-06,2.4938648517855524e-05,1e-09,1e-08,2.4938648517855524e-05,0.49877297035711043,0.0,0.0,0.16993686915544007,0.9078865717464891,0.09211342825351462,0.0,0.0,0.09211342825351462
5e-05,9.999999999999999e-06,7.097324960268198e-07,1.4929720845057033e-06,2.5117131924904947e-05,1e-09,1e-08,2.5117131924904947e-05,0.5023426384980989,0.0,0.0,0.085001534499081,0.624752088875808,0.3752479111241938,0.0,0.0,0.3752479111241938
5e-05,9.999999999999999e-06,7.167340402174633e-07,1.502342509616396e-06,2.496095817306007e-05,1e-09,1e-08,2.496095817306007e-05,0.4992191634612013,0.0,0.0,0.16140389070105532,0.8724959839389986,0.12750401606100079,0.0,0.0,0.12750401606100079
5e-05,9.999999999999999e-06,7.072885065935881e-07,1.4909161611368797e-06,2.5151397314385338e-05,1e-09,1e-08,2.5151397314385338e-05,0.5030279462877068,0.0,0.0,0.05833219611496251,0.5703957008435745,0.4296042991564237,0.0,0.0,0.4296042991564237
5e-05,9.999999999999999e-06,7.081460987772061e-07,1.4900882706690113e-06,2.5165195488849813e-05,1e-09,1e-08,2.5165195488849813e-05,0.5033039097769962,0.0,0.0,0.06769042648596689,0.5485071731863438,0.4514928268136569,0.0,0.0,0.4514928268136569
5e-05,9.999999999999999e-06,7.935833418520448e-07,1.5071650980136092e-06,2.488058169977318e-05,1e-09,1e-08,2.488058169977318e-05,0.4976116339954636,0.0,0.0,1.0,1.0,0.0,0.0,0.0,0.0
5e-05,9.999999999999999e-06,7.040436910985224e-07,1.4940411295800397e-06,2.509931450699934e-05,1e-09,1e-08,2.509931450699934e-05,0.5019862901399867,0.0,0.0,0.022924071490826835,0.653016483242718,0.34698351675728273,0.0,0.0,0.34698351675728273
5e-05,9.999999999999999e-06,7.080310242526795e-07,1.4887296113740074e-06,2.5187839810433212e-05,1e-09,1e-08,2.5187839810433212e-05,0.5037567962086642,0.0,0.0,0.06643470852243508,0.5125856923749776,0.4874143076250236,0.0,0.0,0.4874143076250236
5e-05,9.999999999999999e-06,7.14270878026582e-07,1.497466653746778e-06,2.5042222437553703e-05,1e-09,1e-08,2.5042222437553703e-05,0.500844448751074,0.0,0.0,0.13452533506150993,0.7435836335774919,0.2564163664225106,0.0,0.0,0.2564163664225106
5e-05,9.999999999999999e-06,7.049941770213132e-07,1.4876834298277258e-06,2.5205276169537905e-05,1e-09,1e-08,2.5205276169537905e-05,0.5041055233907581,0.0,0.0,0.03329597832461854,0.48492578493670363,0.5150742150632965,0.0,0.0,0.5150742150632965
5e-05,9.999999999999999e-06,7.054850204215706e-07,1.4859129108513988e-06,2.5234784819143355e-05,1e-09,1e-08,2.5234784819143355e-05,0.504695696382867,0.0,0.0,0.03865216708594411,0.43811518004984534,0.5618848199501559,0.0,0.0,0.5618848199501559
5e-05,9.999999999999999e-06,7.054108333328613e-07,1.4863748855791333e-06,2.522708524034778e-05,1e-09,1e-08,2.522708524034778e-05,0.5045417048069556,0.0,0.0,0.037842621616713146,0.4503292916955474,0.5496707083044544,0.0,0.0,0.5496707083044544
5e-05,9.999999999999999e-06,7.122147588220224e-07,1.486728645304862e-06,2.522118924491897e-05,1e-09,1e-08,2.522118924491897e-05,0.5044237848983794,0.0,0.0,0.11208852004141548,0.45968231584687286,0.5403176841531258,0.0,0.0,0.5403176841531258
5e-05,9.999999999999999e-06,7.049987525187475e-07,1.4870368554358104e-06,2.5216052409403163e-05,1e-09,1e-08,2.5216052409403163e-05,0.5043210481880632,0.0,0.0,0.03334590713678552,0.467831058026348,0.5321689419736542,0.0,0.0,0.5321689419736542
5e-05,9.999999999999999e-06,7.049156110588228e-07,1.4852807706073774e-06,2.5245320489877045e-05,1e-09,1e-08,2.5245320489877045e-05,0.5049064097975409,0.0,0.0,0.03243864964281672,0.42140207638271654,0.578597923617283,0.0,0.0,0.578597923617283
5e-05,9.999999999999999e-06,7.05006263164023e-07,1.4840007080492197e-06,2.526665486584634e-05,1e-09,1e-08,2.526665486584634e-05,0.5053330973169268,0.0,0.0,0.033427864913530884,0.3875586082010383,0.6124413917989623,0.0,0.0,0.6124413917989623
5e-05,9.999999999999999e-06,7.046695715210503e-07,1.4832427689398036e-06,2.5279287184336607e-05,1e-09,1e-08,2.5279287184336607e-05,0.5055857436867321,0.0,0.0,0.029753813284890004,0.3675195187286496,0.6324804812713486,0.0,0.0,0.6324804812713486
5e-05,9.999999999999999e-06,7.109410775717606e-07,1.4845802021927024e-06,2.5256996630121628e-05,1e-09,1e-08,2.5256996630121628e-05,0.5051399326024325,0.0,0.0,0.09818983627672198,0.4028798059670703,0.5971201940329307,0.0,0.0,0.5971201940329307
5e-05,9.999999999999999e-06,7.029809805886897e-07,1.4859866481544807e-06,2.523355586409199e-05,1e-09,1e-08,2.523355586409199e-05,0.5046711172818398,0.0,0.0,0.011327545824343357,0.4400647145118529,0.5599352854881473,0.0,0.0,0.5599352854881473
5e-05,9.999999999999999e-06,7.107526166154798e-07,1.4829712882473142e-06,2.5283811862544763e-05,1e-09,1e-08,2.5283811862544763e-05,0.5056762372508953,0.0,0.0,0.09613330978487006,0.3603418631370139,0.6396581368629848,0.0,0.0,0.6396581368629848
5e-05,9.999999999999999e-06,7.033629585678922e-07,1.4871129825887468e-06,2.5214783623520886e-05,1e-09,1e-08,2.5214783623520886e-05,0.5042956724704177,0.0,0.0,0.015495771694764501,0.46984377753114465,0.530156222468852,0.0,0.0,0.530156222468852
5e-05,9.999999999999999e-06,7.113477045270935e-07,1.4871944334984424e-06,2.5213426108359295e-05,1e-09,1e-08,2.5213426108359295e-05,0.5042685221671859,0.0,0.0,0.1026270370765379,0.471997251400907,0.5280027485990936,0.0,0.0,0.5280027485990936
5e-05,9.999999999999999e-06,7.110872741177383e-07,1.4909411561496879e-06,2.5150980730838535e-05,1e-09,1e-08,2.5150980730838535e-05,0.5030196146167707,0.0,0.0,0.09978516443250436,0.5710565419214434,0.4289434580785539,0.0,0.0,0.4289434580785539
5e-05,9.999999999999999e-06,7.02888371732513e-07,1.4865005420131436e-06,2.522499096644761e-05,1e-09,1e-08,2.522499096644761e-05,0.5044998193289522,0.0,0.0,0.01031697806608666,0.4536515117692056,0.5463484882307977,0.0,0.0,0.5463484882307977
5e-05,9.999999999999999e-06,7.037321462365311e-07,1.4849449032020437e-06,2.525091827996594e-05,1e-09,1e-08,2.525091827996594e-05,0.5050183655993188,0.0,0.0,0.01952442694519023,0.41252210581156556,0.587477894188435,0.0,0.0,0.587477894188435
5e-05,9.999999999999999e-06,7.093518122061494e-07,1.4816001541116487e-06,2.5306664098139186e-05,1e-09,1e-08,2.5306664098139186e-05,0.5061332819627837,0.0,0.0,0.0808474307649285,0.32409056104440764,0.675909438955589,0.0,0.0,0.675909438955589
5e-05,9.999999999999999e-06,7.114941396910821e-07,1.4873367417431697e-06,2.5211054304280507e-05,1e-09,1e-08,2.5211054304280507e-05,0.5042210860856101,0.0,0.0,0.10422496908338091,0.47575972732188787,0.5242402726781127,0.0,0.0,0.5242402726781127
5e-05,9.999999999999999e-06,7.122997641563416e-07,1.4896341555101826e-06,2.517276407483029e-05,1e-09,1e-08,2.517276407483029e-05,0.5034552814966058,0.0,0.0,0.11301611653368651,0.5365008600333686,0.46349913996663034,0.0,0.0,0.46349913996663034
5e-05,9.999999999999999e-06,7.04009361736098e-07,1.4879919329876912e-06,2.520013445020515e-05,1e-09,1e-08,2.520013445020515e-05,0.5040026890041029,0.0,0.0,0.02254946210399524,0.49308227448613906,0.5069177255138628,0.0,0.0,0.5069177255138628
5e-05,9.999999999999999e-06,7.04804651198319e-07,1.485059824188502e-06,2.5249002930191634e-05,1e-09,1e-08,2.5249002930191634e-05,0.5049800586038327,0.0,0.0,0.031227831778143218,0.41556049227465097,0.5844395077253489,0.0,0.0,0.5844395077253489
5e-05,9.999999999999999e-06,7.105534051938713e-07,1.479085758238115e-06,2.5348570696031416e-05,1e-09,1e-08,2.5348570696031416e-05,0.5069714139206283,0.0,0.0,0.09395947190299693,0.2576126563515658,0.7423873436484343,0.0,0.0,0.7423873436484343
5e-05,9.999999999999999e-06,7.02728676356224e-07,1.4856751728268373e-06,2.5238747119552715e-05,1e-09,1e-08,2.5238747119552715e-05,0.5047749423910542,0.0,0.0,0.00857434777042323,0.4318296440668202,0.5681703559331837,0.0,0.0,0.5681703559331837
5e-05,9.999999999999999e-06,7.103217891850905e-07,1.4846013281949288e-06,2.5256644530084523e-05,1e-09,1e-08,2.5256644530084523e-05,0.5051328906016904,0.0,0.0,0.09143202819585038,0.40343835459393146,0.5965616454060728,0.0,0.0,0.5965616454060728
5e-05,9.999999999999999e-06,7.03817184317788e-07,1.4880364327926528e-06,2.519939278678912e-05,1e-09,1e-08,2.519939278678912e-05,0.5039878557357824,0.0,0.0,0.020452380779090257,0.4942588011517398,0.5057411988482596,0.0,0.0,0.5057411988482596
5e-05,9.999999999999999e-06,7.045740297733813e-07,1.4868511132479337e-06,2.521914811253444e-05,1e-09,1e-08,2.521914811253444e-05,0.5043829622506888,0.0,0.0,0.02871124118382195,0.46292023567212703,0.5370797643278743,0.0,0.0,0.5370797643278743
5e-05,9.999999999999999e-06,7.032885912861326e-07,1.4851501957708822e-06,2.5247496737151965e-05,1e-09,1e-08,2.5247496737151965e-05,0.5049499347430393,0.0,0.0,0.014684259920210553,0.4179498190722515,0.5820501809277493,0.0,0.0,0.5820501809277493
5e-05,9.999999999999999e-06,7.101886621584867e-07,1.4721495075630215e-06,2.5464174873949643e-05,1e-09,1e-08,2.5464174873949643e-05,0.5092834974789928,0.0,0.0,0.08997931744665773,0.07422569801373281,0.9257743019862686,0.0,0.0,0.9257743019862686
5e-05,9.999999999999999e-06,7.096717780921848e-07,1.4799903160513972e-06,2.5333494732476716e-05,1e-09,1e-08,2.5333494732476716e-05,0.5066698946495343,0.0,0.0,0.08433896733624963,0.2815281856178546,0.7184718143821467,0.0,0.0,0.7184718143821467
5e-05,9.999999999999999e-06,7.030842280722078e-07,1.4863780117644341e-06,2.522703313725943e-05,1e-09,1e-08,2.522703313725943e-05,0.5045406627451886,0.0,0.0,0.012454204572459058,0.4504119446503466,0.5495880553496507,0.0,0.0,0.5495880553496507
5e-05,9.999999999999999e-06,7.036868971962475e-07,1.4829225582884405e-06,2.5284624028525994e-05,1e-09,1e-08,2.5284624028525994e-05,0.5056924805705199,0.0,0.0,0.0190306596847964,0.3590534957817404,0.6409465042182598,0.0,0.0,0.6409465042182598
5e-05,9.999999999999999e-06,7.089602462377166e-07,1.4775184200148853e-06,2.5374692999751915e-05,1e-09,1e-08,2.5374692999751915e-05,0.5074938599950383,0.0,0.0,0.07657457869370203,0.2161739306035431,0.7838260693964596,0.0,0.0,0.7838260693964596
5e-05,9.999999999999999e-06,7.103216180902905e-07,1.488541752074092e-06,2.5190970798765135e-05,1e-09,1e-08,2.5190970798765135e-05,0.5038194159753027,0.0,0.0,0.09143016117259102,0.5076188958705389,0.49238110412946057,0.0,0.0,0.49238110412946057
5e-05,9.999999999999999e-06,7.033053875056794e-07,1.487293333266636e-06,2.52117777788894e-05,1e-09,1e-08,2.52117777788894e-05,0.504235555577788,0.0,0.0,0.014867543880679214,0.47461205419839886,0.5253879458015984,0.0,0.0,0.5253879458015984
5e-05,9.999999999999999e-06,7.044010478170941e-07,1.4869796292665634e-06,2.5217006178890613e-05,1e-09,1e-08,2.5217006178890613e-05,0.5043401235778122,0.0,0.0,0.02682362486934775,0.46631806006720355,0.5336819399327998,0.0,0.0,0.5336819399327998
5e-05,9.999999999999999e-06,7.038911393562191e-07,1.486370661291219e-06,2.522715564514635e-05,1e-09,1e-08,2.522715564514635e-05,0.504543112902927,0.0,0.0,0.021259394065771865,0.45021760609650907,0.54978239390349,0.0,0.0,0.54978239390349
5e-05,9.999999999999999e-06,7.033685855148835e-07,1.4847542042662312e-06,2.5254096595562816e-05,1e-09,1e-08,2.5254096595562816e-05,0.5050819319112563,0.0,0.0,0.015557174150658708,0.4074802324083311,0.5925197675916712,0.0,0.0,0.5925197675916712
5e-05,9.999999999999999e-06,7.030908969653195e-07,1.4846602207232019e-06,2.5255662987946638e-05,1e-09,1e-08,2.5255662987946638e-05,0.5051132597589327,0.0,0.0,0.012526976968536108,0.4049954092816457,0.5950045907183569,0.0,0.0,0.5950045907183569
5e-05,9.999999999999999e-06,7.096494247570162e-07,1.48529357362065e-06,2.5245107106322502e-05,1e-09,1e-08,2.5245107106322502e-05,0.50490214212645,0.0,0.0,0.08409504293481043,0.4217405741924975,0.5782594258075017,0.0,0.0,0.5782594258075017
5e-05,9.999999999999999e-06,7.038780789623615e-07,1.4809732611681974e-06,2.5317112313863378e-05,1e-09,1e-08,2.5317112313863378e-05,0.5063422462772675,0.0,0.0,0.021116876238779277,0.3075161903233788,0.6924838096766219,0.0,0.0,0.6924838096766219
5e-05,9.999999999999999e-06,7.036759953813443e-07,1.4803478485899624e-06,2.5327535856833962e-05,1e-09,1e-08,2.5327535856833962e-05,0.5065507171366792,0.0,0.0,0.0189116967356518,0.29098095885595654,0.7090190411440465,0.0,0.0,0.7090190411440465
5e-05,9.999999999999999e-06,7.094426370331095e-07,1.4810795830774316e-06,2.531534028204281e-05,1e-09,1e-08,2.531534028204281e-05,0.5063068056408562,0.0,0.0,0.08183853081263746,0.31032722649442324,0.689672773505578,0.0,0.0,0.689672773505578
5e-05,9.999999999999999e-06,7.024503417082934e-07,1.484496002555563e-06,2.5258399957407286e-05,1e-09,1e-08,2.5258399957407286e-05,0.5051679991481457,0.0,0.0,0.005537100223952241,0.40065365871959646,0.5993463412804061,0.0,0.0,0.5993463412804061
5e-05,9.999999999999999e-06,7.103495058756013e-07,1.481590244325182e-06,2.5306829261246966e-05,1e-09,1e-08,2.5306829261246966e-05,0.5061365852249393,0.0,0.0,0.09173447868441138,0.3238285570190282,0.6761714429809687,0.0,0.0,0.6761714429809687
5e-05,9.999999999999999e-06,7.099393517689804e-07,1.4810173918393086e-06,2.5316376802678194e-05,1e-09,1e-08,2.5316376802678194e-05,0.5063275360535638,0.0,0.0,0.08725878885107102,0.3086829574896156,0.6913170425103892,0.0,0.0,0.6913170425103892
5e-05,9.999999999999999e-06,7.026074247954297e-07,1.4855564562400485e-06,2.5240725729332527e-05,1e-09,1e-08,2.5240725729332527e-05,0.5048145145866505,0.0,0.0,0.007251224658491849,0.42869090604029275,0.5713090939597102,0.0,0.0,0.5713090939597102
5e-05,9.999999999999999e-06,7.036631898188261e-07,1.484199600924697e-06,2.5263339984588387e-05,1e-09,1e-08,2.5263339984588387e-05,0.5052667996917677,0.0,0.0,0.01877195968304764,0.39281712049786116,0.6071828795021401,0.0,0.0,0.6071828795021401
5e-05,9.999999999999999e-06,7.039929313620076e-07,1.4839897950382088e-06,2.5266836749363186e-05,1e-09,1e-08,2.5266836749363186e-05,0.5053367349872637,0.0,0.0,0.02237017032783767,0.38727008000485014,0.6127299199951484,0.0,0.0,0.6127299199951484
5e-05,9.999999999999999e-06,7.110386599666123e-07,1.4893169526117483e-06,2.5178050789804198e-05,1e-09,1e-08,2.5178050789804198e-05,0.5035610157960839,0.0,0.0,0.09925467635878094,0.5281143588175635,0.47188564118244014,0.0,0.0,0.47188564118244014
5e-05,9.999999999999999e-06,7.046110043620439e-07,1.485467806986901e-06,2.5242203216884987e-05,1e-09,1e-08,2.5242203216884987e-05,0.5048440643376997,0.0,0.0,0.02911471584833868,0.4263471157629302,0.5736528842370756,0.0,0.0,0.5736528842370756
5e-05,9.999999999999999e-06,7.117007933762933e-07,1.4904274627130228e-06,2.515954228811629e-05,1e-09,1e-08,2.515954228811629e-05,0.5031908457623258,0.0,0.0,0.10648001854647769,0.5574750436047271,0.44252495639527534,0.0,0.0,0.44252495639527534
5e-05,9.999999999999999e-06,7.121058620339226e-07,1.487754459469114e-06,2.5204092342181435e-05,1e-09,1e-08,2.5204092342181435e-05,0.5040818468436287,0.0,0.0,0.11090021486657023,0.4868037317549734,0.5131962682450281,0.0,0.0,0.5131962682450281
5e-05,9.999999999999999e-06,7.119468715603085e-07,1.4842033864377173e-06,2.5263276892704713e-05,1e-09,1e-08,2.5263276892704713e-05,0.5052655378540942,0.0,0.0,0.10916527662051569,0.39291720536374586,0.6070827946362554,0.0,0.0,0.6070827946362554
5e-05,9.999999999999999e-06,7.051736307798757e-07,1.48861885496975e-06,2.5189685750504167e-05,1e-09,1e-08,2.5189685750504167e-05,0.5037937150100833,0.0,0.0,0.03525421633756959,0.509657412956513,0.4903425870434873,0.0,0.0,0.4903425870434873
5e-05,9.999999999999999e-06,7.0537218333445e-07,1.4877688478513127e-06,2.5203852535811456e-05,1e-09,1e-08,2.5203852535811456e-05,0.5040770507162291,0.0,0.0,0.03742086452064679,0.48718414500276763,0.5128158549972335,0.0,0.0,0.5128158549972335
5e-05,9.999999999999999e-06,7.049824359598915e-07,1.4883445033283699e-06,2.5194258277860504e-05,1e-09,1e-08,2.5194258277860504e-05,0.5038851655572101,0.0,0.0,0.03316785733694636,0.5024038525844288,0.49759614741557207,0.0,0.0,0.49759614741557207
5e-05,9.999999999999999e-06,7.049729393422441e-07,1.4883077777502691e-06,2.519487037082885e-05,1e-09,1e-08,2.519487037082885e-05,0.503897407416577,0.0,0.0,0.03306422820250816,0.5014328680602853,0.4985671319397139,0.0,0.0,0.4985671319397139
5e-05,9.999999999999999e-06,7.044952350808304e-07,1.4880556971246518e-06,2.519907171458914e-05,1e-09,1e-08,2.519907171458914e-05,0.5039814342917828,0.0,0.0,0.027851416550400986,0.49476812923332053,0.5052318707666814,0.0,0.0,0.5052318707666814
5e-05,9.999999999999999e-06,7.048919528848627e-07,1.4877815624746019e-06,2.5203640625423304e-05,1e-09,1e-08,2.5203640625423304e-05,0.504072812508466,0.0,0.0,0.03218048655981994,0.4875203058770828,0.512479694122918,0.0,0.0,0.512479694122918
5e-05,9.999999999999999e-06,7.048718340565187e-07,1.4879934006013646e-06,2.520010998997726e-05,1e-09,1e-08,2.520010998997726e-05,0.5040021997995452,0.0,0.0,0.031960945577481546,0.4931210766027557,0.5068789233972455,0.0,0.0,0.5068789233972455
5e-05,9.999999999999999e-06,7.045778310060326e-07,1.4879580573723686e-06,2.5200699043793858e-05,1e-09,1e-08,2.5200699043793858e-05,0.5040139808758771,0.0,0.0,0.02875272105213698,0.49218663989234623,0.5078133601076534,0.0,0.0,0.5078133601076534
5e-05,9.999999999999999e-06,7.046586014184868e-07,1.4882574341819456e-06,2.5195709430300907e-05,1e-09,1e-08,2.5195709430300907e-05,0.5039141886060181,0.0,0.0,0.02963410516610836,0.5001018386181296,0.49989816138186977,0.0,0.0,0.49989816138186977
5e-05,9.999999999999999e-06,7.049359010729796e-07,1.4887446497127023e-06,2.518758917145496e-05,1e-09,1e-08,2.518758917145496e-05,0.5037517834290992,0.0,0.0,0.032660058641566195,0.512983289768858,0.4870167102311403,0.0,0.0,0.4870167102311403
5e-05,9.999999999999999e-06,7.10736118016838e-07,1.4912303585256731e-06,2.5146160691238784e-05,1e-09,1e-08,2.5146160691238784e-05,0.5029232138247757,0.0,0.0,0.09595327352773367,0.5787027396383811,0.42129726036162124,0.0,0.0,0.42129726036162124
5e-05,9.999999999999999e-06,7.043816900433372e-07,1.4897596433458886e-06,2.517067261090186e-05,1e-09,1e-08,2.517067261090186e-05,0.5034134522180371,0.0,0.0,0.026612388678361857,0.5398186225503953,0.46018137744960597,0.0,0.0,0.46018137744960597
5e-05,9.999999999999999e-06,7.050452824490146e-07,1.4895959632088639e-06,2.5173400613185604e-05,1e-09,1e-08,2.5173400613185604e-05,0.5034680122637121,0.0,0.0,0.0338536517441921,0.5354910969352867,0.46450890306471515,0.0,0.0,0.46450890306471515
5e-05,9.999999999999999e-06,7.107072229644018e-07,1.4907911713798812e-06,2.5153480477001984e-05,1e-09,1e-08,2.5153480477001984e-05,0.5030696095400397,0.0,0.0,0.09563796450038284,0.56709110698833,0.4329088930116736,0.0,0.0,0.4329088930116736
5e-05,9.999999999999999e-06,7.117710268166712e-07,1.4911192415026275e-06,2.5148012641622877e-05,1e-09,1e-08,2.5148012641622877e-05,0.5029602528324575,0.0,0.0,0.10724642095470784,0.5757649258495765,0.42423507415042344,0.0,0.0,0.42423507415042344
5e-05,9.999999999999999e-06,7.02888371732513e-07,1.48861965802402e-06,2.5189672366266337e-05,1e-09,1e-08,2.5189672366266337e-05,0.5037934473253267,0.0,0.0,0.01031697806608666,0.5096786448419842,0.4903213551580179,0.0,0.0,0.4903213551580179
5e-05,9.999999999999999e-06,7.042357950066957e-07,1.4871488705277743e-06,2.5214185491203763e-05,1e-09,1e-08,2.5214185491203763e-05,0.5042837098240752,0.0,0.0,0.02502035065730899,0.4707926157850603,0.5292073842149405,0.0,0.0,0.5292073842149405
5e-05,9.999999999999999e-06,7.035669662024147e-07,1.4871452215616474e-06,2.5214246307305877e-05,1e-09,1e-08,2.5214246307305877e-05,0.5042849261461175,0.0,0.0,0.01772194688359474,0.4706961410712065,0.529303858928791,0.0,0.0,0.529303858928791
5e-05,9.999999999999999e-06,7.03945540149789e-07,1.4876684682290391e-06,2.5205525529516016e-05,1e-09,1e-08,2.5205525529516016e-05,0.5041105105903203,0.0,0.0,0.02185302722651829,0.4845302164655598,0.5154697835344403,0.0,0.0,0.5154697835344403
5e-05,9.999999999999999e-06,7.037462480036538e-07,1.4870269077943782e-06,2.5216218203427034e-05,1e-09,1e-08,2.5216218203427034e-05,0.5043243640685406,0.0,0.0,0.019678308461245797,0.4675680531566659,0.5324319468433393,0.0,0.0,0.5324319468433393
5e-05,9.999999999999999e-06,7.032882449673252e-07,1.4861049304863148e-06,2.5231584491894754e-05,1e-09,1e-08,2.5231584491894754e-05,0.5046316898378951,0.0,0.0,0.014680480814892824,0.4431919713075235,0.5568080286924751,0.0,0.0,0.5568080286924751
5e-05,9.999999999999999e-06,7.03018574451562e-07,1.4862521639799598e-06,2.5229130600334006e-05,1e-09,1e-08,2.5229130600334006e-05,0.5045826120066801,0.0,0.0,0.011737778142238598,0.44708466547758346,0.552915334522419,0.0,0.0,0.552915334522419
5e-05,9.999999999999999e-06,7.027886429714018e-07,1.486544325114317e-06,2.5224261248094715e-05,1e-09,1e-08,2.5224261248094715e-05,0.5044852249618943,0.0,0.0,0.009228716373733207,0.45480908956258664,0.5451909104374117,0.0,0.0,0.5451909104374117
5e-05,9.999999999999999e-06,7.039860131733348e-07,1.487718292711054e-06,2.5204695121482437e-05,1e-09,1e-08,2.5204695121482437e-05,0.5040939024296487,0.0,0.0,0.022294677564975943,0.4858475218277003,0.514152478172301,0.0,0.0,0.514152478172301
5e-05,9.999999999999999e-06,7.039129348687853e-07,1.4885066421164742e-06,2.5191555964725432e-05,1e-09,1e-08,2.5191555964725432e-05,0.5038311192945086,0.0,0.0,0.021497231386990154,0.5066906266028194,0.49330937339718256,0.0,0.0,0.49330937339718256
5e-05,9.999999999999999e-06,7.042051075243054e-07,1.4884058963462696e-06,2.519323506089551e-05,1e-09,1e-08,2.519323506089551e-05,0.5038647012179102,0.0,0.0,0.024685482248757485,0.5040270175107257,0.4959729824892778,0.0,0.0,0.4959729824892778
5e-05,9.999999999999999e-06,7.031245001183619e-07,1.487278527132426e-06,2.52120245477929e-05,1e-09,1e-08,2.52120245477929e-05,0.504240490955858,0.0,0.0,0.012893661802387912,0.4742205960397056,0.5257794039602957,0.0,0.0,0.5257794039602957
5e-05,9.999999999999999e-06,7.034170616168466e-07,1.4869250246699406e-06,2.521791625550099e-05,1e-09,1e-08,2.521791625550099e-05,0.5043583251100198,0.0,0.0,0.016086155802223806,0.46487437365000533,0.5351256263499913,0.0,0.0,0.5351256263499913
5e-05,9.999999999999999e-06,7.035936196314196e-07,1.4870166596275806e-06,2.521638900620699e-05,1e-09,1e-08,2.521638900620699e-05,0.5043277801241398,0.0,0.0,0.018012794833902786,0.46729710272168445,0.5327028972783143,0.0,0.0,0.5327028972783143
5e-05,9.999999999999999e-06,7.033488476814808e-07,1.486254459977443e-06,2.5229092333709287e-05,1e-09,1e-08,2.5229092333709287e-05,0.5045818466741857,0.0,0.0,0.015341790667069834,0.4471453691652819,0.5528546308347203,0.0,0.0,0.5528546308347203
5e-05,9.999999999999999e-06,7.083560083964926e-07,1.4727281222081906e-06,2.545453129653016e-05,1e-09,1e-08,2.545453129653016e-05,0.5090906259306032,0.0,0.0,0.06998100540202656,0.08952364279653885,0.910476357203467,0.0,0.0,0.910476357203467
5e-05,9.999999999999999e-06,7.020506852891169e-07,1.4849106726612068e-06,2.525148878897989e-05,1e-09,1e-08,2.525148878897989e-05,0.5050297757795977,0.0,0.0,0.0011759634139987052,0.4116170873714317,0.5883829126285681,0.0,0.0,0.5883829126285681
5e-05,9.999999999999999e-06,7.029115902758589e-07,1.4840806062648654e-06,2.5265323228918914e-05,1e-09,1e-08,2.5265323228918914e-05,0.5053064645783782,0.0,0.0,0.010570343805258791,0.38967103052113766,0.6103289694788661,0.0,0.0,0.6103289694788661
5e-05,9.999999999999999e-06,7.030790314802036e-07,1.4850815937887175e-06,2.5248640103521375e-05,1e-09,1e-08,2.5248640103521375e-05,0.5049728020704275,0.0,0.0,0.012397498242750347,0.4161360569355535,0.5838639430644452,0.0,0.0,0.5838639430644452
5e-05,9.999999999999999e-06,7.09212291342409e-07,1.4820854705589924e-06,2.5298575490683463e-05,1e-09,1e-08,2.5298575490683463e-05,0.5059715098136692,0.0,0.0,0.0793249490896216,0.3369218024857319,0.6630781975142703,0.0,0.0,0.6630781975142703
5e-05,9.999999999999999e-06,7.098450942857539e-07,1.4874681159081773e-06,2.520886473486371e-05,1e-09,1e-08,2.520886473486371e-05,0.5041772946972742,0.0,0.0,0.08623023091983681,0.47923311801283147,0.5207668819871663,0.0,0.0,0.5207668819871663
5e-05,9.999999999999999e-06,7.031216421922233e-07,1.4884536251092588e-06,2.5192439581512357e-05,1e-09,1e-08,2.5192439581512357e-05,0.5038487916302471,0.0,0.0,0.01286247549763917,0.5052889143307534,0.4947110856692503,0.0,0.0,0.4947110856692503
5e-05,9.999999999999999e-06,7.089167702786894e-07,1.4842348425793888e-06,2.5262752623676854e-05,1e-09,1e-08,2.5262752623676854e-05,0.5052550524735371,0.0,0.0,0.07610015967735662,0.39374887169364053,0.6062511283063603,0.0,0.0,0.6062511283063603
5e-05,9.999999999999999e-06,7.028874187132159e-07,1.4863634086946779e-06,2.522727652175537e-05,1e-09,1e-08,2.522727652175537e-05,0.5045455304351074,0.0,0.0,0.010306578514527846,0.45002585529596195,0.5499741447040398,0.0,0.0,0.5499741447040398
5e-05,9.999999999999999e-06,7.095597458319327e-07,1.476708858174689e-06,2.538818569708852e-05,1e-09,1e-08,2.538818569708852e-05,0.5077637139417703,0.0,0.0,0.08311644721485563,0.1947699920185288,0.8052300079814755,0.0,0.0,0.8052300079814755
5e-05,9.999999999999999e-06,7.023656279331034e-07,1.4845494786077337e-06,2.5257508689871105e-05,1e-09,1e-08,2.5257508689871105e-05,0.5051501737974221,0.0,0.0,0.004612685287611788,0.4020675076432967,0.5979324923567021,0.0,0.0,0.5979324923567021
5e-05,9.999999999999999e-06,7.095726803232134e-07,1.4784094277260249e-06,2.5359842871232918e-05,1e-09,1e-08,2.5359842871232918e-05,0.5071968574246584,0.0,0.0,0.08325759116584873,0.23973120983916396,0.7602687901608333,0.0,0.0,0.7602687901608333
5e-05,9.999999999999999e-06,7.108439915245727e-07,1.4861633191000402e-06,2.5230611348332666e-05,1e-09,1e-08,2.5230611348332666e-05,0.5046122269666533,0.0,0.0,0.0971304124471335,0.44473570304015975,0.555264296959842,0.0,0.0,0.555264296959842
5e-05,9.999999999999999e-06,7.105814528375289e-07,1.4850317181653845e-06,2.524947136391026e-05,1e-09,1e-08,2.524947136391026e-05,0.5049894272782052,0.0,0.0,0.09426553382348238,0.41481739945232765,0.5851826005476738,0.0,0.0,0.5851826005476738
5e-05,9.999999999999999e-06,7.103275208316972e-07,1.485042025995595e-06,2.5249299566740085e-05,1e-09,1e-08,2.5249299566740085e-05,0.5049859913348017,0.0,0.0,0.09149457315646806,0.4150899273233498,0.58491007267665,0.0,0.0,0.58491007267665
5e-05,9.999999999999999e-06,7.032351692212854e-07,1.4881339582369544e-06,2.519776736271743e-05,1e-09,1e-08,2.519776736271743e-05,0.5039553472543485,0.0,0.0,0.01410130685780563,0.496837268313436,0.5031627316865663,0.0,0.0,0.5031627316865663
5e-05,9.999999999999999e-06,7.101979888910945e-07,1.4828670497823226e-06,2.5285549170294627e-05,1e-09,1e-08,2.5285549170294627e-05,0.5057109834058925,0.0,0.0,0.09008109275900351,0.35758591097610787,0.6424140890238965,0.0,0.0,0.6424140890238965
5e-05,9.999999999999999e-06,7.029424314154653e-07,1.48747220757504e-06,2.5208796540416003e-05,1e-09,1e-08,2.5208796540416003e-05,0.50417593080832,0.0,0.0,0.010906888954402828,0.4793412972548473,0.5206587027451528,0.0,0.0,0.5206587027451528
5e-05,9.999999999999999e-06,7.035556294781537e-07,1.484080511855719e-06,2.5265324802404685e-05,1e-09,1e-08,2.5265324802404685e-05,0.5053064960480936,0.0,0.0,0.01759823810999205,0.3896685344455222,0.6103314655544806,0.0,0.0,0.6103314655544806
5e-05,9.999999999999999e-06,7.096249293097116e-07,1.4720381397502158e-06,2.546603100416307e-05,1e-09,1e-08,2.546603100416307e-05,0.5093206200832614,0.0,0.0,0.08382774334498688,0.07128125361518987,0.9287187463848098,0.0,0.0,0.9287187463848098
5e-05,9.999999999999999e-06,7.021921742068571e-07,1.4839116015892204e-06,2.5268139973512994e-05,1e-09,1e-08,2.5268139973512994e-05,0.5053627994702599,0.0,0.0,0.002719920917868716,0.3852027298695061,0.6147972701304936,0.0,0.0,0.6147972701304936
5e-05,9.999999999999999e-06,7.038532547708138e-07,1.4803448200826016e-06,2.5327586331956643e-05,1e-09,1e-08,2.5327586331956643e-05,0.5065517266391328,0.0,0.0,0.020845989321064066,0.2909008884001404,0.709099111599863,0.0,0.0,0.709099111599863
5e-05,9.999999999999999e-06,7.031230278550992e-07,1.4815068327579716e-06,2.5308219454033812e-05,1e-09,1e-08,2.5308219454033812e-05,0.5061643890806762,0.0,0.0,0.012877596148990136,0.3216232454872762,0.67837675451273,0.0,0.0,0.67837675451273
5e-05,9.999999999999999e-06,7.030040222707611e-07,1.4808881062458726e-06,2.5318531562568793e-05,1e-09,1e-08,2.5318531562568793e-05,0.5063706312513758,0.0,0.0,0.011578981615245832,0.30526478636984034,0.6947352136301644,0.0,0.0,0.6947352136301644
5e-05,9.999999999999999e-06,7.030312207000912e-07,1.4812357261216281e-06,2.5312737897972865e-05,1e-09,1e-08,2.5312737897972865e-05,0.5062547579594573,0.0,0.0,0.011875776726328164,0.3144554795351667,0.6855445204648324,0.0,0.0,0.6855445204648324
5e-05,9.999999999999999e-06,7.030550399575317e-07,1.4832829312773206e-06,2.5278617812044658e-05,1e-09,1e-08,2.5278617812044658e-05,0.5055723562408931,0.0,0.0,0.012135697586910578,0.36858136745096115,0.631418632549038,0.0,0.0,0.631418632549038
5e-05,9.999999999999999e-06,7.031848597689532e-07,1.4838873082676398e-06,2.5268544862206005e-05,1e-09,1e-08,2.5268544862206005e-05,0.5053708972441201,0.0,0.0,0.013552319292669082,0.38456044074800794,0.6154395592519922,0.0,0.0,0.6154395592519922
5e-05,9.999999999999999e-06,7.102164707802229e-07,1.4801153509012344e-06,2.533141081831276e-05,1e-09,1e-08,2.533141081831276e-05,0.5066282163662552,0.0,0.0,0.09028277110852521,0.28483397167893415,0.7151660283210648,0.0,0.0,0.7151660283210648
5e-05,9.999999999999999e-06,7.105352761157759e-07,1.4817491240470148e-06,2.5304181265883085e-05,1e-09,1e-08,2.5304181265883085e-05,0.5060836253176617,0.0,0.0,0.09376164350335497,0.3280291648536189,0.6719708351463778,0.0,0.0,0.6719708351463778
5e-05,9.999999999999999e-06,7.121897749273103e-07,1.4906367027835551e-06,2.5156054953607417e-05,1e-09,1e-08,2.5156054953607417e-05,0.5031210990721483,0.0,0.0,0.11181589040841852,0.5630071245364465,0.43699287546355653,0.0,0.0,0.43699287546355653
5e-05,9.999999999999999e-06,7.11575495475472e-07,1.4899677727957247e-06,2.5167203786737923e-05,1e-09,1e-08,2.5167203786737923e-05,0.5033440757347585,0.0,0.0,0.10511274090182572,0.545321339873317,0.4546786601266833,0.0,0.0,0.4546786601266833
5e-05,9.999999999999999e-06,7.040653945296071e-07,1.4894367717164797e-06,2.517605380472534e-05,1e-09,1e-08,2.517605380472534e-05,0.5035210760945068,0.0,0.0,0.02316090399911261,0.531282246224856,0.4687177537751474,0.0,0.0,0.4687177537751474
5e-05,9.999999999999999e-06,7.13657716596414e-07,1.4945099728860956e-06,2.509150045189841e-05,1e-09,1e-08,2.509150045189841e-05,0.5018300090379681,0.0,0.0,0.12783438564786273,0.6654121926629918,0.334587807337008,0.0,0.0,0.334587807337008
5e-05,9.999999999999999e-06,7.050765305462443e-07,1.4892733706865162e-06,2.517877715522473e-05,1e-09,1e-08,2.517877715522473e-05,0.5035755431044946,0.0,0.0,0.034194637702456586,0.5269620998982715,0.4730379001017288,0.0,0.0,0.4730379001017288
5e-05,9.999999999999999e-06,7.153848349600796e-07,1.4997216012357895e-06,2.500463997940351e-05,1e-09,1e-08,2.500463997940351e-05,0.5000927995880702,0.0,0.0,0.14668107272584874,0.8032020038746083,0.196797996125393,0.0,0.0,0.196797996125393
5e-05,9.999999999999999e-06,7.271244968714541e-07,1.504685996158572e-06,2.49219000640238e-05,1e-09,1e-08,2.49219000640238e-05,0.498438001280476,0.0,0.0,0.2747867886395196,0.9344552309452354,0.06554476905476296,0.0,0.0,0.06554476905476296
5e-05,9.999999999999999e-06,7.053556182733144e-07,1.4920749643412222e-06,2.51320839276463e-05,1e-09,1e-08,2.51320839276463e-05,0.502641678552926,0.0,0.0,0.03724010301048254,0.6010332029914678,0.39896679700853505,0.0,0.0,0.39896679700853505
5e-05,9.999999999999999e-06,7.115600447347421e-07,1.4932686734629244e-06,2.511218877561793e-05,1e-09,1e-08,2.511218877561793e-05,0.5022437755123585,0.0,0.0,0.10494413909561139,0.63259357980356,0.36740642019644226,0.0,0.0,0.36740642019644226
5e-05,9.999999999999999e-06,7.365034251433572e-07,1.5058499893701373e-06,2.490250017716438e-05,1e-09,1e-08,2.490250017716438e-05,0.49805000354328754,0.0,0.0,0.3771316712984484,0.9652299512651544,0.034770048734843906,0.0,0.0,0.034770048734843906
5e-05,9.999999999999999e-06,7.049597301562786e-07,1.491487293951888e-06,2.51418784341352e-05,1e-09,1e-08,2.51418784341352e-05,0.502837568682704,0.0,0.0,0.03292008672402925,0.58549583413711,0.4145041658628895,0.0,0.0,0.4145041658628895
5e-05,9.999999999999999e-06,7.130667162339757e-07,1.494098300122077e-06,2.5098361664632053e-05,1e-09,1e-08,2.5098361664632053e-05,0.501967233292641,0.0,0.0,0.12138526257200624,0.6545280104786605,0.3454719895213393,0.0,0.0,0.3454719895213393
5e-05,9.999999999999999e-06,7.041015363259299e-07,1.4877420928361591e-06,2.5204298452730684e-05,1e-09,1e-08,2.5204298452730684e-05,0.5040859690546137,0.0,0.0,0.02355529105448876,0.486476771368346,0.5135232286316563,0.0,0.0,0.5135232286316563
5e-05,9.999999999999999e-06,7.042791869829002e-07,1.4866468616639374e-06,2.5222552305601044e-05,1e-09,1e-08,2.5222552305601044e-05,0.5044510461120209,0.0,0.0,0.025493853235027827,0.4575200449236498,0.5424799550763495,0.0,0.0,0.5424799550763495
5e-05,9.999999999999999e-06,7.043578376290737e-07,1.4870685460016955e-06,2.5215524233305076e-05,1e-09,1e-08,2.5215524233305076e-05,0.5043104846661015,0.0,0.0,0.026352106003395277,0.46866892227865115,0.531331077721349,0.0,0.0,0.531331077721349
5e-05,9.999999999999999e-06,7.045353249215256e-07,1.4876424347730359e-06,2.5205959420449405e-05,1e-09,1e-08,2.5205959420449405e-05,0.5041191884089881,0.0,0.0,0.028288885515171173,0.4838419200738795,0.5161580799261227,0.0,0.0,0.5161580799261227
5e-05,9.999999999999999e-06,7.038999614460345e-07,1.4883810341946158e-06,2.519364943008974e-05,1e-09,1e-08,2.519364943008974e-05,0.5038729886017947,0.0,0.0,0.02135566260742144,0.503369689137935,0.4966303108620689,0.0,0.0,0.4966303108620689
5e-05,9.999999999999999e-06,7.110406251170628e-07,1.4871567373443365e-06,2.5214054377594393e-05,1e-09,1e-08,2.5214054377594393e-05,0.5042810875518878,0.0,0.0,0.09927612050319046,0.47100060589797754,0.5289993941020223,0.0,0.0,0.5289993941020223
5e-05,9.999999999999999e-06,7.028583075692091e-07,1.4871864318023155e-06,2.521355946996141e-05,1e-09,1e-08,2.521355946996141e-05,0.5042711893992282,0.0,0.0,0.009988911449479044,0.4717856952183236,0.528214304781678,0.0,0.0,0.528214304781678
5e-05,9.999999999999999e-06,7.09923258023966e-07,1.4693420666597889e-06,2.5510965555670186e-05,1e-09,1e-08,2.5510965555670186e-05,0.5102193111134037,0.0,0.0,0.08708317044379744,0.0,1.0,0.0,0.0,1.0
5e-05,9.999999999999999e-06,7.028484302499136e-07,1.4861959850079155e-06,2.5230066916534746e-05,1e-09,1e-08,2.5230066916534746e-05,0.5046013383306949,0.0,0.0,0.009881128016768695,0.44559935427873343,0.5544006457212726,0.0,0.0,0.5544006457212726
5e-05,9.999999999999999e-06,7.033011452064417e-07,1.4824239414412964e-06,2.529293430931173e-05,1e-09,1e-08,2.529293430931173e-05,0.5058586861862345,0.0,0.0,0.014821250998901993,0.3458706061693338,0.6541293938306694,0.0,0.0,0.6541293938306694
5e-05,9.999999999999999e-06,7.094811047795639e-07,1.4758410772162777e-06,2.540264871306204e-05,1e-09,1e-08,2.540264871306204e-05,0.5080529742612407,0.0,0.0,0.0822582991361492,0.17182680297866765,0.8281731970213345,0.0,0.0,0.8281731970213345
5e-05,9.999999999999999e-06,7.031129817259827e-07,1.48436699620863e-06,2.5260550063189505e-05,1e-09,1e-08,2.5260550063189505e-05,0.50521100126379,0.0,0.0,0.012767970627203362,0.3972428705750338,0.6027571294249718,0.0,0.0,0.6027571294249718
5e-05,9.999999999999999e-06,7.039231404282811e-07,1.4820922553901918e-06,2.529846241016347e-05,1e-09,1e-08,2.529846241016347e-05,0.5059692482032694,0.0,0.0,0.021608596647367157,0.33710118607706635,0.662898813922934,0.0,0.0,0.662898813922934
5e-05,9.999999999999999e-06,7.113564148296265e-07,1.489487657742654e-06,2.51752057042891e-05,1e-09,1e-08,2.51752057042891e-05,0.503504114085782,0.0,0.0,0.10272208577131621,0.5326276176652964,0.4673723823347043,0.0,0.0,0.4673723823347043
5e-05,9.999999999999999e-06,7.035140019367089e-07,1.4862736342527613e-06,2.5228772762453978e-05,1e-09,1e-08,2.5228772762453978e-05,0.5045754552490795,0.0,0.0,0.017143989423891465,0.4476523162457273,0.5523476837542716,0.0,0.0,0.5523476837542716
5e-05,9.999999999999999e-06,7.107973228881343e-07,1.4838347927340823e-06,2.526942012109863e-05,1e-09,1e-08,2.526942012109863e-05,0.5053884024219726,0.0,0.0,0.09662115424815032,0.3831719868965372,0.6168280131034634,0.0,0.0,0.6168280131034634
5e-05,9.999999999999999e-06,7.096325521295752e-07,1.4827601180301973e-06,2.528733136616338e-05,1e-09,1e-08,2.528733136616338e-05,0.5057466273232676,0.0,0.0,0.08391092519496442,0.354758751219266,0.645241248780737,0.0,0.0,0.645241248780737
5e-05,9.999999999999999e-06,7.024528560577892e-07,1.4853347709117623e-06,2.5244420484803966e-05,1e-09,1e-08,2.5244420484803966e-05,0.5048884096960793,0.0,0.0,0.005564537346472737,0.4228297859673806,0.5771702140326235,0.0,0.0,0.5771702140326235
5e-05,9.999999999999999e-06,7.092421180259154e-07,1.4735339275741368e-06,2.544110120709772e-05,1e-09,1e-08,2.544110120709772e-05,0.5088220241419544,0.0,0.0,0.07965042427559961,0.11082826426931885,0.8891717357306828,0.0,0.0,0.8891717357306828
5e-05,9.999999999999999e-06,7.031848597689532e-07,1.4842683512862806e-06,2.5262194145228658e-05,1e-09,1e-08,2.5262194145228658e-05,0.5052438829045731,0.0,0.0,0.013552319292669082,0.39463480562575476,0.6053651943742455,0.0,0.0,0.6053651943742455
5e-05,9.999999999999999e-06,7.03322010100237e-07,1.4853041087751998e-06,2.524493152041334e-05,1e-09,1e-08,2.524493152041334e-05,0.5048986304082668,0.0,0.0,0.015048933207921299,0.4220191122729407,0.5779808877270625,0.0,0.0,0.5779808877270625
5e-05,9.999999999999999e-06,7.035002408385113e-07,1.483400107649821e-06,2.5276664872502987e-05,1e-09,1e-08,2.5276664872502987e-05,0.5055332974500597,0.0,0.0,0.016993825360422262,0.3716793838792117,0.6283206161207909,0.0,0.0,0.6283206161207909
5e-05,9.999999999999999e-06,7.098431250742325e-07,1.4720855239939027e-06,2.546524126676829e-05,1e-09,1e-08,2.546524126676829e-05,0.5093048253353658,0.0,0.0,0.08620874246014835,0.07253404171785693,0.9274659582821452,0.0,0.0,0.9274659582821452
5e-05,9.999999999999999e-06,7.022882738134639e-07,1.4841954779797335e-06,2.5263408700337776e-05,1e-09,1e-08,2.5263408700337776e-05,0.5052681740067555,0.0,0.0,0.003768580495659509,0.39270811429672253,0.6072918857032764,0.0,0.0,0.6072918857032764
5e-05,9.999999999999999e-06,7.03787772730493e-07,1.4812877623644965e-06,2.5311870627258393e-05,1e-09,1e-08,2.5311870627258393e-05,0.5062374125451679,0.0,0.0,0.020131435212256223,0.31583126145971896,0.6841687385402802,0.0,0.0,0.6841687385402802
5e-05,9.999999999999999e-06,7.034141185378959e-07,1.4821932239968342e-06,2.5296779600052767e-05,1e-09,1e-08,2.5296779600052767e-05,0.5059355920010553,0.0,0.0,0.016054040291673025,0.3397706867233221,0.6602293132766814,0.0,0.0,0.6602293132766814
5e-05,9.999999999999999e-06,7.032704958578444e-07,1.4834085872389001e-06,2.5276523546018333e-05,1e-09,1e-08,2.5276523546018333e-05,0.5055304709203666,0.0,0.0,0.01448679871450224,0.3719035750340626,0.6280964249659383,0.0,0.0,0.6280964249659383
5e-05,9.999999999999999e-06,7.104690830577295e-07,1.4793207127035154e-06,2.5344654788274745e-05,1e-09,1e-08,2.5344654788274745e-05,0.5068930957654949,0.0,0.0,0.09303933061618962,0.2638245980439808,0.7361754019560209,0.0,0.0,0.7361754019560209
5e-05,9.999999999999999e-06,7.04297251628077e-07,1.4830074394588316e-06,2.5283209342352808e-05,1e-09,1e-08,2.5283209342352808e-05,0.5056641868470562,0.0,0.0,0.025690978528803296,0.3612976620305304,0.6387023379694703,0.0,0.0,0.6387023379694703
5e-05,9.999999999999999e-06,7.104744711476896e-07,1.479229845961302e-06,2.53461692339783e-05,1e-09,1e-08,2.53461692339783e-05,0.506923384679566,0.0,0.0,0.09309812661278215,0.2614221797564736,0.7385778202435255,0.0,0.0,0.7385778202435255
5e-05,9.999999999999999e-06,7.039082644693368e-07,1.485545189290994e-06,2.5240913511816765e-05,1e-09,1e-08,2.5240913511816765e-05,0.5048182702363353,0.0,0.0,0.021446266983630197,0.42839302010542235,0.5716069798945745,0.0,0.0,0.5716069798945745
5e-05,9.999999999999999e-06,7.040135989691345e-07,1.4847516167521858e-06,2.5254139720796906e-05,1e-09,1e-08,2.5254139720796906e-05,0.5050827944159381,0.0,0.0,0.022595699702294657,0.40741182133833503,0.5925881786616668,0.0,0.0,0.5925881786616668
5e-05,9.999999999999999e-06,7.037773918216317e-07,1.484652340842133e-06,2.5255794319297787e-05,1e-09,1e-08,2.5255794319297787e-05,0.5051158863859557,0.0,0.0,0.02001815650188488,0.40478707375731304,0.5952129262426893,0.0,0.0,0.5952129262426893
5e-05,9.999999999999999e-06,7.042695926168614e-07,1.4848515784733494e-06,2.5252473692110843e-05,1e-09,1e-08,2.5252473692110843e-05,0.5050494738422169,0.0,0.0,0.02538915744911707,0.4100547010226339,0.5899452989773646,0.0,0.0,0.5899452989773646
5e-05,9.999999999999999e-06,7.039808244787764e-07,1.485672253537409e-06,2.5238795774376517e-05,1e-09,1e-08,2.5238795774376517e-05,0.5047759154875303,0.0,0.0,0.022238057413894854,0.43175246121489613,0.5682475387851028,0.0,0.0,0.5682475387851028
5e-05,9.999999999999999e-06,7.114350577870267e-07,1.4891099227814439e-06,2.518150128697594e-05,1e-09,1e-08,2.518150128697594e-05,0.5036300257395188,0.0,0.0,0.1035802546381352,0.5226407142445577,0.4773592857554477,0.0,0.0,0.4773592857554477
5e-05,9.999999999999999e-06,7.108652732238864e-07,1.4827313172724592e-06,2.5287811378792347e-05,1e-09,1e-08,2.5287811378792347e-05,0.5057562275758469,0.0,0.0,0.09736264292762108,0.35399729036572536,0.6460027096342722,0.0,0.0,0.6460027096342722
5e-05,9.999999999999999e-06,7.026433088193029e-07,1.4858209440691653e-06,2.5236317598847246e-05,1e-09,1e-08,2.5236317598847246e-05,0.5047263519769449,0.0,0.0,0.007642798845452988,0.4356836778951604,0.5643163221048398,0.0,0.0,0.5643163221048398
5e-05,9.999999999999999e-06,7.030876924416134e-07,1.4837637724467965e-06,2.5270603792553394e-05,1e-09,1e-08,2.5270603792553394e-05,0.5054120758510678,0.0,0.0,0.012492008516579126,0.38129428739060967,0.6187057126093922,0.0,0.0,0.6187057126093922
5e-05,9.999999999999999e-06,7.038534277652956e-07,1.4840067178986941e-06,2.5266554701688433e-05,1e-09,1e-08,2.5266554701688433e-05,0.5053310940337686,0.0,0.0,0.02084787707405946,0.3877175021145954,0.6122824978854062,0.0,0.0,0.6122824978854062
5e-05,9.999999999999999e-06,7.053621753323619e-07,1.484330501689781e-06,2.5261158305170317e-05,1e-09,1e-08,2.5261158305170317e-05,0.5052231661034063,0.0,0.0,0.03731165504919597,0.39627799500735095,0.6037220049926483,0.0,0.0,0.6037220049926483
5e-05,9.999999999999999e-06,7.093857446512983e-07,1.4812853469641354e-06,2.531191088393108e-05,1e-09,1e-08,2.531191088393108e-05,0.5062382176786215,0.0,0.0,0.08121770890507579,0.31576740088919747,0.6842325991108044,0.0,0.0,0.6842325991108044
5e-05,9.999999999999999e-06,7.025238603691264e-07,1.484146580258249e-06,2.526422366236252e-05,1e-09,1e-08,2.526422366236252e-05,0.5052844732472503,0.0,0.0,0.006339351664421289,0.39141531147964903,0.6085846885203546,0.0,0.0,0.6085846885203546
5e-05,9.999999999999999e-06,7.032487632984611e-07,1.4839561410226898e-06,2.526739764962184e-05,1e-09,1e-08,2.526739764962184e-05,0.5053479529924367,0.0,0.0,0.01424964835195799,0.38638030426994935,0.6136196957300535,0.0,0.0,0.6136196957300535
5e-05,9.999999999999999e-06,7.0367997543225e-07,1.4834873503877295e-06,2.5275210826871177e-05,1e-09,1e-08,2.5275210826871177e-05,0.5055042165374235,0.0,0.0,0.01895512790722258,0.3739859874164163,0.6260140125835838,0.0,0.0,0.6260140125835838
5e-05,9.999999999999999e-06,7.107527020992216e-07,1.4877206707693397e-06,2.5204655487177674e-05,1e-09,1e-08,2.5204655487177674e-05,0.5040931097435535,0.0,0.0,0.09613424260184858,0.485910395114178,0.5140896048858231,0.0,0.0,0.5140896048858231
5e-05,9.999999999999999e-06,7.032420961784977e-07,1.484022908393025e-06,2.526628486011625e-05,1e-09,1e-08,2.526628486011625e-05,0.505325697202325,0.0,0.0,0.014176895304856352,0.3881455612561109,0.6118544387438875,0.0,0.0,0.6118544387438875
5e-05,9.999999999999999e-06,7.109123636780623e-07,1.4877927100985286e-06,2.5203454831691193e-05,1e-09,1e-08,2.5203454831691193e-05,0.5040690966338238,0.0,0.0,0.0978765040924855,0.48781503698476164,0.5121849630152399,0.0,0.0,0.5121849630152399
5e-05,9.999999999999999e-06,7.041095771431413e-07,1.4856646740798892e-06,2.5238922098668517e-05,1e-09,1e-08,2.5238922098668517e-05,0.5047784419733703,0.0,0.0,0.023643034181435152,0.4315520685639494,0.5684479314360535,0.0,0.0,0.5684479314360535
5e-05,9.999999999999999e-06,7.104639514968705e-07,1.4797160513263763e-06,2.5338065811227064e-05,1e-09,1e-08,2.5338065811227064e-05,0.5067613162245412,0.0,0.0,0.09298333392032532,0.2742769232202106,0.7257230767797906,0.0,0.0,0.7257230767797906
5e-05,9.999999999999999e-06,7.032144744550805e-07,1.4835103999163234e-06,2.527482666806128e-05,1e-09,1e-08,2.527482666806128e-05,0.5054965333612256,0.0,0.0,0.013875481117646932,0.3745953919979351,0.62540460800207,0.0,0.0,0.62540460800207
5e-05,9.999999999999999e-06,7.10146903937578e-07,1.4771865023825844e-06,2.5380224960290262e-05,1e-09,1e-08,2.5380224960290262e-05,0.5076044992058052,0.0,0.0,0.08952364275813822,0.20739838775516883,0.7926016122448332,0.0,0.0,0.7926016122448332
5e-05,9.999999999999999e-06,7.097139987108422e-07,1.48052866881097e-06,2.5324522186483836e-05,1e-09,1e-08,2.5324522186483836e-05,0.5064904437296767,0.0,0.0,0.08479968780846281,0.2957616497349084,0.7042383502650925,0.0,0.0,0.7042383502650925
5e-05,9.999999999999999e-06,7.030363310939959e-07,1.4851951539038999e-06,2.5246747434935e-05,1e-09,1e-08,2.5246747434935e-05,0.5049349486987,0.0,0.0,0.011931542443834315,0.41913846343544636,0.5808615365645505,0.0,0.0,0.5808615365645505
5e-05,9.999999999999999e-06,7.035175503442019e-07,1.4853624439949738e-06,2.524395926675044e-05,1e-09,1e-08,2.524395926675044e-05,0.5048791853350088,0.0,0.0,0.017182710409698015,0.42356143232731147,0.5764385676726935,0.0,0.0,0.5764385676726935
5e-05,9.999999999999999e-06,7.135227209748538e-07,1.4956969564179605e-06,2.5071717393033993e-05,1e-09,1e-08,2.5071717393033993e-05,0.5014343478606799,0.0,0.0,0.1263612843885817,0.6967947521612272,0.30320524783877184,0.0,0.0,0.30320524783877184
5e-05,9.999999999999999e-06,7.125247076419265e-07,1.4941949284540427e-06,2.509675119243262e-05,1e-09,1e-08,2.509675119243262e-05,0.5019350238486524,0.0,0.0,0.11547074823249631,0.657082758961454,0.34291724103854293,0.0,0.0,0.34291724103854293
5e-05,9.999999999999999e-06,7.048981697231637e-07,1.486435901267627e-06,2.522606831220622e-05,1e-09,1e-08,2.522606831220622e-05,0.5045213662441244,0.0,0.0,0.032248326036569214,0.4519424804408637,0.5480575195591381,0.0,0.0,0.5480575195591381
5e-05,9.999999999999999e-06,7.054173897774944e-07,1.4854651856975653e-06,2.524224690504058e-05,1e-09,1e-08,2.524224690504058e-05,0.5048449381008115,0.0,0.0,0.037914166950805565,0.4262778117108246,0.5737221882891748,0.0,0.0,0.5737221882891748
5e-05,9.999999999999999e-06,7.052197154287809e-07,1.4854703912520555e-06,2.5242160145799077e-05,1e-09,1e-08,2.5242160145799077e-05,0.5048432029159815,0.0,0.0,0.035757101938977284,0.42641544093576544,0.5735845590642359,0.0,0.0,0.5735845590642359
5e-05,9.999999999999999e-06,7.126068552842639e-07,1.491268926532374e-06,2.5145517891127102e-05,1e-09,1e-08,2.5145517891127102e-05,0.502910357822542,0.0,0.0,0.11636716097518861,0.5797224359800102,0.4202775640199893,0.0,0.0,0.4202775640199893
5e-05,9.999999999999999e-06,7.04526080307283e-07,1.4864903974899383e-06,2.5225160041834362e-05,1e-09,1e-08,2.5225160041834362e-05,0.5045032008366872,0.0,0.0,0.02818800629608978,0.4533833015585983,0.5466166984414013,0.0,0.0,0.5466166984414013
5e-05,9.999999999999999e-06,7.052242891768401e-07,1.4859702740399507e-06,2.523382876600082e-05,1e-09,1e-08,2.523382876600082e-05,0.5046765753200164,0.0,0.0,0.03580701166158767,0.43963180065106805,0.5603681993489298,0.0,0.0,0.5603681993489298
5e-05,9.999999999999999e-06,7.047444564632061e-07,1.486339102688504e-06,2.5227681621858268e-05,1e-09,1e-08,2.5227681621858268e-05,0.5045536324371653,0.0,0.0,0.030570973881034295,0.44938323080755127,0.5506167691924487,0.0,0.0,0.5506167691924487
5e-05,9.999999999999999e-06,7.12320224949508e-07,1.4902891191211231e-06,2.516184801464795e-05,1e-09,1e-08,2.516184801464795e-05,0.503236960292959,0.0,0.0,0.11323938910972256,0.5538173888121866,0.44618261118781344,0.0,0.0,0.44618261118781344
5e-05,9.999999999999999e-06,7.040785372563631e-07,1.4882956760076212e-06,2.5195072066539648e-05,1e-09,1e-08,2.5195072066539648e-05,0.503901441330793,0.0,0.0,0.023304320260402255,0.50111291108659,0.49888708891340905,0.0,0.0,0.49888708891340905
5e-05,9.999999999999999e-06,7.119445682642373e-07,1.4888165113987595e-06,2.5186391476687343e-05,1e-09,1e-08,2.5186391476687343e-05,0.5037278295337468,0.0,0.0,0.10914014255836103,0.5148832349473647,0.48511676505263523,0.0,0.0,0.48511676505263523
5e-05,9.999999999999999e-06,7.038071499403538e-07,1.4874734491958722e-06,2.5208775846735466e-05,1e-09,1e-08,2.5208775846735466e-05,0.5041755169347093,0.0,0.0,0.02034288349418821,0.47937412436541676,0.5206258756345858,0.0,0.0,0.5206258756345858
5e-05,9.999999999999999e-06,7.046113499080333e-07,1.485380176999903e-06,2.5243663716668287e-05,1e-09,1e-08,2.5243663716668287e-05,0.5048732743333657,0.0,0.0,0.02911848652049975,0.424030273779052,0.5759697262209525,0.0,0.0,0.5759697262209525
5e-05,9.999999999999999e-06,7.11042077615275e-07,1.4770317509417378e-06,2.538280415097104e-05,1e-09,1e-08,2.538280415097104e-05,0.5076560830194208,0.0,0.0,0.09929197047610586,0.20330692720038127,0.796693072799623,0.0,0.0,0.796693072799623
5e-05,9.999999999999999e-06,7.040184414840382e-07,1.4866555396368983e-06,2.522240767271836e-05,1e-09,1e-08,2.522240767271836e-05,0.5044481534543672,0.0,0.0,0.022648542266522104,0.45774948113355485,0.542250518866443,0.0,0.0,0.542250518866443
5e-05,9.999999999999999e-06,7.103677263108289e-07,1.4783749520023284e-06,2.536041746662786e-05,1e-09,1e-08,2.536041746662786e-05,0.5072083493325572,0.0,0.0,0.09193330399273132,0.23881970902967076,0.7611802909703281,0.0,0.0,0.7611802909703281
5e-05,9.999999999999999e-06,7.111615117389647e-07,1.4858659132939718e-06,2.5235568111767138e-05,1e-09,1e-08,2.5235568111767138e-05,0.5047113622353427,0.0,0.0,0.10059526132343108,0.4368726155132445,0.5631273844867564,0.0,0.0,0.5631273844867564
5e-05,9.999999999999999e-06,7.036117052043602e-07,1.4846523258101359e-06,2.525579456983107e-05,1e-09,1e-08,2.525579456983107e-05,0.5051158913966214,0.0,0.0,0.018210148495937526,0.40478667632758564,0.595213323672417,0.0,0.0,0.595213323672417
5e-05,9.999999999999999e-06,7.043790974362247e-07,1.4832769175169972e-06,2.5278718041383382e-05,1e-09,1e-08,2.5278718041383382e-05,0.5055743608276676,0.0,0.0,0.0265840975918943,0.36842237013879187,0.63157762986121,0.0,0.0,0.63157762986121
5e-05,9.999999999999999e-06,7.040670373864119e-07,1.483575258343112e-06,2.527374569428147e-05,1e-09,1e-08,2.527374569428147e-05,0.5054749138856294,0.0,0.0,0.023178831205935727,0.37631017858343757,0.6236898214165653,0.0,0.0,0.6236898214165653
5e-05,9.999999999999999e-06,7.054957163939485e-07,1.481436368628724e-06,2.5309393856187936e-05,1e-09,1e-08,2.5309393856187936e-05,0.5061878771237587,0.0,0.0,0.03876888383717756,0.3197602501977571,0.6802397498022486,0.0,0.0,0.6802397498022486
5e-05,9.999999999999999e-06,7.116362700641174e-07,1.4876023215548917e-06,2.520662797408514e-05,1e-09,1e-08,2.520662797408514e-05,0.5041325594817028,0.0,0.0,0.10577592628540378,0.4827813700146071,0.5172186299853924,0.0,0.0,0.5172186299853924
5e-05,9.999999999999999e-06,7.030476777435979e-07,1.4857505659507133e-06,2.5237490567488113e-05,1e-09,1e-08,2.5237490567488113e-05,0.5047498113497623,0.0,0.0,0.012055359524892492,0.43382295663795584,0.566177043362046,0.0,0.0,0.566177043362046
5e-05,9.999999999999999e-06,7.038736677708926e-07,1.4851290747894334e-06,2.5247848753509445e-05,1e-09,1e-08,2.5247848753509445e-05,0.5049569750701889,0.0,0.0,0.021068740368647032,0.4173914031893151,0.5826085968106859,0.0,0.0,0.5826085968106859
5e-05,9.999999999999999e-06,7.09272285988618e-07,1.4783677975231846e-06,2.5360536707946926e-05,1e-09,1e-08,2.5360536707946926e-05,0.5072107341589385,0.0,0.0,0.07997962357357284,0.23863055234688513,0.7613694476531175,0.0,0.0,0.7613694476531175
5e-05,9.999999999999999e-06,7.031005104326797e-07,1.4866184150452422e-06,2.5223026415912632e-05,1e-09,1e-08,2.5223026415912632e-05,0.5044605283182526,0.0,0.0,0.01263188119217467,0.45676794712299884,0.5432320528770029,0.0,0.0,0.5432320528770029
5e-05,9.999999999999999e-06,7.03884392963567e-07,1.4851942645670351e-06,2.5246762257216082e-05,1e-09,1e-08,2.5246762257216082e-05,0.5049352451443216,0.0,0.0,0.0211857759780403,0.41911495033158075,0.5808850496684193,0.0,0.0,0.5808850496684193
5e-05,9.999999999999999e-06,7.043427133171968e-07,1.4867754826423247e-06,2.522040862262792e-05,1e-09,1e-08,2.522040862262792e-05,0.5044081724525584,0.0,0.0,0.02618706625903805,0.46092064434108093,0.5390793556589152,0.0,0.0,0.5390793556589152
5e-05,9.999999999999999e-06,7.038140702188431e-07,1.486654257504543e-06,2.522242904159095e-05,1e-09,1e-08,2.522242904159095e-05,0.504448580831819,0.0,0.0,0.02041839906157733,0.4577155829421791,0.542284417057823,0.0,0.0,0.542284417057823
5e-05,9.999999999999999e-06,7.036917423829436e-07,1.485658863802087e-06,2.5239018936631885e-05,1e-09,1e-08,2.5239018936631885e-05,0.5047803787326377,0.0,0.0,0.019083531404197482,0.4313984511093411,0.5686015488906607,0.0,0.0,0.5686015488906607
5e-05,9.999999999999999e-06,7.037330979000873e-07,1.486547972474149e-06,2.5224200458764186e-05,1e-09,1e-08,2.5224200458764186e-05,0.5044840091752837,0.0,0.0,0.019534811702613623,0.4549055218077378,0.5450944781922635,0.0,0.0,0.5450944781922635
5e-05,9.999999999999999e-06,7.112418040645076e-07,1.4867899760504884e-06,2.5220167065825196e-05,1e-09,1e-08,2.5220167065825196e-05,0.5044033413165039,0.0,0.0,0.10147142845019322,0.461303834361684,0.5386961656383191,0.0,0.0,0.5386961656383191
5e-05,9.999999999999999e-06,7.10853478643906e-07,1.4769497958963975e-06,2.5384170068393375e-05,1e-09,1e-08,2.5384170068393375e-05,0.5076834013678675,0.0,0.0,0.09723393793392555,0.201140124529976,0.7988598754700227,0.0,0.0,0.7988598754700227
5e-05,9.999999999999999e-06,7.035171176127177e-07,1.4869593632422504e-06,2.5217343945962497e-05,1e-09,1e-08,2.5217343945962497e-05,0.5043468789192499,0.0,0.0,0.017177988350663264,0.46578224832531867,0.5342177516746835,0.0,0.0,0.5342177516746835
5e-05,9.999999999999999e-06,7.048253768029946e-07,1.4864058905667513e-06,2.5226568490554147e-05,1e-09,1e-08,2.5226568490554147e-05,0.5045313698110829,0.0,0.0,0.031453994034326416,0.4511490300007074,0.5488509699992928,0.0,0.0,0.5488509699992928
5e-05,9.999999999999999e-06,7.100603829696612e-07,1.4766467483674833e-06,2.5389220860541946e-05,1e-09,1e-08,2.5389220860541946e-05,0.5077844172108389,0.0,0.0,0.08857950734604599,0.19312787595901068,0.8068721240409887,0.0,0.0,0.8068721240409887
5e-05,9.999999999999999e-06,7.031749878785831e-07,1.485825236345254e-06,2.523624606091244e-05,1e-09,1e-08,2.523624606091244e-05,0.5047249212182487,0.0,0.0,0.01344459510156194,0.4357971610279226,0.564202838972083,0.0,0.0,0.564202838972083
5e-05,9.999999999999999e-06,7.106363470361367e-07,1.4803894866456771e-06,2.5326841889238717e-05,1e-09,1e-08,2.5326841889238717e-05,0.5065368377847743,0.0,0.0,0.09486455112613118,0.29208182396973337,0.7079181760302694,0.0,0.0,0.7079181760302694
5e-05,9.999999999999999e-06,7.041305865046878e-07,1.4873200497071786e-06,2.521133250488036e-05,1e-09,1e-08,2.521133250488036e-05,0.5042266500976071,0.0,0.0,0.023872292853628335,0.47531840796186875,0.5246815920381339,0.0,0.0,0.5246815920381339
5e-05,9.999999999999999e-06,7.051334979550019e-07,1.4864278406786746e-06,2.5226202655355423e-05,1e-09,1e-08,2.5226202655355423e-05,0.5045240531071085,0.0,0.0,0.03481627832019643,0.4517293671957355,0.5482706328042634,0.0,0.0,0.5482706328042634
5e-05,9.999999999999999e-06,7.044872859100337e-07,1.4857498158914401e-06,2.5237503068476e-05,1e-09,1e-08,2.5237503068476e-05,0.5047500613695199,0.0,0.0,0.027764673488844316,0.43380312588282155,0.5661968741171776,0.0,0.0,0.5661968741171776
5e-05,9.999999999999999e-06,7.04422392484629e-07,1.4856514397506293e-06,2.5239142670822845e-05,1e-09,1e-08,2.5239142670822845e-05,0.5047828534164569,0.0,0.0,0.027056542472609694,0.43120216722642696,0.5687978327735724,0.0,0.0,0.5687978327735724
5e-05,9.999999999999999e-06,7.039637879452067e-07,1.4864829284730925e-06,2.5225284525448463e-05,1e-09,1e-08,2.5225284525448463e-05,0.5045056905089692,0.0,0.0,0.022052151095117174,0.4531858288395025,0.5468141711605013,0.0,0.0,0.5468141711605013
5e-05,9.999999999999999e-06,7.108077510054045e-07,1.4826552922204135e-06,2.528907846299311e-05,1e-09,1e-08,2.528907846299311e-05,0.5057815692598622,0.0,0.0,0.09673494810683293,0.3519872702979389,0.6480127297020606,0.0,0.0,0.6480127297020606
5e-05,9.999999999999999e-06,7.032621838972406e-07,1.4846210320497003e-06,2.5256316132504997e-05,1e-09,1e-08,2.5256316132504997e-05,0.5051263226500999,0.0,0.0,0.014396096812536115,0.40395930318176737,0.5960406968182344,0.0,0.0,0.5960406968182344
5e-05,9.999999999999999e-06,7.041686262489293e-07,1.4825815027023244e-06,2.5290308288294595e-05,1e-09,1e-08,2.5290308288294595e-05,0.5058061657658919,0.0,0.0,0.024287390724931506,0.3500363553276709,0.6499636446723297,0.0,0.0,0.6499636446723297
5e-05,9.999999999999999e-06,7.033356887610706e-07,1.4827847661279867e-06,2.5286920564533556e-05,1e-09,1e-08,2.5286920564533556e-05,0.5057384112906711,0.0,0.0,0.015198197697141995,0.3554104202396253,0.6445895797603746,0.0,0.0,0.6445895797603746
5e-05,9.999999999999999e-06,7.03959377392165e-07,1.479231072067089e-06,2.5346148798881854e-05,1e-09,1e-08,2.5346148798881854e-05,0.506922975977637,0.0,0.0,0.022004022191640524,0.2614545966660421,0.7385454033339643,0.0,0.0,0.7385454033339643
5e-05,9.999999999999999e-06,7.029852251762288e-07,1.4818378498225015e-06,2.5302702502958308e-05,1e-09,1e-08,2.5302702502958308e-05,0.5060540500591661,0.0,0.0,0.011373863676556883,0.33037497829878415,0.6696250217012136,0.0,0.0,0.6696250217012136
5e-05,9.999999999999999e-06,7.030255905542048e-07,1.4829530841933083e-06,2.5284115263444863e-05,1e-09,1e-08,2.5284115263444863e-05,0.5056823052688972,0.0,0.0,0.011814339363402567,0.359860567657663,0.640139432342337,0.0,0.0,0.640139432342337
5e-05,9.999999999999999e-06,7.093960268193515e-07,1.4787639764230037e-06,2.5353933726283276e-05,1e-09,1e-08,2.5353933726283276e-05,0.5070786745256655,0.0,0.0,0.08132991013450976,0.24910509353616786,0.7508949064638379,0.0,0.0,0.7508949064638379
5e-05,9.999999999999999e-06,7.019828350304666e-07,1.4823991637757789e-06,2.529334727040369e-05,1e-09,1e-08,2.529334727040369e-05,0.5058669454080738,0.0,0.0,0.0004355667973894162,0.3452155115185164,0.6547844884814894,0.0,0.0,0.6547844884814894
5e-05,9.999999999999999e-06,7.093809462439569e-07,1.4809157032274635e-06,2.531807161287561e-05,1e-09,1e-08,2.531807161287561e-05,0.5063614322575122,0.0,0.0,0.08116534765205466,0.30599442068531046,0.69400557931469,0.0,0.0,0.69400557931469
5e-05,9.999999999999999e-06,7.024167004241803e-07,1.4826606060233165e-06,2.5288989899611394e-05,1e-09,1e-08,2.5288989899611394e-05,0.5057797979922278,0.0,0.0,0.00516999929565455,0.35212776149372266,0.64787223850628,0.0,0.0,0.64787223850628
5e-05,9.999999999999999e-06,7.097336949065922e-07,1.4812614397504933e-06,2.531230933749178e-05,1e-09,1e-08,2.531230933749178e-05,0.5062461867498356,0.0,0.0,0.08501461693302947,0.3151353200435772,0.6848646799564242,0.0,0.0,0.6848646799564242
5e-05,9.999999999999999e-06,7.023163722120797e-07,1.4859288765294292e-06,2.5234518724509516e-05,1e-09,1e-08,2.5234518724509516e-05,0.5046903744901903,0.0,0.0,0.004075196265166073,0.43853729529177393,0.561462704708229,0.0,0.0,0.561462704708229
5e-05,9.999999999999999e-06,7.11193800845649e-07,1.4907916514303868e-06,2.515347247616022e-05,1e-09,1e-08,2.515347247616022e-05,0.5030694495232044,0.0,0.0,0.10094760700078013,0.5671037990039742,0.43289620099602616,0.0,0.0,0.43289620099602616
5e-05,9.999999999999999e-06,7.031446784175285e-07,1.4847756390584277e-06,2.5253739349026206e-05,1e-09,1e-08,2.5253739349026206e-05,0.5050747869805241,0.0,0.0,0.013113851743135861,0.4080469451076909,0.5919530548923086,0.0,0.0,0.5919530548923086
5e-05,9.999999999999999e-06,7.033037425361057e-07,1.4812165285602343e-06,2.531305785732943e-05,1e-09,1e-08,2.531305785732943e-05,0.5062611571465886,0.0,0.0,0.014849593618867505,0.31394791679609824,0.6860520832039048,0.0,0.0,0.6860520832039048
5e-05,9.999999999999999e-06,7.036649203164162e-07,1.4835737361005145e-06,2.5273771064991424e-05,1e-09,1e-08,2.5273771064991424e-05,0.5054754212998285,0.0,0.0,0.018790843244970927,0.3762699321372125,0.6237300678627856,0.0,0.0,0.6237300678627856
5e-05,9.999999999999999e-06,7.096502812224925e-07,1.4799717260890157e-06,2.5333804565183072e-05,1e-09,1e-08,2.5333804565183072e-05,0.5066760913036614,0.0,0.0,0.0841043888703088,0.2810366871388576,0.7189633128611409,0.0,0.0,0.7189633128611409
5e-05,9.999999999999999e-06,7.019429195051936e-07,1.4843337320739338e-06,2.526110446543444e-05,1e-09,1e-08,2.526110446543444e-05,0.5052220893086887,0.0,0.0,0.0,0.39636340286698507,0.6036365971330163,0.0,0.0,0.6036365971330163
5e-05,9.999999999999999e-06,7.032598461373456e-07,1.4818048402812606e-06,2.5303252661978994e-05,1e-09,1e-08,2.5303252661978994e-05,0.5060650532395798,0.0,0.0,0.014370586673722905,0.32950224176605825,0.670497758233946,0.0,0.0,0.670497758233946
5e-05,9.999999999999999e-06,7.038375120614484e-07,1.48250759801896e-06,2.5291540033017337e-05,1e-09,1e-08,2.5291540033017337e-05,0.5058308006603467,0.0,0.0,0.020674201490297923,0.34808239551220765,0.6519176044877968,0.0,0.0,0.6519176044877968
5e-05,9.999999999999999e-06,7.094094790478809e-07,1.4777449974731445e-06,2.537091670878093e-05,1e-09,1e-08,2.537091670878093e-05,0.5074183341756185,0.0,0.0,0.08147670374572266,0.22216439329648915,0.7778356067035156,0.0,0.0,0.7778356067035156
5e-05,9.999999999999999e-06,7.033970657047916e-07,1.4861328273489494e-06,2.523111954418418e-05,1e-09,1e-08,2.523111954418418e-05,0.5046223908836835,0.0,0.0,0.01586795610886873,0.44392953415312586,0.556070465846877,0.0,0.0,0.556070465846877
5e-05,9.999999999999999e-06,7.13046707724661e-07,1.4950434185860045e-06,2.508260969023326e-05,1e-09,1e-08,2.508260969023326e-05,0.5016521938046652,0.0,0.0,0.12116692541464369,0.6795159194351474,0.32048408056485617,0.0,0.0,0.32048408056485617
5e-05,9.999999999999999e-06,7.119995036312743e-07,1.490295058097937e-06,2.5161749031701052e-05,1e-09,1e-08,2.5161749031701052e-05,0.5032349806340211,0.0,0.0,0.1097396090997639,0.5539744089293273,0.44602559107067274,0.0,0.0,0.44602559107067274
5e-05,9.999999999999999e-06,7.04804651198319e-07,1.4900355554045311e-06,2.516607407659115e-05,1e-09,1e-08,2.516607407659115e-05,0.503321481531823,0.0,0.0,0.031227831778143218,0.5471134386655148,0.4528865613344866,0.0,0.0,0.4528865613344866
5e-05,9.999999999999999e-06,7.063631677277095e-07,1.4894080237671053e-06,2.5176532937214915e-05,1e-09,1e-08,2.5176532937214915e-05,0.5035306587442983,0.0,0.0,0.04823469937519164,0.5305221815672801,0.469477818432723,0.0,0.0,0.469477818432723
5e-05,9.999999999999999e-06,7.105806832556835e-07,1.4837271024775688e-06,2.527121495870719e-05,1e-09,1e-08,2.527121495870719e-05,0.5054242991741438,0.0,0.0,0.09425713598085264,0.38032477310486357,0.6196752268951363,0.0,0.0,0.6196752268951363
5e-05,9.999999999999999e-06,7.052845212650078e-07,1.4886955270940137e-06,2.518840788176644e-05,1e-09,1e-08,2.518840788176644e-05,0.5037681576353288,0.0,0.0,0.03646427716326497,0.5116845409131909,0.48831545908681145,0.0,0.0,0.48831545908681145
5e-05,9.999999999999999e-06,7.07002592375501e-07,1.4883191081346516e-06,2.5194681531089142e-05,1e-09,1e-08,2.5194681531089142e-05,0.5038936306217828,0.0,0.0,0.05521223866861902,0.5017324311565511,0.4982675688434512,0.0,0.0,0.4982675688434512
5e-05,9.999999999999999e-06,7.121612083947122e-07,1.490486086175394e-06,2.5158565230410103e-05,1e-09,1e-08,2.5158565230410103e-05,0.503171304608202,0.0,0.0,0.11150416626020407,0.5590249844812974,0.44097501551870383,0.0,0.0,0.44097501551870383
5e-05,9.999999999999999e-06,7.140635324936335e-07,1.4962571158025287e-06,2.506238140329119e-05,1e-09,1e-08,2.506238140329119e-05,0.5012476280658238,0.0,0.0,0.13226273600709082,0.7116047598342815,0.28839524016572066,0.0,0.0,0.28839524016572066
5e-05,9.999999999999999e-06,7.045843103235003e-07,1.488432489719925e-06,2.519279183800125e-05,1e-09,1e-08,2.519279183800125e-05,0.503855836760025,0.0,0.0,0.02882342475801047,0.5047301175189375,0.49526988248106446,0.0,0.0,0.49526988248106446
5e-05,9.999999999999999e-06,7.047251099368674e-07,1.4847936408036235e-06,2.525343931993961e-05,1e-09,1e-08,2.525343931993961e-05,0.5050687863987922,0.0,0.0,0.030359860424294532,0.4085228917611318,0.5914771082388682,0.0,0.0,0.5914771082388682
5e-05,9.999999999999999e-06,7.108362991513988e-07,1.4849472256339072e-06,2.5250879572768217e-05,1e-09,1e-08,2.5250879572768217e-05,0.5050175914553643,0.0,0.0,0.0970464716164719,0.4125835083956627,0.587416491604343,0.0,0.0,0.587416491604343
5e-05,9.999999999999999e-06,7.036361068732364e-07,1.4858700721662778e-06,2.5235498797228708e-05,1e-09,1e-08,2.5235498797228708e-05,0.5047099759445741,0.0,0.0,0.018476424755379358,0.436982571594422,0.5630174284055826,0.0,0.0,0.5630174284055826
5e-05,9.999999999999999e-06,7.039868779513401e-07,1.482781600227533e-06,2.528697332954112e-05,1e-09,1e-08,2.528697332954112e-05,0.5057394665908224,0.0,0.0,0.02230411420857796,0.3553267172591805,0.6446732827408197,0.0,0.0,0.6446732827408197
5e-05,9.999999999999999e-06,7.090779666048787e-07,1.4772380815460711e-06,2.5379365307565484e-05,1e-09,1e-08,2.5379365307565484e-05,0.5075873061513096,0.0,0.0,0.07785916866117902,0.20876208499572543,0.7912379150042766,0.0,0.0,0.7912379150042766
5e-05,9.999999999999999e-06,7.026135789726594e-07,1.4844103767646426e-06,2.5259827053922624e-05,1e-09,1e-08,2.5259827053922624e-05,0.5051965410784525,0.0,0.0,0.007318380364152784,0.39838980551017317,0.6016101944898258,0.0,0.0,0.6016101944898258
5e-05,9.999999999999999e-06,7.036450192890698e-07,1.4829020365482823e-06,2.528496605752863e-05,1e-09,1e-08,2.528496605752863e-05,0.5056993211505726,0.0,0.0,0.018573678953964976,0.3585109231897613,0.6414890768102414,0.0,0.0,0.6414890768102414
5e-05,9.999999999999999e-06,7.032650411468291e-07,1.4816903483083455e-06,2.530516086152758e-05,1e-09,1e-08,2.530516086152758e-05,0.5061032172305515,0.0,0.0,0.01442727573462468,0.32647519795658425,0.6735248020434191,0.0,0.0,0.6735248020434191
5e-05,9.999999999999999e-06,7.097747978582953e-07,1.4810307282995356e-06,2.5316154528341074e-05,1e-09,1e-08,2.5316154528341074e-05,0.5063230905668215,0.0,0.0,0.08546314118303333,0.30903555905933694,0.6909644409406624,0.0,0.0,0.6909644409406624
5e-05,9.999999999999999e-06,7.103918482589252e-07,1.481502950571468e-06,2.5308284157142202e-05,1e-09,1e-08,2.5308284157142202e-05,0.506165683142844,0.0,0.0,0.09219652787885663,0.32152060467915816,0.6784793953208426,0.0,0.0,0.6784793953208426
5e-05,9.999999999999999e-06,7.022095218532185e-07,1.4845296726581037e-06,2.525783878903161e-05,1e-09,1e-08,2.525783878903161e-05,0.5051567757806321,0.0,0.0,0.002909222166347117,0.40154385977793394,0.5984561402220706,0.0,0.0,0.5984561402220706
5e-05,9.999999999999999e-06,7.091792916486699e-07,1.4759381602793098e-06,2.5401030662011504e-05,1e-09,1e-08,2.5401030662011504e-05,0.5080206132402301,0.0,0.0,0.07896484933348775,0.1743935740585396,0.82560642594146,0.0,0.0,0.82560642594146
5e-05,9.999999999999999e-06,7.094762214873955e-07,1.4845200785766733e-06,2.525799869038878e-05,1e-09,1e-08,2.525799869038878e-05,0.5051599738077756,0.0,0.0,0.08220501160163857,0.40129020265191767,0.5987097973480804,0.0,0.0,0.5987097973480804
5e-05,9.999999999999999e-06,7.030945345118136e-07,1.484794739097261e-06,2.5253421015045652e-05,1e-09,1e-08,2.5253421015045652e-05,0.505068420300913,0.0,0.0,0.012566670658295712,0.40855192945584246,0.5914480705441589,0.0,0.0,0.5914480705441589
5e-05,9.999999999999999e-06,7.090038904332926e-07,1.4771833185564094e-06,2.5380278024059844e-05,1e-09,1e-08,2.5380278024059844e-05,0.5076055604811969,0.0,0.0,0.07705083354345414,0.20731421083806256,0.7926857891619377,0.0,0.0,0.7926857891619377
5e-05,9.999999999999999e-06,7.09538244815096e-07,1.4830059242521311e-06,2.5283234595797817e-05,1e-09,1e-08,2.5283234595797817e-05,0.5056646919159563,0.0,0.0,0.08288182349438243,0.3612576016058036,0.6387423983941986,0.0,0.0,0.6387423983941986
5e-05,9.999999999999999e-06,7.028818738433529e-07,1.4849283389668956e-06,2.5251194350551744e-05,1e-09,1e-08,2.5251194350551744e-05,0.5050238870110348,0.0,0.0,0.01024607170191154,0.4120841653674695,0.587915834632535,0.0,0.0,0.587915834632535
5e-05,9.999999999999999e-06,7.099024553409978e-07,1.4788960621243242e-06,2.5351732297927933e-05,1e-09,1e-08,2.5351732297927933e-05,0.5070346459585586,0.0,0.0,0.0868561670927052,0.2525972964768796,0.7474027035231221,0.0,0.0,0.7474027035231221
5e-05,9.999999999999999e-06,7.02395110041607e-07,1.4852513578275025e-06,2.5245810702874962e-05,1e-09,1e-08,2.5245810702874962e-05,0.5049162140574992,0.0,0.0,0.004934400397042043,0.4206244343264863,0.5793755656735184,0.0,0.0,0.5793755656735184
5e-05,9.999999999999999e-06,7.031966365462318e-07,1.4855178248634479e-06,2.5241369585609205e-05,1e-09,1e-08,2.5241369585609205e-05,0.504827391712184,0.0,0.0,0.013680830019453964,0.42766953426711934,0.572330465732884,0.0,0.0,0.572330465732884
5e-05,9.999999999999999e-06,7.109086888804023e-07,1.4849582988815486e-06,2.525069501864086e-05,1e-09,1e-08,2.525069501864086e-05,0.5050139003728171,0.0,0.0,0.09783640390999174,0.4128762730748805,0.5871237269251212,0.0,0.0,0.5871237269251212
5e-05,9.999999999999999e-06,7.041626610870821e-07,1.48847136402423e-06,2.51921439329295e-05,1e-09,1e-08,2.51921439329295e-05,0.50384287865859,0.0,0.0,0.024222297595781584,0.5057579120376046,0.49424208796239333,0.0,0.0,0.49424208796239333
5e-05,9.999999999999999e-06,7.118282825002906e-07,1.4898056542342892e-06,2.5169905762761847e-05,1e-09,1e-08,2.5169905762761847e-05,0.5033981152552369,0.0,0.0,0.10787120728974547,0.5410351006261521,0.45896489937384677,0.0,0.0,0.45896489937384677
5e-05,9.999999999999999e-06,7.044474520418791e-07,1.487621164032591e-06,2.5206313932790153e-05,1e-09,1e-08,2.5206313932790153e-05,0.5041262786558031,0.0,0.0,0.027329997751494833,0.4832795447252206,0.5167204552747799,0.0,0.0,0.5167204552747799
5e-05,9.999999999999999e-06,7.121792012118375e-07,1.4904239045827757e-06,2.5159601590287074e-05,1e-09,1e-08,2.5159601590287074e-05,0.5031920318057415,0.0,0.0,0.11170050775083161,0.5573809704931909,0.4426190295068105,0.0,0.0,0.4426190295068105
5e-05,9.999999999999999e-06,7.037807656369636e-07,1.4863989076811253e-06,2.522668487198125e-05,1e-09,1e-08,2.522668487198125e-05,0.504533697439625,0.0,0.0,0.02005497230047627,0.4509644100647564,0.5490355899352469,0.0,0.0,0.5490355899352469
5e-05,9.999999999999999e-06,7.120585277206714e-07,1.4932599150706685e-06,2.511233474882219e-05,1e-09,1e-08,2.511233474882219e-05,0.5022466949764438,0.0,0.0,0.1103836926590228,0.6323620173945624,0.36763798260543423,0.0,0.0,0.36763798260543423
5e-05,9.999999999999999e-06,7.11058994678524e-07,1.4826372743554727e-06,2.528937876074212e-05,1e-09,1e-08,2.528937876074212e-05,0.5057875752148424,0.0,0.0,0.09947657310904588,0.35151089745589503,0.6484891025441043,0.0,0.0,0.6484891025441043
5e-05,9.999999999999999e-06,7.029905958353626e-07,1.4847836362229216e-06,2.5253606062951307e-05,1e-09,1e-08,2.5253606062951307e-05,0.5050721212590261,0.0,0.0,0.011432469464224458,0.4082583814788028,0.5917416185211959,0.0,0.0,0.5917416185211959
5e-05,9.999999999999999e-06,7.033803586467053e-07,1.4829780394391215e-06,2.528369934268131e-05,1e-09,1e-08,2.528369934268131e-05,0.5056739868536262,0.0,0.0,0.015685645097434888,0.3605203573392395,0.6394796426607623,0.0,0.0,0.6394796426607623
5e-05,9.999999999999999e-06,7.030501895680205e-07,1.4824422142952926e-06,2.5292629761745124e-05,1e-09,1e-08,2.5292629761745124e-05,0.5058525952349024,0.0,0.0,0.012082769093272362,0.3463537206459409,0.6536462793540591,0.0,0.0,0.6536462793540591
5e-05,9.999999999999999e-06,7.036727940166543e-07,1.483406264777004e-06,2.52765622537166e-05,1e-09,1e-08,2.52765622537166e-05,0.505531245074332,0.0,0.0,0.018876762755558565,0.37184217165593564,0.6281578283440634,0.0,0.0,0.6281578283440634
5e-05,9.999999999999999e-06,7.040924578526087e-07,1.4855227682589772e-06,2.5241287195683716e-05,1e-09,1e-08,2.5241287195683716e-05,0.5048257439136743,0.0,0.0,0.02345622480087733,0.42780023229296044,0.572199767707041,0.0,0.0,0.572199767707041
5e-05,9.999999999999999e-06,7.046609336620691e-07,1.485875591512487e-06,2.5235406808125216e-05,1e-09,1e-08,2.5235406808125216e-05,0.5047081361625043,0.0,0.0,0.029659555109731332,0.43712849713269086,0.5628715028673069,0.0,0.0,0.5628715028673069
5e-05,9.999999999999999e-06,7.052268780751092e-07,1.488049872137248e-06,2.5199168797712536e-05,1e-09,1e-08,2.5199168797712536e-05,0.5039833759542507,0.0,0.0,0.03583526227635775,0.4946141228727689,0.5053858771272333,0.0,0.0,0.5053858771272333
5e-05,9.999999999999999e-06,7.050616835904292e-07,1.486689248195081e-06,2.5221845863415316e-05,1e-09,1e-08,2.5221845863415316e-05,0.5044369172683063,0.0,0.0,0.03403262452710449,0.45864069891743375,0.5413593010825651,0.0,0.0,0.5413593010825651
5e-05,9.999999999999999e-06,7.055498833358342e-07,1.4871728752084068e-06,2.521378541319322e-05,1e-09,1e-08,2.521378541319322e-05,0.5042757082638644,0.0,0.0,0.03935996515804562,0.47142727355238634,0.5285727264476133,0.0,0.0,0.5285727264476133
5e-05,9.999999999999999e-06,7.049046455267609e-07,1.4866180428970366e-06,2.5223032618382725e-05,1e-09,1e-08,2.5223032618382725e-05,0.5044606523676545,0.0,0.0,0.03231899139833148,0.4567581079273467,0.5432418920726539,0.0,0.0,0.5432418920726539
5e-05,9.999999999999999e-06,7.126227039970558e-07,1.492291531417579e-06,2.5128474476373688e-05,1e-09,1e-08,2.5128474476373688e-05,0.5025694895274737,0.0,0.0,0.1165401055381446,0.6067590020246232,0.3932409979753814,0.0,0.0,0.3932409979753814
5e-05,9.999999999999999e-06,7.051255573735235e-07,1.4888507989603275e-06,2.518582001732788e-05,1e-09,1e-08,2.518582001732788e-05,0.5037164003465575,0.0,0.0,0.03472962898712891,0.5157897609538933,0.4842102390461101,0.0,0.0,0.4842102390461101
5e-05,9.999999999999999e-06,7.120523867678798e-07,1.4876107942620806e-06,2.520648676229866e-05,1e-09,1e-08,2.520648676229866e-05,0.5041297352459732,0.0,0.0,0.11031668126127551,0.48300537921972964,0.5169946207802735,0.0,0.0,0.5169946207802735
5e-05,9.999999999999999e-06,7.11291425973684e-07,1.4855695178176346e-06,2.5240508036372755e-05,1e-09,1e-08,2.5240508036372755e-05,0.5048101607274551,0.0,0.0,0.10201291339652573,0.4290362400105902,0.570963759989407,0.0,0.0,0.570963759989407
5e-05,9.999999999999999e-06,7.120132366544567e-07,1.4864401793572622e-06,2.5225997010712297e-05,1e-09,1e-08,2.5225997010712297e-05,0.504519940214246,0.0,0.0,0.10988946680262796,0.4520555884991572,0.5479444115008428,0.0,0.0,0.5479444115008428
5e-05,9.999999999999999e-06,7.04742383651415e-07,1.4888132443647608e-06,2.5186445927253987e-05,1e-09,1e-08,2.5186445927253987e-05,0.5037289185450797,0.0,0.0,0.03054835491291959,0.514796858105483,0.48520314189451547,0.0,0.0,0.48520314189451547
5e-05,9.999999999999999e-06,7.051923584967628e-07,1.487426901816328e-06,2.5209551636394535e-05,1e-09,1e-08,2.5209551636394535e-05,0.5041910327278907,0.0,0.0,0.03545857721246987,0.478143462044653,0.5218565379553476,0.0,0.0,0.5218565379553476
5e-05,9.999999999999999e-06,7.053148938518916e-07,1.4883274369527484e-06,2.5194542717454195e-05,1e-09,1e-08,2.5194542717454195e-05,0.5038908543490839,0.0,0.0,0.03679570936431725,0.5019526360898584,0.49804736391014165,0.0,0.0,0.49804736391014165
5e-05,9.999999999999999e-06,7.063966713153036e-07,1.4888686047313455e-06,2.518552325447758e-05,1e-09,1e-08,2.518552325447758e-05,0.5037104650895515,0.0,0.0,0.04860029772945539,0.5162605262622426,0.483739473737761,0.0,0.0,0.483739473737761
5e-05,9.999999999999999e-06,7.194511222265999e-07,1.5067438821214572e-06,2.4887601964642382e-05,1e-09,1e-08,2.4887601964642382e-05,0.4977520392928476,0.0,0.0,0.19105327401416053,0.988863507839661,0.011136492160339235,0.0,0.0,0.011136492160339235
5e-05,9.999999999999999e-06,7.093848877957498e-07,1.4934561691127158e-06,2.5109063848121407e-05,1e-09,1e-08,2.5109063848121407e-05,0.5021812769624281,0.0,0.0,0.0812083587130254,0.6375507617924254,0.36244923820757935,0.0,0.0,0.36244923820757935
5e-05,9.999999999999999e-06,7.141760522708864e-07,1.4964150349846302e-06,2.5059749416922834e-05,1e-09,1e-08,2.5059749416922834e-05,0.5011949883384567,0.0,0.0,0.13349057601885997,0.7157799720382997,0.2842200279617038,0.0,0.0,0.2842200279617038
5e-05,9.999999999999999e-06,7.053833127233639e-07,1.489108809930595e-06,2.5181519834490085e-05,1e-09,1e-08,2.5181519834490085e-05,0.5036303966898017,0.0,0.0,0.03754231080634606,0.5226112916729391,0.47738870832706165,0.0,0.0,0.47738870832706165
5e-05,9.999999999999999e-06,7.14861400201471e-07,1.4986271431476214e-06,2.5022880947539647e-05,1e-09,1e-08,2.5022880947539647e-05,0.5004576189507929,0.0,0.0,0.1409692400519726,0.7742657169353111,0.22573428306469046,0.0,0.0,0.22573428306469046
5e-05,9.999999999999999e-06,7.049796733232496e-07,1.4885595965368948e-06,2.5190673391051756e-05,1e-09,1e-08,2.5190673391051756e-05,0.5038134678210351,0.0,0.0,0.03313771085168212,0.5080906841477905,0.4919093158522119,0.0,0.0,0.4919093158522119
5e-05,9.999999999999999e-06,7.150562385849954e-07,1.4989539098923225e-06,2.5017434835127962e-05,1e-09,1e-08,2.5017434835127962e-05,0.5003486967025592,0.0,0.0,0.14309535840165594,0.782905075892142,0.21709492410786072,0.0,0.0,0.21709492410786072
5e-05,9.999999999999999e-06,7.168330926064641e-07,1.5016590067569655e-06,2.4972349887383912e-05,1e-09,1e-08,2.4972349887383912e-05,0.4994469977476782,0.0,0.0,0.16248477167545639,0.8544249083280421,0.14557509167196092,0.0,0.0,0.14557509167196092
5e-05,9.999999999999999e-06,7.125629708154721e-07,1.4928540290823072e-06,2.511909951529488e-05,1e-09,1e-08,2.511909951529488e-05,0.5023819903058976,0.0,0.0,0.1158882842124243,0.6216308312935748,0.37836916870642373,0.0,0.0,0.37836916870642373
5e-05,9.999999999999999e-06,7.048315079882488e-07,1.4867630055584662e-06,2.5220616574025562e-05,1e-09,1e-08,2.5220616574025562e-05,0.5044123314805112,0.0,0.0,0.031520898846604035,0.46059076375214264,0.5394092362478551,0.0,0.0,0.5394092362478551
5e-05,9.999999999999999e-06,7.07513939738015e-07,1.4866380060876758e-06,2.5222699898538736e-05,1e-09,1e-08,2.5222699898538736e-05,0.5044539979707747,0.0,0.0,0.06079217107637914,0.4572859130747585,0.5427140869252398,0.0,0.0,0.5427140869252398
5e-05,9.999999999999999e-06,7.15600855401135e-07,1.5000793057996982e-06,2.4998678236671697e-05,1e-09,1e-08,2.4998678236671697e-05,0.4999735647334339,0.0,0.0,0.14903833424345542,0.8126593252765477,0.18734067472345087,0.0,0.0,0.18734067472345087
5e-05,9.999999999999999e-06,7.072128268825963e-07,1.4898379715809734e-06,2.5169367140317113e-05,1e-09,1e-08,2.5169367140317113e-05,0.5033873428063422,0.0,0.0,0.05750636283032997,0.5418895362842023,0.4581104637158013,0.0,0.0,0.4581104637158013
5e-05,9.999999999999999e-06,7.081301271018673e-07,1.4895786534268888e-06,2.5173689109551856e-05,1e-09,1e-08,2.5173689109551856e-05,0.5034737821910371,0.0,0.0,0.06751614012925085,0.5350334450402502,0.4649665549597514,0.0,0.0,0.4649665549597514
5e-05,9.999999999999999e-06,7.127316733651442e-07,1.4933158151565286e-06,2.5111403080724527e-05,1e-09,1e-08,2.5111403080724527e-05,0.5022280616144905,0.0,0.0,0.11772920272143819,0.6338399551446364,0.3661600448553654,0.0,0.0,0.3661600448553654
5e-05,9.999999999999999e-06,7.1458090615546e-07,1.4979284786725527e-06,2.5034525355457455e-05,1e-09,1e-08,2.5034525355457455e-05,0.5006905071091491,0.0,0.0,0.13790842868917258,0.7557937846215597,0.24420621537843748,0.0,0.0,0.24420621537843748
5e-05,9.999999999999999e-06,7.138970067950682e-07,1.496069801085109e-06,2.5065503315248184e-05,1e-09,1e-08,2.5065503315248184e-05,0.5013100663049637,0.0,0.0,0.1304455717655843,0.7066523615014392,0.2933476384985605,0.0,0.0,0.2933476384985605
5e-05,9.999999999999999e-06,7.055187465783332e-07,1.4882538457675948e-06,2.5195769237206758e-05,1e-09,1e-08,2.5195769237206758e-05,0.5039153847441351,0.0,0.0,0.03902019416284922,0.5000069648276801,0.49999303517232446,0.0,0.0,0.49999303517232446
5e-05,9.999999999999999e-06,7.057959868954841e-07,1.4877046977457638e-06,2.520492170423727e-05,1e-09,1e-08,2.520492170423727e-05,0.5040984340847454,0.0,0.0,0.042045500136468114,0.4854880856639783,0.5145119143360198,0.0,0.0,0.5145119143360198
5e-05,9.999999999999999e-06,7.148895778142459e-07,1.4985945967196583e-06,2.5023423388005696e-05,1e-09,1e-08,2.5023423388005696e-05,0.5004684677601139,0.0,0.0,0.141276720223422,0.7734052246162628,0.22659477538373557,0.0,0.0,0.22659477538373557
5e-05,9.999999999999999e-06,7.159049931183228e-07,1.5005930222779604e-06,2.4990116295367328e-05,1e-09,1e-08,2.4990116295367328e-05,0.4998023259073465,0.0,0.0,0.15235715043175965,0.8262414327881462,0.17375856721185307,0.0,0.0,0.17375856721185307
5e-05,9.999999999999999e-06,7.061312601815644e-07,1.4892433218054466e-06,2.5179277969909227e-05,1e-09,1e-08,2.5179277969909227e-05,0.5035855593981845,0.0,0.0,0.045704074349617,0.5261676400151241,0.47383235998487916,0.0,0.0,0.47383235998487916
5e-05,9.999999999999999e-06,7.067727448879282e-07,1.4881386339645616e-06,2.5197689433923975e-05,1e-09,1e-08,2.5197689433923975e-05,0.5039537886784795,0.0,0.0,0.05270409344529357,0.49696088948920597,0.5030391105107944,0.0,0.0,0.5030391105107944
5e-05,9.999999999999999e-06,7.071024717764216e-07,1.4883331240477467e-06,2.5194447932537558e-05,1e-09,1e-08,2.5194447932537558e-05,0.5038889586507511,0.0,0.0,0.05630214417497468,0.5021029967244973,0.4978970032755057,0.0,0.0,0.4978970032755057
5e-05,9.999999999999999e-06,7.067915938803253e-07,1.4880948258927932e-06,2.5198419568453448e-05,1e-09,1e-08,2.5198419568453448e-05,0.5039683913690689,0.0,0.0,0.052909777704645555,0.4958026515003324,0.5041973484996684,0.0,0.0,0.5041973484996684
5e-05,9.999999999999999e-06,7.109227042624235e-07,1.4841161617419485e-06,2.5264730637634193e-05,1e-09,1e-08,2.5264730637634193e-05,0.5052946127526838,0.0,0.0,0.09798934277323865,0.3906110788411827,0.6093889211588183,0.0,0.0,0.6093889211588183
5e-05,9.999999999999999e-06,7.098475771951043e-07,1.481140479148823e-06,2.5314325347519618e-05,1e-09,1e-08,2.5314325347519618e-05,0.5062865069503923,0.0,0.0,0.08625732496072776,0.31193725269305606,0.6880627473069426,0.0,0.0,0.6880627473069426
5e-05,9.999999999999999e-06,7.03211357189275e-07,1.4835573343207935e-06,2.5274044427986777e-05,1e-09,1e-08,2.5274044427986777e-05,0.5054808885597355,0.0,0.0,0.013841464842670782,0.37583628683872766,0.6241637131612745,0.0,0.0,0.6241637131612745
5e-05,9.999999999999999e-06,7.103736285824437e-07,1.4853449662265985e-06,2.5244250562890027e-05,1e-09,1e-08,2.5244250562890027e-05,0.5048850112578005,0.0,0.0,0.09199771085013814,0.423099339053723,0.5769006609462796,0.0,0.0,0.5769006609462796
5e-05,9.999999999999999e-06,7.028815272872686e-07,1.4852051461967577e-06,2.5246580896720705e-05,1e-09,1e-08,2.5246580896720705e-05,0.5049316179344141,0.0,0.0,0.010242290007377194,0.4194026488404815,0.580597351159517,0.0,0.0,0.580597351159517
5e-05,9.999999999999999e-06,7.09798601986904e-07,1.4750157012705728e-06,2.5416404978823786e-05,1e-09,1e-08,2.5416404978823786e-05,0.5083280995764757,0.0,0.0,0.08572289695454836,0.15000475656509787,0.8499952434348998,0.0,0.0,0.8499952434348998
5e-05,9.999999999999999e-06,7.023646740757954e-07,1.4842525151551376e-06,2.5262458080747708e-05,1e-09,1e-08,2.5262458080747708e-05,0.5052491616149541,0.0,0.0,0.004602276591496825,0.3942161154632754,0.6057838845367249,0.0,0.0,0.6057838845367249
5e-05,9.999999999999999e-06,7.093039949439925e-07,1.4757406827813524e-06,2.5404321953644127e-05,1e-09,1e-08,2.5404321953644127e-05,0.5080864390728825,0.0,0.0,0.08032563851504175,0.16917248281098532,0.8308275171890137,0.0,0.0,0.8308275171890137
5e-05,9.999999999999999e-06,7.030798109719032e-07,1.485417528211557e-06,2.5243041196474053e-05,1e-09,1e-08,2.5243041196474053e-05,0.5048608239294811,0.0,0.0,0.012406004223841072,0.4250177993770006,0.5749822006230005,0.0,0.0,0.5749822006230005
5e-05,9.999999999999999e-06,7.091619767747375e-07,1.473561421657288e-06,2.5440642972378536e-05,1e-09,1e-08,2.5440642972378536e-05,0.5088128594475707,0.0,0.0,0.07877590570480315,0.11155517806144477,0.8884448219385563,0.0,0.0,0.8884448219385563
5e-05,9.999999999999999e-06,7.097297557209003e-07,1.4745926807867553e-06,2.5423455320220746e-05,1e-09,1e-08,2.5423455320220746e-05,0.5084691064044149,0.0,0.0,0.0849716316914628,0.13882055295486137,0.8611794470451393,0.0,0.0,0.8611794470451393
5e-05,9.999999999999999e-06,7.02884646284752e-07,1.4842678176408753e-06,2.526220303931875e-05,1e-09,1e-08,2.526220303931875e-05,0.505244060786375,0.0,0.0,0.010276325178795818,0.39462069661898674,0.6053793033810172,0.0,0.0,0.6053793033810172
5e-05,9.999999999999999e-06,7.037224564842228e-07,1.4826576309316622e-06,2.52890394844723e-05,1e-09,1e-08,2.52890394844723e-05,0.505780789689446,0.0,0.0,0.019418690283789654,0.3520491032913558,0.6479508967086468,0.0,0.0,0.6479508967086468
5e-05,9.999999999999999e-06,7.039137132651122e-07,1.484274179596005e-06,2.5262097006733253e-05,1e-09,1e-08,2.5262097006733253e-05,0.5052419401346651,0.0,0.0,0.021505725415137962,0.3947888998248637,0.605211100175138,0.0,0.0,0.605211100175138
5e-05,9.999999999999999e-06,7.12998173548682e-07,1.4949621220267613e-06,2.5083964632887315e-05,1e-09,1e-08,2.5083964632887315e-05,0.5016792926577462,0.0,0.0,0.12063731004692733,0.6773665264242392,0.3226334735757627,0.0,0.0,0.3226334735757627
5e-05,9.999999999999999e-06,7.126705883128972e-07,1.4930728745523142e-06,2.5115452090794765e-05,1e-09,1e-08,2.5115452090794765e-05,0.5023090418158953,0.0,0.0,0.11706262949225894,0.627416868588148,0.37258313141185245,0.0,0.0,0.37258313141185245
5e-05,9.999999999999999e-06,7.102366632816483e-07,1.4839335321140398e-06,2.5267774464766003e-05,1e-09,1e-08,2.5267774464766003e-05,0.50535548929532,0.0,0.0,0.09050311602737501,0.38578254920271277,0.6142174507972867,0.0,0.0,0.6142174507972867
5e-05,9.999999999999999e-06,7.096626998299485e-07,1.4783623724838972e-06,2.5360627125268383e-05,1e-09,1e-08,2.5360627125268383e-05,0.5072125425053676,0.0,0.0,0.08423990338604258,0.2384871201815297,0.761512879818474,0.0,0.0,0.761512879818474
5e-05,9.999999999999999e-06,7.021619013538169e-07,1.4856885556783748e-06,2.5238524072027085e-05,1e-09,1e-08,2.5238524072027085e-05,0.5047704814405417,0.0,0.0,0.002389577033969475,0.43218347217256686,0.5678165278274303,0.0,0.0,0.5678165278274303
5e-05,9.999999999999999e-06,7.096791433704652e-07,1.4800465698515663e-06,2.5332557169140565e-05,1e-09,1e-08,2.5332557169140565e-05,0.5066511433828113,0.0,0.0,0.08441933883707653,0.2830154751913145,0.7169845248086897,0.0,0.0,0.7169845248086897
5e-05,9.999999999999999e-06,7.029370603208856e-07,1.484899842122481e-06,2.525166929795865e-05,1e-09,1e-08,2.525166929795865e-05,0.505033385959173,0.0,0.0,0.010848278415056214,0.4113307396531736,0.5886692603468267,0.0,0.0,0.5886692603468267
5e-05,9.999999999999999e-06,7.039009128400266e-07,1.4840590171244192e-06,2.526568304792635e-05,1e-09,1e-08,2.526568304792635e-05,0.5053136609585269,0.0,0.0,0.02136604442330217,0.38910023702116087,0.6108997629788399,0.0,0.0,0.6108997629788399
5e-05,9.999999999999999e-06,7.044941118349217e-07,1.484845878081613e-06,2.5252568698639783e-05,1e-09,1e-08,2.5252568698639783e-05,0.5050513739727956,0.0,0.0,0.02783915944944069,0.4099039888366372,0.5900960111633624,0.0,0.0,0.5900960111633624
5e-05,9.999999999999999e-06,7.096658686734574e-07,1.4811242450621621e-06,2.5314595915630635e-05,1e-09,1e-08,2.5314595915630635e-05,0.5062919183126127,0.0,0.0,0.08427448248801278,0.31150804101753105,0.6884919589824733,0.0,0.0,0.6884919589824733
5e-05,9.999999999999999e-06,7.032878986483157e-07,1.4857471636007345e-06,2.5237547273321095e-05,1e-09,1e-08,2.5237547273321095e-05,0.5047509454664219,0.0,0.0,0.014676701707369483,0.43373300218806005,0.5662669978119438,0.0,0.0,0.5662669978119438
5e-05,9.999999999999999e-06,7.043516151018834e-07,1.4829111847082082e-06,2.5284813588196532e-05,1e-09,1e-08,2.5284813588196532e-05,0.5056962717639306,0.0,0.0,0.026284204448262675,0.3587527906339733,0.6412472093660289,0.0,0.0,0.6412472093660289
5e-05,9.999999999999999e-06,7.043418490591194e-07,1.4851920425890705e-06,2.5246799290182162e-05,1e-09,1e-08,2.5246799290182162e-05,0.5049359858036432,0.0,0.0,0.02617763528899975,0.41905620363981305,0.5809437963601901,0.0,0.0,0.5809437963601901
5e-05,9.999999999999999e-06,7.12327897559362e-07,1.4913582665655584e-06,2.5144028890574027e-05,1e-09,1e-08,2.5144028890574027e-05,0.5028805778114805,0.0,0.0,0.1133231142787864,0.5820844897336813,0.4179155102663184,0.0,0.0,0.4179155102663184
5e-05,9.999999999999999e-06,7.114046606938586e-07,1.4891132949951506e-06,2.5181445083414157e-05,1e-09,1e-08,2.5181445083414157e-05,0.5036289016682831,0.0,0.0,0.10324855501923769,0.5227298719240477,0.47727012807595187,0.0,0.0,0.47727012807595187
5e-05,9.999999999999999e-06,7.036746110095464e-07,1.4870615834735494e-06,2.5215640275440843e-05,1e-09,1e-08,2.5215640275440843e-05,0.5043128055088169,0.0,0.0,0.01889659017282289,0.4684848405724301,0.531515159427568,0.0,0.0,0.531515159427568
