F_t,T1,T2,BER,Loss_dB,Distance_km,Transmission_Efficiency,Depolarization_Level,Photon_Rate,Latency,channel_available
0.0,5.015235853987722e-05,3.0075961353088606e-05,0.18937961326287361,1.9969021243620142,9.98451062181007,0.63140757462659,0.010166801152337274,631407.57462659,6.152580655240507e-05,0.0
0.6705602578599136,4.962931931595943e-05,3.034300764669469e-05,0.18973531902854887,1.997566443604124,9.98783221802062,0.6313109986534983,0.010781636710596,631310.9986534982,6.196709359355853e-05,1.0
0.6731061727759179,5.001195852754347e-05,3.0418143870721857e-05,0.18913190743445255,1.9852075552910664,9.926037776455331,0.6331101037873526,0.011373918656257623,633110.1037873526,6.155309037528687e-05,1.0
0.0,5.048200171518821e-05,3.108143049323175e-05,0.18801391719458327,1.9716258685682424,9.858129342841211,0.6350931274807059,0.011120961869872412,635093.1274807059,6.119354294633204e-05,0.0
0.6743414287830442,4.949684408655753e-05,3.148873811910824e-05,0.18822594904952233,1.9740163290202575,9.870081645101287,0.6347436532581773,0.01119555135722196,634743.6532581772,6.134030706440069e-05,1.0
0.68037763333377,4.885581745139522e-05,3.136670502731097e-05,0.18723175756088015,1.9669581967667025,9.834790983833512,0.6357760741922411,0.010239589314001448,635776.0741922412,6.077320410735766e-05,1.0
0.0,4.894262130395096e-05,3.124396269662263e-05,0.18623769754198452,1.9530939156612992,9.765469578306496,0.6378089489480133,0.010284344031982385,637808.9489480134,6.0556799149910825e-05,0.0
0.6803604255835013,4.880564758170015e-05,3.135999245853578e-05,0.18681315049369515,1.9636854502712138,9.818427251356068,0.6362553614500365,0.009881662437426778,636255.3614500365,6.070111384579042e-05,1.0
0.6778162263105868,4.8821134051314e-05,3.108138685523736e-05,0.18635787670553958,1.9580937945365187,9.790468972682593,0.6370750845646188,0.009790837975697984,637075.0845646188,6.06572537363155e-05,1.0
0.6817063838175899,4.841818940650093e-05,3.140964561009236e-05,0.18684215512170044,1.9704300346844417,9.852150173422208,0.6352680250403748,0.008952335283775677,635268.0250403748,6.079814628639442e-05,1.0
0.0,4.888952460580233e-05,3.148993285444359e-05,0.18701792004988818,1.971306141901847,9.856530709509235,0.6351398846216834,0.0091757247214597,635139.8846216834,6.035736624042554e-05,0.0
0.0,4.9300630081400756e-05,3.153707187061228e-05,0.18685941704167608,1.9748276076843632,9.874138038421815,0.6346250917958906,0.008343925879242703,634625.0917958906,6.033569687158725e-05,0.0
0.692035973941188,4.934763282855335e-05,3.1712416533531276e-05,0.18679528096354464,1.9732160580697073,9.866080290348537,0.6348606277379644,0.008451189665053642,634860.6277379644,6.050834128276369e-05,1.0
0.6928060115816236,4.99243007754663e-05,3.219501716787137e-05,0.18459690367959053,1.9472001144628561,9.73600057231428,0.6386751057160602,0.007868913075241294,638675.1057160603,5.99926019226951e-05,1.0
0.6932711940433548,5.0159569431082994e-05,3.22024034301702e-05,0.18364666986119288,1.9368882472630622,9.68444123631531,0.6401933745737828,0.007486714296168526,640193.3745737828,5.9757832521678193e-05,1.0
0.6862351592439838,4.972673181101971e-05,3.212444325030538e-05,0.1839608646209953,1.9368933877206136,9.684466938603068,0.6401926168195271,0.008114346061517737,640192.6168195271,6.004068806221805e-05,1.0
0.6886155717112812,4.9916572566840566e-05,3.253457027229605e-05,0.1844883447714778,1.9418028113391284,9.709014056695642,0.6394693285702886,0.008446018113244193,639469.3285702886,6.0109978381533596e-05,1.0
0.0,4.943879981508926e-05,3.277414399164747e-05,0.18355691345595912,1.9250700148884647,9.625350074442323,0.6419378724078963,0.009051699319814581,641937.8724078963,5.971724320251047e-05,0.0
0.0,4.988924896944111e-05,3.2622367159699407e-05,0.1840274608291512,1.9260325975120907,9.630162987560453,0.6417956072413665,0.009850528899668934,641795.6072413665,5.9605567847587016e-05,0.0
0.6842952232802108,4.986650103455916e-05,3.257147575110312e-05,0.18311501114326398,1.9162893046897087,9.581446523448543,0.6432370766815777,0.009467098968105672,643237.0766815777,5.965987586185781e-05,1.0
0.681784048097916,4.9776739832095346e-05,3.25786605108627e-05,0.18379267880372174,1.920309720246811,9.601548601234054,0.6426418852125205,0.010227242819963995,642641.8852125205,5.985279195020959e-05,1.0
0.0,4.944074026325147e-05,3.263563118402694e-05,0.18352757994172927,1.9217095179848762,9.608547589924381,0.6424347852520167,0.009489945135475264,642434.7852520167,5.9723798481728434e-05,0.0
0.6926652580531802,5.006319612732345e-05,3.2175938605064666e-05,0.1843842445942724,1.9307103436494746,9.653551718247373,0.6411047072114934,0.00987319640003821,641104.7072114934,5.9508488988742916e-05,1.0
0.0,4.998466746374258e-05,3.1669674450622905e-05,0.18515065091051114,1.9427643660783602,9.713821830391801,0.6393277617937152,0.00962906361473746,639327.7617937152,6.015651332398443e-05,0.0
0.0,4.977081020338618e-05,3.137006395500971e-05,0.1853436046601137,1.9484989777495334,9.742494888747666,0.6384841229508956,0.009171332271123054,638484.1229508956,6.008491101696786e-05,0.0
0.6853454782914384,4.959932722407434e-05,3.105324114300611e-05,0.18621289871290223,1.9581329340842484,9.790664670421242,0.6370693431335483,0.009495140559352813,637069.3431335484,6.035993049961801e-05,1.0
0.6717132155845222,4.9873495272369525e-05,3.0839029115954237e-05,0.18625858041551108,1.955466850643325,9.777334253216624,0.6374605526797282,0.009977713510750363,637460.5526797283,6.101092617558806e-05,1.0
0.0,5.0058747399104175e-05,3.101266172626215e-05,0.18861773266645396,1.9845886877431298,9.922943438715649,0.6332003281009507,0.010435793433858628,633200.3281009507,6.197693986741308e-05,0.0
0.6599644075074335,5.026393875692009e-05,3.094172974483949e-05,0.18779985607830132,1.9727087230233185,9.863543615116592,0.6349347953530262,0.010534507509628852,634934.7953530262,6.215604117258919e-05,1.0
0.6636162483678019,5.047407048328563e-05,3.0981813531445755e-05,0.18748142424324715,1.967976990783759,9.839884953918794,0.6356269475236066,0.010589796010100894,635626.9475236066,6.185954396089773e-05,1.0
0.6592136008154676,5.153541287405515e-05,3.0594886237804164e-05,0.18831293420048226,1.9776310367955525,9.888155183977762,0.6342155649817843,0.010841433382748828,634215.5649817843,6.240898564641257e-05,1.0
0.6582540970253556,5.130149710838174e-05,3.0444495852171797e-05,0.18896220555226917,1.9856056291082513,9.928028145541257,0.6330520756483141,0.010976486752852448,633052.0756483141,6.259698695758512e-05,1.0
0.6564525685786822,5.1019345801678335e-05,3.061178323365181e-05,0.18946376104077084,1.9907674067175098,9.953837033587549,0.6323001128560467,0.011227634937588389,632300.1128560466,6.281669954944958e-05,1.0
0.6462312276787487,5.059207252152083e-05,3.077803330643182e-05,0.19000712992226781,1.9977052451630908,9.988526225815454,0.6312908221248563,0.011305081969391978,631290.8221248563,6.357544773687075e-05,1.0
0.6477089466855795,5.088822078237816e-05,3.054510049184681e-05,0.18869015816183163,1.9769155687137687,9.884577843568843,0.6343200559185941,0.01170037224225732,634320.0559185941,6.293945574623691e-05,1.0
0.6501489684347469,5.143494251309105e-05,3.058269719792374e-05,0.18945846869505448,1.9932702442848715,9.966351221424357,0.631935823504028,0.01085276089413696,631935.823504028,6.332376764104959e-05,1.0
0.6572461129683599,5.1349269934001786e-05,3.1230697610009965e-05,0.1892785452703008,1.9913659298105078,9.956829649052539,0.6322129783981094,0.010770068938711028,632212.9783981094,6.297535515305955e-05,1.0
0.652636855454757,5.0902206296840486e-05,3.1200804279033075e-05,0.18984295515392663,2.003997553037006,10.01998776518503,0.6303768340051608,0.010062744313014014,630376.8340051607,6.353386216233849e-05,1.0
0.6540326123912524,5.0471921563058055e-05,3.0968832109609683e-05,0.18842638475724285,1.9835823361865863,9.917911680932932,0.6333470709210705,0.010199840435556176,633347.0709210704,6.282661520486373e-05,1.0
0.6491853873581053,5.078777952570924e-05,3.089732675060884e-05,0.18904582254559152,1.9864763744976663,9.932381872488332,0.6329251636235889,0.0110168087147719,632925.1636235889,6.318103815138242e-05,1.0
0.6590294094658651,5.1143651020796775e-05,3.090703334785472e-05,0.18852598659863667,1.9811118242162646,9.905559121081323,0.6337074569522296,0.010759430149502978,633707.4569522296,6.252156784604511e-05,1.0
0.6568885514943795,5.139235513453344e-05,3.084354216669046e-05,0.18899486292702555,1.9872107892477524,9.936053946238761,0.6328181417076104,0.010807867561661527,632818.1417076105,6.281875794856961e-05,1.0
0.6593532635424523,5.1031753178198425e-05,3.0817264913153696e-05,0.18942544733164682,1.990637277987486,9.953186389937429,0.6323190589045955,0.011169953567889116,632319.0589045956,6.268854241089652e-05,1.0
0.6554525472655238,5.1127198776167815e-05,3.0367885575809572e-05,0.189176801863132,1.9944850104027279,9.972425052013639,0.6317590893043841,0.010112693030648072,631759.0893043841,6.298543880385245e-05,1.0
0.655147703910443,5.116299770521482e-05,3.0071738721767595e-05,0.18828203941810498,1.9840058933123583,9.920029466561791,0.633285305092753,0.009849383928963016,633285.305092753,6.269692685386125e-05,1.0
0.658148460787464,5.124908204947503e-05,3.0025503376210795e-05,0.1883564604738275,1.9837560842379252,9.918780421189625,0.6333217331323652,0.01003465408002018,633321.7331323652,6.250814436211889e-05,1.0
0.6623709346437942,5.165981479745963e-05,2.997541291767985e-05,0.1875241683260527,1.9822792920738732,9.911396460369366,0.6335371269834857,0.008585463635591139,633537.1269834858,6.233697182783138e-05,1.0
0.0,5.173841627589778e-05,2.980604787686825e-05,0.18768099809751776,1.9875868066494702,9.93793403324735,0.6327633539213063,0.00812535011634183,632763.3539213063,6.219894341168402e-05,0.0
0.6628445909824261,5.204310473191577e-05,2.9756822843507955e-05,0.18871288174749537,1.9977280404708155,9.988640202354077,0.6312875086057149,0.008713272100705638,631287.5086057149,6.269362511890497e-05,1.0
0.6682630061530144,5.20360321720219e-05,2.9779990843262057e-05,0.18908914603973512,1.9992782388814854,9.996391194407426,0.6310622130294467,0.009240505108916887,631062.2130294467,6.240278039220138e-05,1.0
0.6708508801250641,5.213987122792645e-05,3.0051215063354174e-05,0.1882628221310728,1.9865309512199696,9.932654756099847,0.632917209858278,0.0094428541204236,632917.209858278,6.199555812064038e-05,1.0
0.6692465484600139,5.241271791628719e-05,3.0020427241519277e-05,0.18858694664168865,1.9878761202912376,9.939380601456188,0.6327212025746094,0.009895095857986718,632721.2025746094,6.212611353453e-05,1.0
0.6596064744133512,5.163588564803361e-05,3.0139749658278366e-05,0.19055565348859138,2.0142293601695056,10.071146800847528,0.6288934390808549,0.010004746058037715,628893.4390808549,6.326040867857626e-05,1.0
0.6587272953922215,5.144333232689429e-05,2.9974474574682623e-05,0.19186344540521708,2.0304048262359933,10.152024131179965,0.626555457780164,0.01028234859059812,626555.457780164,6.364391225648414e-05,1.0
0.6604339082009912,5.1179279353210004e-05,3.0146613800268515e-05,0.1895845958096163,2.0000527340836967,10.000263670418482,0.6309496831451332,0.01011887476436585,630949.6831451332,6.27946809447035e-05,1.0
0.0,5.083625484202413e-05,3.0256400613546852e-05,0.1896582932281038,2.000685110938971,10.003425554694855,0.630857817154332,0.01017440361053958,630857.817154332,6.287671357376796e-05,0.0
0.6708506028176847,5.0681958619570305e-05,3.0511017702229863e-05,0.19017373771955376,2.009992603972745,10.049963019863725,0.6295072549060133,0.009854730345120877,629507.2549060134,6.24701699189041e-05,1.0
0.6791987932354859,5.14157901027961e-05,3.071483548691861e-05,0.19034440191781465,2.0079694817676104,10.039847408838051,0.6298005735746803,0.010489377410309616,629800.5735746804,6.205559105717681e-05,1.0
0.0,5.095455874289355e-05,3.0877159464044585e-05,0.1903745467727245,2.0032091829308194,10.016045914654097,0.6304912760214055,0.011240369566854523,630491.2760214056,6.182684655633377e-05,0.0
0.0,5.1419606745331424e-05,3.083009105216636e-05,0.1905086158831829,2.0004753571213683,10.00237678560684,0.6308882868095002,0.01190551857586597,630888.2868095002,6.154967782621642e-05,0.0
0.0,5.054977972461689e-05,3.088697099923637e-05,0.1907876646208212,2.0059877448332872,10.029938724166437,0.6300880245818673,0.01166335382350972,630088.0245818673,6.121648165427775e-05,0.0
0.6872994410483927,5.0371341615131666e-05,3.1188284257787095e-05,0.18968965661187204,1.9943832901928715,9.971916450964358,0.6317738865036129,0.011153199727356983,631773.8865036129,6.120236812294871e-05,1.0
0.6845402399784283,5.0445291315381535e-05,3.0968896201810516e-05,0.1908689346376883,2.006382510905108,10.031912554525539,0.6300307532878083,0.011768622563184925,630030.7532878084,6.159341994225928e-05,1.0
0.6833094236766655,5.0729496654753546e-05,3.076099594416524e-05,0.1909373476592913,2.0056949307700247,10.028474653850123,0.6301305083946344,0.012005203713216932,630130.5083946344,6.162963286967431e-05,1.0
0.6877636553687329,5.1070520011554905e-05,3.0800205444667046e-05,0.1903121031435055,1.9962307894135087,9.981153947067543,0.6315051855227034,0.012129391809714415,631505.1855227035,6.119508679840662e-05,1.0
0.6885325768385466,5.144578322892377e-05,3.090878524285334e-05,0.1909542661776057,2.0075496752392255,10.037748376196127,0.6298614555758362,0.011769987931047554,629861.4555758361,6.151609049218727e-05,1.0
0.6839592678435832,5.1242505028221074e-05,3.064337758821707e-05,0.18990953902988153,1.9919473726833248,9.959736863416623,0.6321283420189819,0.011947420078744985,632128.3420189819,6.129382079389793e-05,1.0
0.0,5.098647903132437e-05,3.0608081267428736e-05,0.18922616025368408,1.9865563242596425,9.932781621298211,0.6329135121399709,0.011365832647339117,632913.5121399709,6.108967303759859e-05,0.0
0.0,5.139573739132646e-05,3.0567720009811525e-05,0.1889737987230303,1.9811084471215978,9.905542235607989,0.6337079497263712,0.01165554717243185,633707.9497263712,6.109833248229743e-05,0.0
0.6840821117739548,5.127217048105912e-05,2.9891781574934254e-05,0.1908897234737325,2.0029256975615275,10.014628487807636,0.6305324326313213,0.012311879578786319,630532.4326313213,6.141353317266299e-05,1.0
0.6809652149974305,5.0608883909768974e-05,2.982806774665794e-05,0.1907724439853839,1.9960169759239024,9.980084879619511,0.6315362767883967,0.013081164759164569,631536.2767883968,6.128325291094679e-05,1.0
0.6727032242884387,5.0030062624571856e-05,2.978431104187024e-05,0.1893538517350927,1.974546984200423,9.872734921002115,0.6346661000208508,0.013373803491036186,634666.1000208508,6.110159603248065e-05,1.0
0.0,4.9569735229079617e-05,2.974053693818593e-05,0.18858644308144956,1.9692378933636232,9.846189466818116,0.6354424304835058,0.012615316646404902,635442.4304835058,6.134371624408406e-05,0.0
0.0,4.98269208965249e-05,3.017050048179539e-05,0.18898767882091755,1.9744086389703985,9.872043194851992,0.6346863177371147,0.012661675378949815,634686.3177371147,6.186900614753848e-05,0.0
0.0,4.990159534662969e-05,2.9802350982606823e-05,0.19010573379009482,1.9827613116568266,9.913806558284133,0.63346681516321,0.013678282743399675,633466.81516321,6.21533176858635e-05,0.0
0.0,5.024880611673098e-05,2.9558917191593302e-05,0.19153275938097464,2.005871482358118,10.029357411790588,0.6301048925313613,0.013170411293310539,630104.8925313613,6.272887044196423e-05,0.0
0.0,5.00302036712281e-05,2.8784080108265637e-05,0.1924967300315002,2.0198230284208143,10.09911514210407,0.6280839522179889,0.01307741228098922,628083.9522179889,6.293138075102359e-05,0.0
0.0,5.0108869443341896e-05,2.866412350624808e-05,0.19292653870067358,2.0213057937915493,10.106528968957747,0.6278695488099227,0.013722626211269923,627869.5488099228,6.241748835752668e-05,0.0
0.6735036374034366,5.0419487251458724e-05,2.8572147969885317e-05,0.19236769713193677,2.0119655232399705,10.059827616199852,0.6292213463842078,0.013956740648081318,629221.3463842078,6.17828148145623e-05,1.0
0.6724697319441675,5.025642423656943e-05,2.8447711857587336e-05,0.19410517446301273,2.0279664870886447,10.139832435443223,0.6269073350713368,0.015117683997362245,626907.3350713368,6.214274888451832e-05,1.0
0.6750673283362939,5.047968337061675e-05,2.8811060822280717e-05,0.1935642485384256,2.0237215218436098,10.118607609218047,0.6275203985489495,0.014648895625800705,627520.3985489495,6.201526648450788e-05,1.0
0.6677693041686441,5.0139126732671085e-05,2.909302486253619e-05,0.19276013863433655,2.0166655190445915,10.083327595222956,0.6285407625517412,0.014061039820414279,628540.7625517412,6.227408875440601e-05,1.0
0.0,4.995481727473513e-05,2.9134521382565657e-05,0.1926994621381447,2.0121614706421584,10.060807353210793,0.6291929574656342,0.01459188174192358,629192.9574656342,6.255877826759205e-05,0.0
0.0,4.976485198224126e-05,2.9040647038852384e-05,0.19142845496797287,1.9993953588403472,9.996976794201736,0.6310451948570036,0.013902104792949342,631045.1948570036,6.202858480007003e-05,0.0
0.0,4.917163511980192e-05,2.9367690998507395e-05,0.19100309519531405,1.9947572507518307,9.973786253759153,0.6317194883120535,0.013725678702681586,631719.4883120535,6.21572557958026e-05,0.0
0.6624197574125733,4.943168865779867e-05,2.937440982058649e-05,0.190787473030346,1.9925310224370099,9.962655112185049,0.6320433957955062,0.013618341856198167,632043.3957955062,6.195271293801977e-05,1.0
0.6571041594845436,4.9208353714541334e-05,2.9141440612499222e-05,0.1915523659737695,1.9999869680463906,9.999934840231953,0.6309592378082282,0.014063969755767165,630959.2378082281,6.234110773361354e-05,1.0
0.0,4.923043369961435e-05,2.864373719700387e-05,0.19138327160926463,1.9961063453344527,9.980531726672263,0.6315232811261352,0.014289824344664446,631523.2811261353,6.247906881359803e-05,0.0
0.0,4.9486198355075014e-05,2.853846810489509e-05,0.19053744286079302,1.9835096260093785,9.917548130046892,0.6333576745932735,0.014432560314859589,633357.6745932736,6.252525047051076e-05,0.0
0.6494202897502562,4.971973997598849e-05,2.879409182794897e-05,0.189245046038409,1.967801711936624,9.83900855968312,0.6356526015927936,0.014142693669611564,635652.6015927936,6.196600941585156e-05,1.0
0.0,5.005803773095511e-05,2.950117159825292e-05,0.18970780149164726,1.9705413751731227,9.852706875865612,0.6352517388224658,0.014667341805760304,635251.7388224658,6.232337277056959e-05,0.0
0.6559193023177463,5.0007634234081294e-05,2.9529631270144703e-05,0.19076377495772917,1.9718568062043524,9.859284031021762,0.6350593570755504,0.016586906991008732,635059.3570755504,6.177321756768912e-05,1.0
0.0,4.9795832393377594e-05,2.930943199020572e-05,0.1905063910318306,1.9668765429681336,9.834382714840668,0.6357880278369888,0.016800809900650016,635788.0278369888,6.202803974299371e-05,0.0
0.6470975805484703,4.976005664005684e-05,2.896775378791634e-05,0.19016948872247677,1.9628644475038504,9.814322237519251,0.6363756523614569,0.016714629806410433,636375.6523614569,6.190310981616527e-05,1.0
0.6467503057714347,4.892118829027669e-05,2.9153985181049696e-05,0.19011673789433453,1.967492027881765,9.837460139408824,0.6356979299361171,0.015931405724786143,635697.929936117,6.200105095364604e-05,1.0
0.0,4.821920828825961e-05,2.8641520661713422e-05,0.19096155882851648,1.982047649861023,9.910238249305115,0.6335709192285989,0.015494036885631843,633570.9192285988,6.173743554628832e-05,0.0
0.0,4.759347431631722e-05,2.883379377890062e-05,0.19030985795363506,1.9746052510223628,9.873026255111814,0.6346575851236754,0.015277301030945553,634657.5851236754,6.143105092315233e-05,0.0
0.649057982159322,4.7142981416190134e-05,2.9102431385201483e-05,0.1902254883818676,1.97600217436407,9.88001087182035,0.6344534781264579,0.014904454890193077,634453.4781264579,6.187129943362722e-05,1.0
0.0,4.740000890122805e-05,2.925126659346731e-05,0.1909065920554325,1.986064834916842,9.930324174584209,0.6329851427642608,0.01479832687512579,632985.1427642608,6.198543047844516e-05,0.0
0.0,4.699926919552346e-05,2.92003427600164e-05,0.1907573592110447,1.9785823953165325,9.892911976582662,0.6340766499539375,0.015591368376026917,634076.6499539375,6.20057321246195e-05,0.0
0.6472285297474245,4.6870202534593294e-05,2.9385818100880115e-05,0.19103309510393962,1.9788544262645686,9.894272131322843,0.6340369342593117,0.016103124467190998,634036.9342593118,6.201207599180051e-05,1.0
0.0,4.758241263279446e-05,2.9449383250201003e-05,0.19093549124879838,1.9788973817084008,9.894486908542003,0.6340306631220163,0.01590164561961305,634030.6631220162,6.232113631307251e-05,0.0
0.0,4.745263239460786e-05,2.9226958432638807e-05,0.1896466716549594,1.9662064817237974,9.831032408618986,0.635886129424969,0.01517947273488786,635886.1294249691,6.20443400676114e-05,0.0
0.6505116368094586,4.787233753094924e-05,2.9797542960698537e-05,0.19010200817245532,1.9685673400369776,9.842836700184888,0.6355405507567307,0.01574456710164131,635540.5507567306,6.180603450562115e-05,1.0
0.0,4.744808194032532e-05,2.969608828760141e-05,0.1901013705695709,1.9695114400222824,9.847557200111412,0.635402407483736,0.015605148622877802,635402.407483736,6.183473518911453e-05,0.0
0.6425508594906322,4.7396401522584995e-05,2.9934892211984356e-05,0.19006404435509042,1.9756720537177974,9.878360268588986,0.6345017067274382,0.014629795437619069,634501.7067274383,6.245717661884161e-05,1.0
0.6365698780604913,4.6973462464678e-05,2.9210610082935956e-05,0.1893632892608032,1.9642897478968344,9.821448739484172,0.6361668360665068,0.014893414588113205,636166.8360665068,6.230060499121047e-05,1.0
0.0,4.686447667743416e-05,2.9609339146111514e-05,0.18963038303846252,1.9651036567915101,9.82551828395755,0.6360476235615427,0.015308389638467673,636047.6235615426,6.226215159551347e-05,0.0
0.0,4.734734121261418e-05,3.005778148658566e-05,0.19003196723113905,1.9796189242922377,9.898094621461189,0.6339253331809529,0.013989267643230986,633925.3331809529,6.327906522525714e-05,0.0
0.6246588946664152,4.6536734176765724e-05,3.0065575992991937e-05,0.19132815035861936,2.000801544125516,10.004007720627579,0.6308409042520612,0.013497204969299913,630840.9042520612,6.412062358949843e-05,1.0
0.6228491973191492,4.682321131500334e-05,3.0231895783553426e-05,0.19219277043177505,2.0135868059327215,10.067934029663608,0.62898649300071,0.013372033864260058,628986.4930007099,6.46432636095709e-05,1.0
0.6228933421414813,4.700561488986941e-05,3.0394812422364626e-05,0.19146941661303563,2.0015443547575646,10.007721773787823,0.6307330154165579,0.013671848642629165,630733.0154165579,6.439133320054024e-05,1.0
0.6191434769034103,4.676842761422362e-05,3.0194081103025116e-05,0.191628886493121,2.0060239944828497,10.030119972414248,0.6300827653912225,0.013340538377464496,630082.7653912226,6.467535185746566e-05,1.0
0.0,4.611003013474492e-05,3.0354336172596417e-05,0.1910280218740278,2.001072048843582,10.005360244217908,0.6308016129108727,0.012857656658928239,630801.6129108727,6.472987779853093e-05,0.0
0.0,4.622389428590696e-05,3.0104660308182723e-05,0.19138579330505848,2.0038896137980093,10.019448068990046,0.6303925015404729,0.013164088150589816,630392.5015404728,6.409141078717715e-05,0.0
0.0,4.603467004565692e-05,2.991994002492547e-05,0.1906704684952238,1.9960896544642797,9.980448272321398,0.6315257082104734,0.012866645200920939,631525.7082104734,6.397500925883821e-05,0.0
0.0,4.623031475042113e-05,3.025962416739065e-05,0.1895347468844493,1.9790331269564712,9.895165634782355,0.6340108458532783,0.013080339622176869,634010.8458532783,6.345889895539767e-05,0.0
0.0,4.631663452817443e-05,3.05468289912529e-05,0.1890051222532877,1.9760072920303433,9.880036460151716,0.6344527304956706,0.012462975002246036,634452.7304956707,6.319365878467379e-05,0.0
0.635014135265264,4.71911912832714e-05,3.03239797607931e-05,0.1892047791020587,1.9837131731558366,9.918565865779183,0.6333279907884655,0.011737548992582916,633327.9907884655,6.329180509911955e-05,1.0
0.0,4.7127689643869455e-05,3.0097427262526927e-05,0.18960987940705915,1.986918907247458,9.93459453623729,0.6328606737773982,0.012080432591516456,632860.6737773982,6.287121432995895e-05,0.0
0.6499872557944568,4.667338710468113e-05,2.9901799736539088e-05,0.18996470356543727,1.9912100077016524,9.95605003850826,0.6322356767639702,0.012165083894844733,632235.6767639702,6.24131439783272e-05,1.0
0.6445659068832161,4.682955718006567e-05,3.0123555611747955e-05,0.19034389592487935,1.993549310777413,9.967746553887064,0.6318952182338072,0.012583010083565943,631895.2182338072,6.283291940474004e-05,1.0
0.0,4.700296437845024e-05,2.9821089065269877e-05,0.19048844960565825,1.997723599310322,9.988617996551609,0.6312881541701174,0.012265053381433903,631288.1541701175,6.305604023126935e-05,0.0
0.0,4.7742498878501455e-05,2.9931681075675267e-05,0.1906549408856807,2.0030642449149823,10.015321224574912,0.630512317891204,0.011822199662565352,630512.317891204,6.244339372825196e-05,0.0
0.6623264628291846,4.8205204523888714e-05,3.015710149735205e-05,0.19077299161569156,2.000256145727137,10.001280728635683,0.6309201318817014,0.0124661151130845,630920.1318817014,6.219294013402775e-05,1.0
0.6587594236840635,4.8419535962985695e-05,3.012748583231708e-05,0.19042742250309821,2.00107992842679,10.00539964213395,0.6308004684226292,0.011655313428825574,630800.4684226292,6.247396949172106e-05,1.0
0.0,4.9182796689335763e-05,3.0427955224730215e-05,0.19198565153625016,2.0184909136069513,10.092454568034755,0.628276634442339,0.012247937514839375,628276.6344423391,6.281630038348786e-05,0.0
0.6541442226856554,4.860475922838762e-05,3.0328103069388675e-05,0.19236927440968427,2.0195414056248238,10.097707028124118,0.6281246822989153,0.01286323111828378,628124.6822989152,6.32089836192079e-05,1.0
0.6477460517862118,4.8312788277444995e-05,3.0257384327702728e-05,0.1925581815428126,2.0195762124768666,10.097881062384332,0.6281196481674259,0.013236011253051141,628119.6481674259,6.351037036072021e-05,1.0
0.0,4.7883244541193334e-05,2.9959062771809115e-05,0.19239995399100382,2.020213533299593,10.101067666497965,0.6280274792874773,0.012827387269484895,628027.4792874772,6.30988707175192e-05,0.0
0.0,4.773067474879158e-05,3.0265034720658995e-05,0.1919807057654405,2.017630177450439,10.088150887252194,0.6284011660748515,0.012362577605732518,628401.1660748515,6.297941894393511e-05,0.0
0.0,4.7087718180037594e-05,3.0029777892152155e-05,0.19156390303020213,2.012924014264222,10.06462007132111,0.6290824921067145,0.012210298167118768,629082.4921067145,6.27165647466836e-05,0.0
0.6651470469367043,4.7463539289844047e-05,3.013411387962363e-05,0.1913504287070949,2.014752319222592,10.07376159611296,0.6288177149511709,0.011518572365360693,628817.7149511708,6.233763159453565e-05,1.0
0.6733963640949973,4.7403157155497776e-05,3.0110036781893376e-05,0.19070710653768652,2.009400120818549,10.047000604092743,0.6295931408433036,0.01100735391867668,629593.1408433036,6.176816786469856e-05,1.0
0.6747951765050483,4.671969086513649e-05,2.979200112732201e-05,0.19073909086070268,2.0077569691074055,10.038784845537027,0.6298313922646523,0.01130957398605767,629831.3922646523,6.149461931116277e-05,1.0
0.6762688269718196,4.627750750722999e-05,2.9613430161628573e-05,0.1903033220505022,1.9996966826599945,9.998483413299972,0.6310014129624442,0.011608057063448595,631001.4129624441,6.111482062545416e-05,1.0
0.6767441061083518,4.6508714280810486e-05,3.003602323010822e-05,0.1901037456424828,2.0007828670521377,10.003914335260689,0.6308436172239466,0.011051108508912146,630843.6172239465,6.124449609725166e-05,1.0
0.0,4.699760327914147e-05,3.00958000282964e-05,0.19068513650439933,2.006609159152855,10.033045795764275,0.6299978742975852,0.01136814730638394,629997.8742975852,6.171891895331495e-05,0.0
0.6700203875906634,4.805601665940454e-05,2.979113892532042e-05,0.19062169676262433,2.004357827370689,10.021789136853444,0.6303245424878775,0.011567936013126164,630324.5424878775,6.182565534601464e-05,1.0
0.6690384956385504,4.955182755922011e-05,2.988691463301862e-05,0.18951630353810775,1.9841868864543821,9.92093443227191,0.6332589133439367,0.012291520420152193,633258.9133439367,6.155215930195627e-05,1.0
0.670630962574954,4.976799572467371e-05,2.9845342130879884e-05,0.1900888254564608,1.9904068641658492,9.952034320829245,0.6323526073197613,0.01253025823268291,632352.6073197613,6.16287236554899e-05,1.0
0.0,4.92778667501643e-05,3.088464920893554e-05,0.19042961648573764,1.9918005653101298,9.959002826550648,0.6321497106234212,0.013008943594896441,632149.7106234211,6.18470952020539e-05,0.0
0.6676544432618263,4.822628627479536e-05,3.095249337715951e-05,0.1898070680722207,1.9820322395037924,9.910161197518962,0.6335731673740223,0.013187303518463618,633573.1673740223,6.155733294103238e-05,1.0
0.6696763055035972,4.839561628047137e-05,3.081925605549641e-05,0.1906098851471612,1.9901242971369493,9.950621485684746,0.6323937517086206,0.01361352200294294,632393.7517086206,6.162706212781671e-05,1.0
0.0,4.802123340720678e-05,3.1228879309722616e-05,0.18924660438451324,1.9763375591870518,9.881687795935258,0.6344044842155737,0.012897692984600194,634404.4842155738,6.185404486975011e-05,0.0
0.6710091063645606,4.78531301089728e-05,3.065199087334031e-05,0.18998430370206384,1.9872648841565554,9.936324420782777,0.632810259492225,0.012778866896352733,632810.259492225,6.141917308922197e-05,1.0
0.0,4.759001910726344e-05,3.066724710278783e-05,0.18992353038267196,1.986945920276952,9.93472960138476,0.632856737408968,0.012703798174311914,632856.7374089679,6.0854456683333515e-05,0.0
0.6803414542390315,4.7567823281909985e-05,3.12522307091364e-05,0.18819724836783094,1.9645183511176396,9.822591755588197,0.6361333505016962,0.012527847237358034,636133.3505016961,6.042496120706259e-05,1.0
0.0,4.814945693166561e-05,3.119232630964574e-05,0.18846546518460383,1.9670112799679194,9.835056399839596,0.6357683032385616,0.012699233607769237,635768.3032385616,6.042154967517742e-05,0.0
0.6889403004047673,4.826499207675497e-05,3.0648489470058406e-05,0.18834794807526117,1.9636091306876517,9.818045653438258,0.6362665426123394,0.012962438762861728,636266.5426123394,5.992047528460106e-05,1.0
0.6940266446525172,4.822037481670053e-05,3.0516744291334057e-05,0.1880615967814451,1.958768455155667,9.793842275778335,0.6369761249632498,0.013099318526140068,636976.1249632499,5.950647017060412e-05,1.0
0.0,4.773814044395361e-05,3.094276481779509e-05,0.18750547075816906,1.9522158284379918,9.761079142189958,0.6379379186986684,0.012948860215006597,637937.9186986685,5.9094587587769457e-05,0.0
0.6920467701700217,4.694603616272236e-05,3.103673040033542e-05,0.18726880522080552,1.9518993539606333,9.759496769803166,0.6379844075291728,0.012522017970783903,637984.4075291728,5.938859284943837e-05,1.0
0.682694386320618,4.676396148493125e-05,3.0764338959474955e-05,0.18723203972698696,1.9480094800697492,9.740047400348745,0.6385560911944724,0.013020170648446341,638556.0911944724,5.968324695147715e-05,1.0
0.0,4.6801790979823464e-05,3.054347933813175e-05,0.18599813739194898,1.93048238803647,9.65241194018235,0.6411383588598863,0.013134633643784331,641138.3588598863,5.9757278221219694e-05,0.0
0.6833348179586822,4.7749720117016933e-05,3.036469967002417e-05,0.18675203583031788,1.944593419142513,9.722967095712564,0.6390585623810732,0.01256263404170894,639058.5623810731,5.9643446261801795e-05,1.0
0.6916413211033823,4.785986297541304e-05,3.0465765041839887e-05,0.18657971802157497,1.9432579742000446,9.716289871000223,0.6392551015469,0.01241453759004995,639255.1015469,5.921935086282185e-05,1.0
0.0,4.83940354714163e-05,3.085790858088468e-05,0.18566426235979255,1.9370734645572611,9.685367322786306,0.6401660722798101,0.01149459699939527,640166.0722798102,5.86612921492457e-05,0.0
0.0,4.81765069627184e-05,3.115647731310674e-05,0.18491839247912586,1.9270477584406625,9.635238792203312,0.6416456054083294,0.011482390366581087,641645.6054083294,5.8832617487355446e-05,0.0
0.6911585808421563,4.762050494025552e-05,3.1270151421477344e-05,0.18553039890101933,1.9362141239463786,9.681070619731893,0.6402927547859115,0.011353552587950167,640292.7547859115,5.921381549079743e-05,1.0
0.0,4.718553646033423e-05,3.0845254965030554e-05,0.1845089657838331,1.924505521776486,9.622527608882429,0.6420213164933473,0.011039248061013494,642021.3164933473,5.896899095364827e-05,0.0
0.0,4.687921269885967e-05,3.042997011153191e-05,0.18510529569900552,1.9273552843595358,9.636776421797679,0.6416001717966839,0.01181076319469499,641600.1717966839,5.9131996568194036e-05,0.0
0.0,4.8005863311100056e-05,3.05813463156654e-05,0.1844741832224136,1.9229716886536092,9.614858443268046,0.6422481044262028,0.011196470871030033,642248.1044262028,5.9026410903220134e-05,0.0
0.6909538114815986,4.763505270526586e-05,3.0166078059972222e-05,0.18436410774736564,1.919258058274914,9.596290291374569,0.6427975224347193,0.0115257379294506,642797.5224347194,5.861818515579319e-05,1.0
0.6873499198866475,4.8101596253028714e-05,3.0095086392452195e-05,0.1841975894997758,1.9098373017996566,9.549186508998282,0.6441933982517759,0.012588577251327525,644193.3982517759,5.856388340686883e-05,1.0
0.0,4.768810073892463e-05,3.0184429798459004e-05,0.1841145315418237,1.9054373614384468,9.527186807192233,0.6448463765745119,0.013075439658159318,644846.376574512,5.8421684328904926e-05,0.0
0.6936393488797543,4.820012523058326e-05,2.9839463003881017e-05,0.18422280924367243,1.9074167381247464,9.537083690623732,0.6445525429866024,0.012998161473947249,644552.5429866024,5.813535728615976e-05,1.0
0.0,4.842859820902453e-05,2.9535395043495736e-05,0.1842211835204106,1.9116215256257414,9.558107628128706,0.6439287968839355,0.01237116392475664,643928.7968839355,5.844376383063123e-05,0.0
0.6921477814125138,4.838170729601499e-05,2.9516450823255476e-05,0.18340527932859066,1.9055331703003966,9.527665851501983,0.6448321509007879,0.01164270955796928,644832.1509007879,5.8190754142816077e-05,1.0
0.6909914917848833,4.8393691887026976e-05,2.9677216893047583e-05,0.18335870981377686,1.9065131628700145,9.532565814350072,0.6446866598917774,0.011404079519331133,644686.6598917774,5.831245050540281e-05,1.0
0.691901122604356,4.809842420157174e-05,3.000212818631076e-05,0.1839701387807809,1.9172674439223183,9.586337219611591,0.6430922200004258,0.011032497561987556,643092.2200004258,5.8570821354647954e-05,1.0
0.6876695489009016,4.835949181828135e-05,3.018420165301571e-05,0.18266953345195672,1.9022958094743814,9.511479047371907,0.6453130072523553,0.010652074156268738,645313.0072523553,5.849116141998517e-05,1.0
0.6857314601850626,4.816481024174533e-05,3.0202614598453056e-05,0.18272192375048027,1.9041872035489753,9.520936017744877,0.6450320284444472,0.010475875945407742,645032.0284444472,5.862581984045619e-05,1.0
0.0,4.75887111550268e-05,2.997470388041688e-05,0.18212734358515784,1.8965956200239742,9.48297810011987,0.6461605477097411,0.010415234880056743,646160.547709741,5.819049740483949e-05,0.0
0.6833873013577458,4.6997968144766454e-05,2.9653937704055187e-05,0.1816146175305312,1.8881368659023297,9.440684329511647,0.6474203010952159,0.010649536156278257,647420.3010952158,5.8100117380775126e-05,1.0
0.6812827048955561,4.714430274073218e-05,2.950759582347534e-05,0.18165978063250648,1.892984243714264,9.46492121857132,0.6466980860584085,0.010017647323421478,646698.0860584085,5.8349774528751065e-05,1.0
0.6807210549501325,4.7990962314122756e-05,2.96404245825e-05,0.1812423430767794,1.8896720441533033,9.448360220766515,0.6471914863253277,0.009676172478886524,647191.4863253278,5.843986606322082e-05,1.0
0.6752231742313657,4.811113887462702e-05,2.9748603202838204e-05,0.18046257544365896,1.8797105720078862,9.39855286003943,0.6486776621005796,0.009602812987897552,648677.6621005796,5.8517630236817204e-05,1.0
0.6764078249345483,4.808959693407954e-05,2.9123660543063903e-05,0.18158423982103186,1.8953591924884283,9.476795962442141,0.6463445344893642,0.009513014131427968,646344.5344893642,5.87335535945452e-05,1.0
0.0,4.827071806519922e-05,2.8905484223722373e-05,0.1828875246296409,1.9066529037819782,9.53326451890989,0.6446659164432244,0.01044096570250612,644665.9164432243,5.922928560139142e-05,0.0
0.0,4.895830457474864e-05,2.928872680472977e-05,0.18164297794765655,1.8891967861427468,9.445983930713734,0.6472623137895048,0.010548269684817925,647262.3137895048,5.828417822892156e-05,0.0
0.6852764697848772,4.90888297339356e-05,2.9326716782976418e-05,0.18029916188315248,1.876668569139871,9.383342845699355,0.6491321856188369,0.009730509385141854,649132.1856188369,5.7953892187756114e-05,1.0
0.0,4.890158952384002e-05,2.8915079773385993e-05,0.18103365135406504,1.8850697684702604,9.425348842351301,0.6478776871701023,0.0099449898782324,647877.6871701023,5.810078064638836e-05,0.0
0.6793559917601328,4.9476702088393166e-05,2.9643524532397718e-05,0.1811295804928925,1.8845196347704805,9.422598173852402,0.6479597609562547,0.01021892194203974,647959.7609562548,5.854190014125531e-05,1.0
0.6805902933521225,4.970154626585611e-05,2.9641971522055336e-05,0.18238524788294944,1.9018349885186205,9.509174942593102,0.6453814837231777,0.010151979489076576,645381.4837231777,5.8939305170826e-05,1.0
0.6796283951776785,5.047539333653698e-05,2.976443227940825e-05,0.18268364407304036,1.9099616527336583,9.549808263668291,0.6441749534160097,0.009542241562090444,644174.9534160097,5.933699980049622e-05,1.0
0.6893027040178866,5.0557502688417196e-05,2.9889001060633628e-05,0.18348318378287176,1.9147570749175253,9.573785374587626,0.6434640565127618,0.010430424078505366,643464.0565127619,5.893659259858803e-05,1.0
0.6896974684272109,4.99341181187886e-05,2.9780942399572898e-05,0.18258007689295508,1.9062433065009203,9.531216532504601,0.6447267198542345,0.00988687364014463,644726.7198542345,5.863686768425333e-05,1.0
0.6916990344462565,4.9251356156789993e-05,2.956705144703502e-05,0.18324997379187793,1.9130328433195467,9.565164216597733,0.6437195746867939,0.010219522270549704,643719.5746867938,5.857308244405431e-05,1.0
0.6809938407191938,5.009179299976982e-05,3.0212212913614102e-05,0.18248017800664595,1.9020145469056509,9.510072734528254,0.6453548010763788,0.010315157089670677,645354.8010763788,5.9065333143474265e-05,1.0
0.6872078508164794,5.095179000016607e-05,3.0508930416227146e-05,0.18374069483954633,1.9170267013016387,9.585133506508193,0.6431278695432995,0.01060925922239215,643127.8695432994,5.925029858682089e-05,1.0
0.6863501750198775,5.0842994593521446e-05,3.07453329682352e-05,0.18459645697480112,1.9229075531657882,9.61453776582894,0.6422575890504257,0.011450503000027971,642257.5890504257,5.9432810984137466e-05,1.0
0.0,5.0634541041083026e-05,3.0903313066385965e-05,0.18422608547546396,1.9162010963348963,9.581005481674481,0.64325014142517,0.01170231237609793,643250.14142517,5.931591986094786e-05,0.0
0.6948166946002968,5.1352572366382465e-05,3.0584251587949744e-05,0.1847886278955617,1.9259238486895214,9.629619243447607,0.6418116782239308,0.011388934015054204,641811.6782239308,5.9093927333480985e-05,1.0
0.0,5.077199807803307e-05,3.095582561371283e-05,0.18681215106871102,1.9498206206070945,9.749103103035472,0.6382898493348951,0.0119141514723171,638289.849334895,5.9554619385932517e-05,0.0
0.0,5.0309194606994496e-05,3.068376930403505e-05,0.18654905478728473,1.948648037196858,9.74324018598429,0.6384622091432792,0.011560318717848699,638462.2091432792,5.9670552677056284e-05,0.0
0.6925356363904976,5.062467411219913e-05,3.075507995739954e-05,0.18705405846464862,1.9551792083498338,9.775896041749169,0.6375027744198921,0.01161089134918936,637502.7744198921,5.988046160351037e-05,1.0
0.7041195254183357,5.041487806852535e-05,3.024816138661218e-05,0.1864634302413916,1.951757330985927,9.758786654929635,0.6380052712354145,0.010932131718197678,638005.2712354145,5.9124771749915023e-05,1.0
0.705318547603052,5.040401957379481e-05,2.963094050368568e-05,0.18632932592909748,1.953575706542392,9.76787853271196,0.6377381966119704,0.010396848470165348,637738.1966119704,5.903351693596993e-05,1.0
0.0,5.0314217733056655e-05,2.97338090544079e-05,0.18529803621004776,1.9394318468112297,9.697159234056148,0.6398185324158846,0.010414604835980133,639818.5324158845,5.902228445567674e-05,0.0
0.6939583616165234,5.047672065279499e-05,2.9496403093161267e-05,0.1854747406756853,1.9406379147399464,9.703189573699731,0.6396408747421803,0.010590356093550966,639640.8747421803,5.9258173266380614e-05,1.0
0.6866026585750923,5.1170927170395946e-05,2.890972475990886e-05,0.18516273818856857,1.9422609297434534,9.711304648717267,0.6394018772831973,0.00972735366033443,639401.8772831974,5.968931413905821e-05,1.0
0.0,5.11928010804389e-05,2.9093713115594804e-05,0.186696004392431,1.961405688917032,9.807028444585159,0.6365894414862661,0.009981450271128074,636589.4414862661,5.988958309926125e-05,0.0
0.6879076469309057,5.149091445546855e-05,2.9747863084598146e-05,0.1852298520444282,1.9442275440116576,9.721137720058287,0.63911240268855,0.009572106777406364,639112.40268855,5.9867319519683906e-05,1.0
0.0,5.043601011584367e-05,3.01697739004802e-05,0.18542942847738775,1.9425341585403466,9.712670792701733,0.6393616516949183,0.01022050864969382,639361.6516949183,5.982643045002653e-05,0.0
0.0,5.040293071256174e-05,3.0089183056890897e-05,0.1863703393174649,1.95656464754785,9.78282323773925,0.6372994376273579,0.010040116262287688,637299.4376273579,6.066959789576543e-05,0.0
0.6764492997553342,4.997325696316407e-05,3.0090052987762163e-05,0.18597535880370683,1.9550156396389053,9.775078198194526,0.6375267851948533,0.009477502802266941,637526.7851948533,6.0636754394125565e-05,1.0
0.0,4.936438529368897e-05,3.0354563805042093e-05,0.18593980331606036,1.9542019115162774,9.771009557581387,0.6376462483930805,0.009525855025201228,637646.2483930804,6.0006941275182514e-05,0.0
0.6826522527547485,4.893802140435082e-05,3.0684110934891725e-05,0.18517055326413123,1.94678528303713,9.73392641518565,0.6387361138958954,0.009077220424157841,638736.1138958953,6.0093264064850466e-05,1.0
0.6836669006944744,4.8792199255913394e-05,3.056736800054618e-05,0.1848888923352279,1.9385235235737597,9.692617617868798,0.6399523639159355,0.009730148586391247,639952.3639159355,5.9765193335095364e-05,1.0
0.6866598722974545,4.927430654197313e-05,3.0566273955252626e-05,0.18363461009846904,1.921494515443953,9.607472577219765,0.6424665905214919,0.009735810718429973,642466.590521492,5.924055714352463e-05,1.0
0.6935640544051016,4.862562405226389e-05,3.0645132918176935e-05,0.18324986896486886,1.9167724726586326,9.583862363293163,0.643165518262777,0.00966525619251473,643165.518262777,5.870251325942217e-05,1.0
0.0,4.866842731751582e-05,3.0798393155897045e-05,0.1827912548751915,1.9085434726543387,9.542717363271693,0.644385341827747,0.00996785157812994,644385.341827747,5.900778408015751e-05,0.0
0.0,4.845297405449872e-05,3.074250236017572e-05,0.182763531153911,1.9115529915378227,9.557764957689113,0.6439389585191452,0.009466020826967195,643938.9585191451,5.894080775482776e-05,0.0
0.677336217869155,4.8320078026227764e-05,3.0691626739451585e-05,0.18199345913224216,1.9054452496828287,9.527226248414143,0.6448452053182793,0.008832123582763593,644845.2053182792,5.927758528159903e-05,1.0
0.6819922498291626,4.885505537835551e-05,3.1091743903588866e-05,0.1818914986084154,1.9025404348386872,9.512702174193436,0.6452766596839984,0.00905965690082914,645276.6596839984,5.908276288122707e-05,1.0
0.6892612722837439,4.914701198929037e-05,3.1432765236249957e-05,0.18143478920088232,1.8999675722113367,9.499837861056683,0.6456590500070435,0.008528628408808152,645659.0500070435,5.874973271469333e-05,1.0
0.6839885560961204,4.9832770803225934e-05,3.154733310355579e-05,0.18128739410981817,1.9014865689442062,9.50743284472103,0.6454332625441209,0.008008050763757261,645433.2625441209,5.919855551703581e-05,1.0
0.6852136610222697,4.975886254753647e-05,3.203211916249155e-05,0.1812700801474687,1.8981716150012737,9.490858075006368,0.6459261074691551,0.00846626776409256,645926.1074691551,5.910045341789382e-05,1.0
0.683898822660089,4.941571399075039e-05,3.187554305057379e-05,0.18077790482450656,1.889590321801877,9.447951609009385,0.6472036648147895,0.008759474463802678,647203.6648147895,5.8873926224845116e-05,1.0
0.6925724268915711,4.931547030249513e-05,3.232492422415113e-05,0.18070521552269334,1.8926561798053179,9.46328089902659,0.6467469391579135,0.008157370203300169,646746.9391579134,5.8573401529250234e-05,1.0
0.0,4.9450409292080834e-05,3.244118037272877e-05,0.18152214783479162,1.9054778883718577,9.527389441859288,0.6448403591081803,0.007884654777763497,644840.3591081803,5.877151729632251e-05,0.0
0.6963244006864396,4.9549687785466075e-05,3.337366460193857e-05,0.18155300195537324,1.9086529925623283,9.54326496281164,0.6443690919934886,0.007475095904235067,644369.0919934886,5.899681224643305e-05,1.0
0.0,4.901649999364007e-05,3.294844673186505e-05,0.18170530808205884,1.9043817283286957,9.521908641643478,0.645003137471053,0.008413753635170655,645003.1374710529,5.851466689381708e-05,0.0
0.7017894287783882,4.9081414884581205e-05,3.268267422156255e-05,0.18199823206133375,1.9050626297111855,9.525313148555927,0.6449020196535851,0.008898483776252547,644902.019653585,5.839186064641579e-05,1.0
0.7044341793757966,4.9213900751959035e-05,3.2754660085591464e-05,0.18051951343185946,1.8864550494133967,9.432275247066983,0.6476710648140059,0.008710091677724859,647671.064814006,5.782523130967611e-05,1.0
0.0,5.048835975568682e-05,3.281873709977333e-05,0.18074183928940113,1.8873319209297401,9.4366596046487,0.6475403086100399,0.009023987188842108,647540.3086100399,5.789380823751207e-05,0.0
0.7015891909851413,5.141701486621392e-05,3.334740405303037e-05,0.1802820490423299,1.8855817388202405,9.427908694101202,0.6478013162674401,0.00836541435209985,647801.3162674401,5.831971137418069e-05,1.0
0.0,5.096205289361023e-05,3.30799435669799e-05,0.17960429214168996,1.8785355004637705,9.392677502318852,0.6488531987060832,0.008061782989463107,648853.1987060831,5.806996611730055e-05,0.0
0.70518861684823,5.079912015496344e-05,3.328982025124847e-05,0.17926930745858666,1.8734438069311754,9.367219034655877,0.6496143640454715,0.008152978962644788,649614.3640454714,5.775339200814778e-05,1.0
0.6883719435552529,5.005141675094567e-05,3.3572762747628096e-05,0.1792833030675157,1.8718725857771554,9.359362928885776,0.6498494286229335,0.00841603475796485,649849.4286229335,5.855967673220731e-05,1.0
0.0,4.975503490894501e-05,3.371270184234173e-05,0.18020768181330904,1.8843597168216772,9.421798584108386,0.6479836208734308,0.00839898450004883,647983.6208734307,5.8746642160507755e-05,0.0
0.6904919982801696,4.991773671256128e-05,3.33501489029176e-05,0.1812714299018835,1.8975931266530446,9.487965633265222,0.646012151761638,0.008555011565404967,646012.151761638,5.902752697314186e-05,1.0
0.6946573128836285,5.052230878875417e-05,3.3705473566435507e-05,0.1807670535445898,1.8903600125044056,9.451800062522027,0.6470889724748938,0.00862307956407343,647088.9724748938,5.8747591232532264e-05,1.0
0.6960002348529324,5.014732069410728e-05,3.400016157450142e-05,0.1805172511169726,1.8873720385218835,9.436860192609418,0.6475343270378356,0.008568829271780803,647534.3270378356,5.8600089334237885e-05,1.0
0.6949671070738652,4.9817301060191236e-05,3.41000336989485e-05,0.18025816716506166,1.8846986981785603,9.4234934908928,0.6479330455601264,0.00844937989024974,647933.0455601264,5.856826651713577e-05,1.0
0.6872604495737183,4.874731052411808e-05,3.4079337331132215e-05,0.1809420881228559,1.8951001793704902,9.47550089685245,0.6463830836103941,0.008267259856105854,646383.083610394,5.911552650895857e-05,1.0
0.0,4.869103135336327e-05,3.406558298752288e-05,0.181281702122385,1.8986532413093966,9.493266206546982,0.645854479168528,0.00841788341329803,645854.479168528,5.933078893391932e-05,0.0
0.6770990558682956,4.8186003520366225e-05,3.396065059010061e-05,0.18161986428202184,1.9016080751096192,9.508040375548095,0.6454152049755881,0.008654933539631798,645415.2049755881,5.973049928991113e-05,1.0
0.6713040619507857,4.795756373627586e-05,3.407367311857439e-05,0.18222714405999862,1.9089385397416387,9.544692698708193,0.6443267263325013,0.008781014452498579,644326.7263325013,6.022316355985043e-05,1.0
0.6696362475893961,4.755998207246655e-05,3.40015401120864e-05,0.18163721379282644,1.9047956348626967,9.523978174313482,0.6449416680527952,0.008216095638448077,644941.6680527952,6.017216256823545e-05,1.0
0.0,4.756165115389094e-05,3.3666951817238876e-05,0.18255734811498825,1.9203385879089834,9.601692939544916,0.642637613570131,0.007752309800107522,642637.613570131,6.066258455147839e-05,0.0
0.0,4.6731553935134806e-05,3.327903528744582e-05,0.18279611071625954,1.9219143695766014,9.609571847883007,0.6424044830745603,0.007996704507079405,642404.4830745603,6.102151769897436e-05,0.0
0.6611458309077018,4.606340023373661e-05,3.298784370560122e-05,0.18266611942325273,1.9149169577231504,9.574584788615752,0.6434403682207678,0.008772607067273255,643440.3682207678,6.049374625504615e-05,1.0
0.0,4.7206755785076025e-05,3.299472650425403e-05,0.1826724364516745,1.9143222161307092,9.571611080653545,0.6435284897533582,0.008873362656707167,643528.4897533582,6.121592462966725e-05,0.0
0.652963316101419,4.661890937873749e-05,3.292674522323839e-05,0.18361878621180938,1.9283550550501738,9.641775275250868,0.6414524887737157,0.008690061197334526,641452.4887737158,6.13858126789676e-05,1.0
0.6537794116936859,4.613813840193542e-05,3.2932813456760247e-05,0.18347975542216882,1.9255365325893328,9.627682662946663,0.6418689193567716,0.008828430201109223,641868.9193567716,6.118652141492162e-05,1.0
0.6637111901431224,4.713383239805737e-05,3.302440112768887e-05,0.18401799706208874,1.9365213799279943,9.682606899639971,0.6402474567616528,0.008283450885830324,640247.4567616528,6.107661014398226e-05,1.0
0.6726574719499526,4.8643689334716426e-05,3.2775716827360033e-05,0.18399481922406047,1.9315374944017192,9.657687472008595,0.640982614998261,0.008972253446381948,640982.614998261,6.058409625052341e-05,1.0
0.6673028328231031,4.808503223360943e-05,3.3159900541316436e-05,0.18358742614204943,1.9252501075459116,9.626250537729558,0.6419112531656095,0.009086105449708323,641911.2531656094,6.071320862198554e-05,1.0
0.6553367788758993,4.793920711054322e-05,3.301638928237586e-05,0.18402658933146962,1.933341079500936,9.66670539750468,0.6407164760711697,0.008769654734108883,640716.4760711697,6.158490178548708e-05,1.0
0.6586285354511449,4.815120074380262e-05,3.282603340129389e-05,0.18345038226645174,1.9259345323044599,9.6296726615223,0.6418100993734768,0.008710863906380267,641810.0993734768,6.120453857637339e-05,1.0
0.6599255308572146,4.905252555112936e-05,3.291422860446775e-05,0.18404795342639393,1.9356412441599877,9.678206220799938,0.640377221659433,0.008473128512220854,640377.221659433,6.15302778258246e-05,1.0
0.6555914741958005,4.8578046500892656e-05,3.230499097166587e-05,0.18474508265117828,1.9404446792670216,9.702223396335107,0.6396693356280283,0.009159500930384853,639669.3356280283,6.16936287477776e-05,1.0
0.6499053749287935,4.8483846647903745e-05,3.202173081731568e-05,0.18414680808735986,1.9328998463370053,9.664499231685026,0.6407815746923339,0.009075190867053627,640781.5746923339,6.178143105793018e-05,1.0
0.0,4.8902838502976546e-05,3.227561804057691e-05,0.18424119222236196,1.933527421970322,9.66763710985161,0.6406889854780464,0.009171369922770352,640688.9854780465,6.243355609012821e-05,0.0
0.6333067030496656,4.914216477015032e-05,3.170887910104674e-05,0.18408603917422312,1.9293691306253202,9.6468456531266,0.6413027274041944,0.009474805752640592,641302.7274041944,6.274398342108024e-05,1.0
0.6360542717766928,4.8971243439132265e-05,3.2009973778105756e-05,0.18426785144624772,1.9342715135795043,9.671357567897521,0.64057922344321,0.00911492633570551,640579.22344321,6.274475010753168e-05,1.0
0.635463423529392,4.89249070880916e-05,3.242311527245138e-05,0.18581086169193808,1.9544640657574686,9.772320328787343,0.6376077591581828,0.009229482542058978,637607.7591581828,6.33604349573328e-05,1.0
0.6310249854119906,4.8258961042144775e-05,3.2263816365655224e-05,0.18568183880275202,1.951667738413445,9.758338692067225,0.6380184330704108,0.009382110675914903,638018.4330704109,6.342896746028695e-05,1.0
0.6324215500061224,4.817469494931455e-05,3.230608386857001e-05,0.18576224971573638,1.9579721463837612,9.789860731918806,0.6370929296204135,0.008617429051886295,637092.9296204136,6.352780499019555e-05,1.0
0.0,4.807800730532378e-05,3.259568831665392e-05,0.18591881954684764,1.9590571098727612,9.795285549363806,0.6369337896215421,0.008771428715237374,636933.7896215421,6.31745782107595e-05,0.0
0.643273267461245,4.8232532104030435e-05,3.2403737793907783e-05,0.18599734332015463,1.9601165447059377,9.800582723529688,0.6367784324681518,0.008773119108461057,636778.4324681518,6.291746820674121e-05,1.0
0.6383699178604199,4.799021785254032e-05,3.2615995694187485e-05,0.18597946122829312,1.959262162604504,9.796310813022519,0.6369037174157636,0.008862639872349835,636903.7174157635,6.320226335770226e-05,1.0
0.0,4.8266182756762084e-05,3.2362331141764535e-05,0.1854302646692523,1.9515027448888984,9.757513724444491,0.6380426725931435,0.008903201931648121,638042.6725931435,6.333925612770695e-05,0.0
0.0,4.880721701053676e-05,3.217180383092929e-05,0.18582330188311577,1.9558240894839451,9.779120447419725,0.6374081190632587,0.0090547228294902,637408.1190632586,6.333398578302167e-05,0.0
0.6337826662578292,4.890878733416026e-05,3.188856681501321e-05,0.18602000173940864,1.9538201901950722,9.76910095097536,0.6377022965069212,0.009742299985738475,637702.2965069212,6.331343724809942e-05,1.0
0.6301228198309662,4.910648979167665e-05,3.195358963847139e-05,0.18513066453350183,1.9456957855537835,9.728478927768917,0.6388963712129775,0.00915770027998115,638896.3712129775,6.342014762860163e-05,1.0
0.6401926337108523,4.915093766963205e-05,3.2261908561471624e-05,0.18587835232297303,1.9569236024651908,9.784618012325954,0.6372467654606853,0.009003470106631318,637246.7654606852,6.313400732998168e-05,1.0
0.6424781210223086,4.916796111278512e-05,3.2161436510607045e-05,0.18619078911169495,1.9587752266429104,9.793876133214551,0.6369751317955902,0.00935671001898011,636975.1317955902,6.300217385980598e-05,1.0
0.0,4.8823822873757994e-05,3.173683303242118e-05,0.18621062433930535,1.9573187325366197,9.786593662683098,0.6371887900738538,0.009610038752464464,637188.7900738538,6.353046705771883e-05,0.0
0.629632140586602,4.900559354711949e-05,3.137728432508672e-05,0.18737333542526474,1.9715729240333504,9.857864620166751,0.6351008699035567,0.009847540754086217,635100.8699035568,6.392466418511204e-05,1.0
0.0,4.897683837697036e-05,3.1468118464996145e-05,0.18675963805167653,1.9537806501973531,9.768903250986765,0.6377081024434881,0.011227378546841162,637708.1024434881,6.308838569211551e-05,0.0
0.0,5.0043885763896246e-05,3.1991991019714506e-05,0.18790168222071446,1.967433245230697,9.837166226153485,0.6357065342965338,0.011509898737962692,635706.5342965338,6.342000786727759e-05,0.0
0.6368357476855437,5.0829685499855946e-05,3.2070268699114536e-05,0.18757223211063173,1.9592827008347211,9.796413504173605,0.6369007054400675,0.01204516966133095,636900.7054400675,6.347799140032847e-05,1.0
0.0,5.100601506613708e-05,3.191279435993687e-05,0.18768976075921764,1.9622123722121818,9.811061861060908,0.6364712087202428,0.011850730238678076,636471.2087202427,6.27373548259772e-05,0.0
0.6495648394120778,5.0604366159966956e-05,3.2104393662793216e-05,0.18704727029392584,1.9570874872267312,9.785437436133655,0.6372227188591042,0.011317259446955873,637222.7188591042,6.262847753608481e-05,1.0
0.6503769732487064,5.003607310077591e-05,3.199045619886133e-05,0.18634074875188603,1.9487157270776725,9.743578635388362,0.6384522580396279,0.011133755543399938,638452.2580396279,6.227343335887227e-05,1.0
0.6597185248989526,5.063092311530482e-05,3.183716150967484e-05,0.18754686388979494,1.9628802777958034,9.814401388979016,0.6363733327386137,0.01146706051820364,636373.3327386137,6.210383688525585e-05,1.0
0.6587318001975201,5.0749679265572295e-05,3.1512880547772764e-05,0.18904511369136384,1.9821848379138403,9.9109241895692,0.6335509058525265,0.011641133235254156,633550.9058525265,6.259039246593865e-05,1.0
0.6614269866691571,5.0974757381956654e-05,3.190515759009122e-05,0.18899411258843932,1.9803288846490525,9.901644423245262,0.6338217110789699,0.011809936255848513,633821.7110789699,6.248233413442896e-05,1.0
0.0,5.0082969240830423e-05,3.11052920630407e-05,0.1891958183800894,1.9840770539780141,9.92038526989007,0.6332749285771542,0.011666565337332978,633274.9285771542,6.254932905162967e-05,0.0
0.661392404830939,5.0545029096792905e-05,3.132254398186367e-05,0.18915046525069432,1.984965425415079,9.924827127075394,0.6331454022197912,0.011446332721179831,633145.4022197912,6.244811209743926e-05,1.0
0.0,5.0761338683964226e-05,3.115696962088713e-05,0.1903717863422894,2.002571185280306,10.01285592640153,0.6305839047600308,0.011327477444609596,630583.9047600308,6.256537529924246e-05,0.0
0.6728586229550064,5.01908965680777e-05,3.1010728009033906e-05,0.18899802175664207,1.9813882571001646,9.906941285500823,0.6336671221075159,0.011663165620800012,633667.1221075158,6.158933933131475e-05,1.0
0.6773013135437127,4.995131623299117e-05,3.149820799568857e-05,0.18949370890181386,1.9855317263708636,9.927658631854317,0.6330628482188415,0.012050266022469221,633062.8482188415,6.148462642292362e-05,1.0
0.6725932352683611,5.0084148510509605e-05,3.1254004508114784e-05,0.18871236756470458,1.978549828702007,9.892749143510034,0.6340814047477751,0.011506139877184223,634081.404747775,6.157092795015199e-05,1.0
0.6704053854936091,5.010869893947753e-05,3.102490367174397e-05,0.18719482012934655,1.955419191913255,9.777095959566275,0.6374675481006632,0.011857188359356263,637467.5481006632,6.106043947389917e-05,1.0
0.0,4.99604393677862e-05,3.096528732663323e-05,0.18681434521624066,1.9527055071006973,9.763527535503487,0.6378659935443097,0.011494683976791023,637865.9935443097,6.09683461612299e-05,0.0
0.0,4.99094864463975e-05,3.1070135795844234e-05,0.18834005846364665,1.972131884867789,9.860659424338944,0.6350191341958824,0.011699251123175729,635019.1341958824,6.113906099101149e-05,0.0
0.6776377626172501,4.9785308028366105e-05,3.091617634523949e-05,0.1878358865676469,1.9661287552664293,9.830643776332145,0.6358975100941872,0.01156928322948097,635897.5100941871,6.08800929937349e-05,1.0
0.6714550703161977,4.986588312385002e-05,3.0425695139173936e-05,0.18883953725188934,1.9747138352267468,9.873569176133733,0.6346417173357322,0.012320791839510844,634641.7173357322,6.132132977800852e-05,1.0
0.6696926964571172,5.0604311447869595e-05,3.015747178212593e-05,0.18962327000082843,1.9872062804928454,9.936031402464227,0.6328187986865732,0.012065338688230055,632818.7986865732,6.178600636045983e-05,1.0
0.6705862999085118,4.9308895998446556e-05,3.053872250342276e-05,0.1896566610312515,1.9873351868567934,9.936675934283967,0.6328000157724099,0.012113337834912846,632800.0157724099,6.164395237166395e-05,1.0
0.6846568519115798,4.920429294622278e-05,3.0550381090094964e-05,0.18989336819991598,1.9887930393037703,9.943965196518851,0.6325876312571623,0.012374367656994302,632587.6312571623,6.089776658339314e-05,1.0
0.0,4.930846329798455e-05,3.0674699653404214e-05,0.18841508131172677,1.9718541994522838,9.859270997261419,0.6350597382553395,0.011889900878792974,635059.7382553394,6.0288282486041526e-05,0.0
0.6917929053077164,4.947029102686841e-05,3.058277929818422e-05,0.1878951426223082,1.9652554768315118,9.826277384157558,0.6360253890888873,0.011815674333503643,636025.3890888873,5.999866751524434e-05,1.0
0.6957313362414713,4.9294927915670394e-05,3.0373274403368553e-05,0.18852457733372324,1.9750204435381815,9.875102217690907,0.6345969137370755,0.011646068404522002,634596.9137370755,5.999331428971113e-05,1.0
0.0,4.8430668466117694e-05,3.0869079750263805e-05,0.18846048600055887,1.9761268256377886,9.880634128188943,0.6344352682936109,0.011356240294728575,634435.2682936109,5.9924665043234266e-05,0.0
0.0,4.86260528386524e-05,3.079524059814321e-05,0.1886400366742506,1.9802777035394699,9.901388517697349,0.6338291806395911,0.011109253988092383,633829.1806395912,6.030297214118907e-05,0.0
0.6933806416821764,4.951720688896144e-05,3.064632482232221e-05,0.18903287450129413,1.982003725265511,9.910018626327554,0.6335773272048106,0.011643076207398934,633577.3272048107,6.035901315739909e-05,1.0
0.6867720132524475,4.875993204872414e-05,3.096224103578236e-05,0.1904878183231813,2.004283690203165,10.021418451015824,0.6303353026695082,0.011310939315870789,630335.3026695083,6.12367426946967e-05,1.0
0.0,4.9216647414598756e-05,3.07262881074065e-05,0.19029750402840662,1.9998928180872158,9.999464090436078,0.6309729164140759,0.011567924470889175,630972.9164140759,6.0691866257311995e-05,0.0
0.0,4.9068051854745336e-05,3.0533344142126174e-05,0.19152470091106996,2.015949062155334,10.079745310776671,0.628644461660347,0.011693863482486964,628644.4616603471,6.102786222552585e-05,0.0
0.0,4.9056028644736e-05,3.052575126448872e-05,0.19123204570963756,2.016965113134295,10.084825565671474,0.6284974047356745,0.010961496154949638,628497.4047356745,6.049897415331351e-05,0.0
0.0,4.854845881648931e-05,3.0515317270425398e-05,0.19255127424389273,2.033567800617417,10.167839003087085,0.6260993024632784,0.011201850951063866,626099.3024632784,6.082457115494139e-05,0.0
0.7137445219026086,4.8410261553981584e-05,3.0582894329387855e-05,0.19125310466496,2.0206466637124874,10.103233318562436,0.6279648479972437,0.010471057327163741,627964.8479972437,6.0228137972938725e-05,1.0
0.7080613606293398,4.909207862025143e-05,3.1198737169618745e-05,0.19150904429299037,2.0220802525145465,10.110401262572731,0.6277575935087223,0.010775682094703046,627757.5935087223,6.0694114115416185e-05,1.0
0.0,4.940156466884026e-05,3.127563690013208e-05,0.1910578834636419,2.0177017796250207,10.088508898125102,0.6283908057039598,0.010506572631243561,628390.8057039598,6.074472373888004e-05,0.0
0.0,5.027968917816843e-05,3.05367079733042e-05,0.19113019029955086,2.0187424673910206,10.093712336955102,0.6282402442061452,0.010500624805246916,628240.2442061452,6.110914619674285e-05,0.0
0.7031460386514766,5.0862801339093906e-05,3.0623863496867584e-05,0.19165746406655843,2.0305913806698612,10.152956903349306,0.626528544201212,0.009843472334328808,626528.544201212,6.130375299089265e-05,1.0
0.7089952379167466,5.106508865177682e-05,3.062275022527711e-05,0.19191865100983846,2.0337676491100436,10.168838245550218,0.6260704920297677,0.00990779404944464,626070.4920297677,6.110646490327929e-05,1.0
0.0,5.191575414182518e-05,3.062333022807701e-05,0.19298116995076875,2.045296123028112,10.22648061514056,0.6244107734759036,0.010373113377441057,624410.7734759036,6.11139623793589e-05,0.0
0.7145047747643886,5.2096935638357824e-05,3.068464781633432e-05,0.192228285021448,2.03768798963481,10.18843994817405,0.6255055983529849,0.009962168395880926,625505.5983529849,6.10437596426845e-05,1.0
0.7040289555911303,5.24689910139892e-05,3.0662351373705196e-05,0.19142936500436505,2.0287058852668767,10.143529426334384,0.6268006114761612,0.0096593414848913,626800.6114761612,6.14002242837079e-05,1.0
0.0,5.227132571694206e-05,3.063332071831448e-05,0.19151661723973507,2.028292818292912,10.14146409146456,0.6268602306875071,0.009893465166977219,626860.2306875071,6.15399607539242e-05,0.0
0.7024409341965144,5.225917211053282e-05,3.0804567566879425e-05,0.1915688465475532,2.027340440143143,10.136702200715714,0.6269977119303547,0.010135405025461144,626997.7119303547,6.142706817546167e-05,1.0
0.7027448612031298,5.186527675667202e-05,3.0625851976383484e-05,0.1907852637252494,2.024935037652038,10.12467518826019,0.6273450798252489,0.008915607275747667,627345.0798252489,6.133543071320842e-05,1.0
0.0,5.2322763188836006e-05,3.032902903616406e-05,0.1905707146535616,2.01485001964229,10.07425009821145,0.6288035690050009,0.009944998312124101,628803.5690050009,6.109967406800103e-05,0.0
0.6907964014098332,5.1687156113501854e-05,3.1229582891227495e-05,0.19154851229626185,2.0265395351479634,10.132697675739816,0.6271133504951321,0.010210375087655784,627113.350495132,6.202533625215743e-05,1.0
0.0,5.2044588162440645e-05,3.099023400026858e-05,0.191420206601213,2.0223803724386693,10.111901862193346,0.6277142137147032,0.01055462691712915,627714.2137147031,6.230420279670638e-05,0.0
0.0,5.190837087043925e-05,3.100047219400123e-05,0.19237544354383637,2.0361935462120226,10.180967731060113,0.6257208770677828,0.010471764155455558,625720.8770677828,6.273262597257054e-05,0.0
0.6815128869116189,5.2455826999764126e-05,3.053176467485859e-05,0.19186391796224453,2.035597108939823,10.177985544699114,0.6258068161935813,0.009534652118070324,625806.8161935812,6.275407888476197e-05,1.0
0.6803227057949274,5.2782144954134474e-05,3.055606990587685e-05,0.19245286563920094,2.041369456069167,10.206847280345833,0.6249755888279321,0.009881320106334038,624975.5888279321,6.29909105568812e-05,1.0
0.0,5.3636825133875187e-05,3.026498084255251e-05,0.19265432418201411,2.0461191633774205,10.230595816887101,0.6242924513260637,0.009601099690091914,624292.4513260637,6.325880245726943e-05,0.0
0.6808304386597256,5.3929475976767005e-05,3.0126939342846456e-05,0.19213486295934898,2.036954032706363,10.184770163531816,0.6256113176246838,0.009881043543381747,625611.3176246838,6.290359833714364e-05,1.0
0.0,5.306486632940504e-05,3.0437919955720865e-05,0.19229252997646212,2.039886981267761,10.199434906338803,0.6251889621844585,0.009774022137382748,625188.9621844585,6.27241034165759e-05,0.0
0.0,5.297009241636784e-05,3.057076442711987e-05,0.1936820191662228,2.0583725710870766,10.291862855435383,0.6225335230517477,0.009897561384193282,622533.5230517477,6.350137066252762e-05,0.0
0.0,5.232468697174308e-05,3.072987199594992e-05,0.19358594116343403,2.0597212421963387,10.298606210981694,0.6223402296389368,0.009512111965804794,622340.2296389368,6.354084113172375e-05,0.0
0.6706427174303358,5.201905331112508e-05,3.018391310451336e-05,0.19436659420866303,2.0675395847480087,10.337697923740043,0.6212208757805021,0.009954064197828164,621220.8757805021,6.401996187472368e-05,1.0
0.0,5.273428646154094e-05,3.0731303393371794e-05,0.1944689256471142,2.0731215114989703,10.365607557494851,0.6204229420999143,0.009360793394142764,620422.9420999143,6.464672822301018e-05,0.0
0.6620424558153013,5.2998367637758964e-05,3.0359112932221797e-05,0.1951515511066836,2.074729577852641,10.373647889263204,0.6201932600255623,0.010496362238929503,620193.2600255623,6.48267404933711e-05,1.0
0.6603317409705475,5.258893507071441e-05,3.081049891786552e-05,0.19573250636771805,2.0750997734728354,10.375498867364177,0.6201403965762083,0.01160540931164442,620140.3965762083,6.492438990680589e-05,1.0
0.6440665237414496,5.2030297686079923e-05,3.110075209930266e-05,0.19640802372914734,2.0790709335945916,10.395354667972958,0.6195736034598501,0.012389650918144786,619573.6034598502,6.596280389260521e-05,1.0
0.6437191969769451,5.2006082778796455e-05,3.1251936879852015e-05,0.1971343495592441,2.085122340387456,10.42561170193728,0.6187108982741809,0.012979597392669146,618710.898274181,6.613647448985595e-05,1.0
0.6472898145471936,5.135768104852996e-05,3.097040270798246e-05,0.19599707553847426,2.069898253009196,10.34949126504598,0.6208835801887505,0.012877731265698942,620883.5801887504,6.538853994344216e-05,1.0
0.6480596026759744,5.099495728886107e-05,3.099647160726867e-05,0.1963367729578562,2.0709733168399764,10.354866584199883,0.6207299040775461,0.013403449993258567,620729.9040775461,6.529822729719583e-05,1.0
0.6408669443842698,5.113106287885947e-05,3.083526575192984e-05,0.19604561614136723,2.067713071695704,10.338565358478519,0.6211960604615209,0.013287292744255332,621196.0604615209,6.565174869458875e-05,1.0
0.649666604690669,5.168609763933563e-05,3.082727230834283e-05,0.19524726970912387,2.0624435418252727,10.312217709126363,0.6219502486999998,0.012444788118247571,621950.2486999998,6.509258180470003e-05,1.0
0.6536339670904718,5.1956756422661136e-05,3.0735765184450304e-05,0.1964360386411086,2.074154314779053,10.370771573895265,0.6202754157806808,0.013147493062897964,620275.4157806808,6.512898338211728e-05,1.0
0.0,5.0771976539908865e-05,3.0109466728789574e-05,0.1960566674043632,2.0653397660028334,10.326698830014166,0.6215356206243748,0.013648955433101257,621535.6206243748,6.521504519424953e-05,0.0
0.6467503467659392,5.090872037362582e-05,3.0443812639509158e-05,0.19491885955729718,2.0500852800796765,10.250426400398382,0.6237225876560172,0.013560306770611515,623722.5876560172,6.472056583253312e-05,1.0
0.6482385364294361,5.092656275276959e-05,3.0410604239754167e-05,0.1950760230966456,2.0570407367319414,10.285203683659708,0.6227244623132425,0.012876508506533709,622724.4623132425,6.483200983613597e-05,1.0
0.643568801817573,5.111497664040054e-05,3.025695203510841e-05,0.19379863831662175,2.041695983431764,10.208479917158819,0.62492860136487,0.012525877998113548,624928.6013648701,6.474228302131397e-05,1.0
0.649550555132085,5.190078194841813e-05,3.0083714824557314e-05,0.19186763042032554,2.021582632983543,10.107913164917715,0.6278295268050564,0.011564787645707522,627829.5268050565,6.399040523870186e-05,1.0
0.6550664777241747,5.08311471710474e-05,3.0189578400976198e-05,0.19271293977292314,2.030233657223772,10.151168286118859,0.6265801527732561,0.01200603231910236,626580.1527732561,6.37370833209687e-05,1.0
0.6616174505519199,5.0518972515030894e-05,2.9917659931468333e-05,0.19236292304770472,2.0312162065849213,10.156081032924606,0.6264384110938788,0.011164257189288223,626438.4110938788,6.332535642593119e-05,1.0
0.6568840768072631,5.0804046226126954e-05,2.9242754065296755e-05,0.19271875329457988,2.03531907872691,10.176595393634551,0.625846880891416,0.011284387480575796,625846.880891416,6.359156333727763e-05,1.0
0.0,4.9997168101877446e-05,2.93800379249533e-05,0.19212508691669014,2.030188421404576,10.15094210702288,0.6265866792236942,0.010836853057074436,626586.6792236941,6.352686480498641e-05,0.0
0.6615779196491751,5.073519926386665e-05,2.9548168065841282e-05,0.19071606281555312,2.015740591660394,10.078702958301971,0.628674638642327,0.010106764273433209,628674.6386423269,6.294245602200063e-05,1.0
0.668058802437426,5.090467358493965e-05,2.9497315157121167e-05,0.1898923032907673,2.00356790769101,10.017839538455048,0.6304391999530692,0.01022380653460383,630439.1999530692,6.227952261191406e-05,1.0
0.0,5.130987210616256e-05,2.916299799142174e-05,0.18960381071617854,2.0007746605428767,10.003873302714382,0.6308448092788986,0.010052430711255738,630844.8092788986,6.21247129972733e-05,0.0
0.6625914419597096,5.0998202833278414e-05,2.920641869386009e-05,0.188886220480882,1.9880351387528385,9.940175693764193,0.6326980356879793,0.010470476649743307,632698.0356879793,6.213907320872346e-05,1.0
0.6670509671163228,5.1385120621595953e-05,2.8782930609488812e-05,0.18880561709288643,1.9913449650482384,9.956724825241192,0.6322160302966112,0.009827264482384088,632216.0302966113,6.196230958516164e-05,1.0
0.0,5.189165398715855e-05,2.8499102818292738e-05,0.18829384185575554,1.9868934863669296,9.934467431834648,0.6328643781584884,0.009452061869999496,632864.3781584884,6.164864370236404e-05,0.0
0.0,5.1970259917483965e-05,2.8303911380975635e-05,0.18785629187606934,1.989005977113244,9.94502988556622,0.6325566157762154,0.00826919952835406,632556.6157762153,6.134477336995416e-05,0.0
0.6821648520210655,5.204805516548363e-05,2.8591014874623588e-05,0.18745648769160503,1.9907773388532435,9.953886694266217,0.632298666813413,0.007211642196623017,632298.6668134129,6.128644106788104e-05,1.0
0.0,5.214226568181482e-05,2.851041129200004e-05,0.18822878414124022,1.9948297876204237,9.974148938102118,0.6317089372751994,0.008166505557679813,631708.9372751993,6.149883583234453e-05,0.0
0.0,5.1667747735808836e-05,2.84058431426271e-05,0.18913858604728814,1.9999280171409053,9.999640085704526,0.6309678024739998,0.009244974568576052,630967.8024739998,6.22682804946328e-05,0.0
0.6660386686392958,5.156062844097248e-05,2.9024134034397932e-05,0.18891950437950492,1.9964904508902948,9.982452254451474,0.6314674294208067,0.009306438179816507,631467.4294208067,6.224227419089132e-05,1.0
0.6669956777759711,5.145315460592685e-05,2.9149390102866587e-05,0.18885930153651792,1.998400334538827,9.992001672694135,0.6311897919602311,0.008908395033266922,631189.791960231,6.226731759216085e-05,1.0
0.0,5.161578844598506e-05,2.9268100653951704e-05,0.18896938574968838,2.000792409132252,10.003962045661261,0.6308422311704798,0.00878100266985653,630842.2311704798,6.257985425421821e-05,0.0
0.6602365334400705,5.2083384800520504e-05,2.9171828417310037e-05,0.18742980554575897,1.9764876578586734,9.882438289293367,0.6343825586261846,0.009242169717702581,634382.5586261846,6.216989925740958e-05,1.0
0.6618774366624607,5.151244906352089e-05,2.9009480348672804e-05,0.18781492377661774,1.983423162160095,9.917115810800475,0.633370284260202,0.009000131813437506,633370.2842602021,6.215483446441626e-05,1.0
0.0,5.1419695567090684e-05,2.8373368809694204e-05,0.1880178152856384,1.9852541208790957,9.926270604395478,0.6331033155394128,0.0091389461106896,633103.3155394128,6.287984134621202e-05,0.0
0.0,5.213202942957836e-05,2.8696523593077387e-05,0.18845556543825998,1.9911895271139497,9.955947635569748,0.6322386582867152,0.009149789163235183,632238.6582867152,6.299594172991049e-05,0.0
0.6498530922749706,5.171759472658051e-05,2.8857086032942755e-05,0.18739665650588427,1.9784973006171982,9.89248650308599,0.6340890740331605,0.00888238704492905,634089.0740331605,6.27252245925572e-05,1.0
0.0,5.1272117823403736e-05,2.8826194514319875e-05,0.18707709541864503,1.9757696228532304,9.878848114266152,0.6344874520937445,0.008641642931034534,634487.4520937444,6.279718138310132e-05,0.0
0.0,5.134782856285126e-05,2.8808502613482602e-05,0.18640115194693074,1.96533893583051,9.82669467915255,0.6360131666143951,0.008815470508256597,636013.1666143951,6.261211710158177e-05,0.0
0.6403577595949489,5.174306458683689e-05,2.9053175839891267e-05,0.18676420216306766,1.9734781708760285,9.867390854380142,0.6348223127037624,0.008350717029897745,634822.3127037624,6.324364440426574e-05,1.0
0.0,5.1713916322880486e-05,2.8605699301169487e-05,0.1859039031261517,1.959957442037823,9.799787210189114,0.6368017611098081,0.008609567362111548,636801.7611098081,6.26905197589243e-05,0.0
0.6395468758714195,5.2344118291641374e-05,2.8456620915679956e-05,0.18517717982004295,1.9514717453778432,9.757358726889215,0.6380472268949589,0.008401586535044726,638047.2268949589,6.267956034292104e-05,1.0
0.6388723873478956,5.272563291709181e-05,2.8146597638498597e-05,0.18568846043964227,1.957785451753006,9.78892725876503,0.6371203175773834,0.008497238456667947,637120.3175773834,6.284891820174611e-05,1.0
0.6372243028185343,5.309203029219501e-05,2.871511847047465e-05,0.18564950386103599,1.9523359973951735,9.761679986975867,0.6379202672485469,0.009219274970618868,637920.2672485469,6.296941316317473e-05,1.0
0.6405995034063531,5.3307247937013154e-05,2.9003512760621147e-05,0.1850028473440271,1.9440053708793794,9.720026854396897,0.6391450987605388,0.009150793448593014,639145.0987605389,6.265343160072349e-05,1.0
0.6423804809930949,5.440492952844594e-05,2.8362634713068115e-05,0.18599002166068457,1.9541924577571939,9.770962288785968,0.637647636428348,0.00962767974971715,637647.636428348,6.276191821924813e-05,1.0
0.0,5.4214250093443994e-05,2.794125353081476e-05,0.18630781395845727,1.9645857261679684,9.822928630839842,0.6361234818098663,0.008739109726780893,636123.4818098664,6.320322984023893e-05,0.0
0.0,5.3128203945541855e-05,2.7942724758191217e-05,0.1867829937428897,1.972514723570019,9.862573617850094,0.6349631585396456,0.008529146025424978,634963.1585396456,6.34670810186964e-05,0.0
0.6406382253698982,5.3867767047389585e-05,2.7842138199405667e-05,0.18746455347610524,1.9815515258380214,9.907757629190106,0.633643300463244,0.008572407415454515,633643.300463244,6.340382852610996e-05,1.0
0.6318283011934738,5.356156199096338e-05,2.7487980772994485e-05,0.1878176077594688,1.9796047025318804,9.898023512659401,0.6339274090878111,0.009562624606748654,633927.4090878111,6.372154082177752e-05,1.0
0.6323538513302567,5.354427097331563e-05,2.812164982882974e-05,0.1872124220873036,1.9779666787348766,9.889833393674383,0.6341665518983766,0.008591396072983735,634166.5518983766,6.385571457421536e-05,1.0
0.6352539150884299,5.4128160896279584e-05,2.825297880644792e-05,0.18676115098457435,1.9719265323748432,9.859632661874215,0.635049161251429,0.008571463220577672,635049.161251429,6.363431870594883e-05,1.0
0.6365308652949601,5.324446790782453e-05,2.843036412717789e-05,0.18730324832930773,1.9741652934045062,9.87082646702253,0.6347218817230088,0.00932837838162425,634721.8817230088,6.350309529023952e-05,1.0
0.6335550299148615,5.255375494261497e-05,2.8254152359864668e-05,0.18676551401971447,1.9694030042631576,9.847015021315787,0.6354182725719294,0.008949300611358329,635418.2725719294,6.345029807166534e-05,1.0
0.0,5.170204087520324e-05,2.8505751556820777e-05,0.18645065082490167,1.9656842821186247,9.828421410593123,0.635962593544115,0.008863895193918328,635962.593544115,6.351117112595833e-05,0.0
0.0,5.1270931912686466e-05,2.842150669738976e-05,0.18703405505944626,1.9723696008160811,9.861848004080406,0.6349843766636752,0.009052486782567731,634984.3766636753,6.315270028974364e-05,0.0
0.6362453246543621,5.1465331577441234e-05,2.8368073611329716e-05,0.1879947241166238,1.9847676012549034,9.923838006274517,0.6331742430905302,0.009163691323777767,633174.2430905302,6.353848537208421e-05,1.0
0.6344615759249503,5.1698118867298795e-05,2.85840127270507e-05,0.18870690279415636,1.9890548517725062,9.945274258862531,0.6325494971467167,0.009963302735029418,632549.4971467167,6.380304713893411e-05,1.0
0.0,5.1802293579617095e-05,2.8123633202991595e-05,0.19013927769506,2.007216913389482,10.036084566947409,0.6299097181952454,0.010188273585365445,629909.7181952455,6.350983058247574e-05,0.0
0.6443613306497691,5.105986476607857e-05,2.8640268896887057e-05,0.1899467904121093,2.0000174194013645,10.000087097006823,0.6309548137371966,0.010848394561415245,630954.8137371966,6.336211197544162e-05,1.0
0.0,4.988361575244068e-05,2.872218028336648e-05,0.1885103200491333,1.9816373246212446,9.908186623106223,0.6336307823932654,0.010651422491531984,633630.7823932654,6.308375881644915e-05,0.0
0.6386448484280306,4.991312023008706e-05,2.9132019940333278e-05,0.18886630859529918,1.9891508570247156,9.945754285123577,0.6325355141454778,0.010268131336076196,632535.5141454778,6.341500410679692e-05,1.0
0.0,4.967896980866615e-05,2.8826753614540968e-05,0.18826045086349788,1.981649504357754,9.90824752178877,0.6336290053858491,0.010149907112844855,633629.005385849,6.343448014293355e-05,0.0
0.6358768053745331,4.991508329835113e-05,2.857326900504169e-05,0.18779624553536162,1.9792795918528452,9.896397959264226,0.6339748663531809,0.009567357423904157,633974.8663531808,6.323909750202556e-05,1.0
0.6410395074615508,5.026775844549475e-05,2.8253233558460914e-05,0.18665742587636497,1.961996034914577,9.809980174572885,0.6365029143708012,0.009817766123531121,636502.9143708012,6.245989449405213e-05,1.0
0.0,5.0331523992614194e-05,2.8363258189091146e-05,0.1859589630719186,1.9537640117428272,9.768820058714136,0.6377105456008457,0.009628471744682876,637710.5456008457,6.168597074280502e-05,0.0
0.6474362379761254,5.070496005544984e-05,2.8415788015884796e-05,0.184758019096397,1.9396664573421782,9.69833228671089,0.6397839696670065,0.00930000785980048,639783.9696670064,6.164436144597452e-05,1.0
0.0,5.0805466541398375e-05,2.8308148709797745e-05,0.18465858251212253,1.9365300955611315,9.682650477805657,0.6402461718831699,0.009563336907414972,640246.1718831699,6.175381804933825e-05,0.0
0.6383328800419215,5.105438956337114e-05,2.8037764977736205e-05,0.18417969998866465,1.9338539787110793,9.669269893555397,0.6406408123029502,0.009000212280279528,640640.8123029502,6.201065049412929e-05,1.0
0.0,5.0680965140668777e-05,2.7697030797262228e-05,0.1845462071111753,1.9360765032523402,9.6803825162617,0.6403130449192512,0.009405459141601834,640313.0449192512,6.181538517948052e-05,0.0
0.0,5.057754013093967e-05,2.7728545011175787e-05,0.1854391381878219,1.949752202830845,9.748761014154224,0.6382999048888803,0.009178181264524117,638299.9048888803,6.237015914376731e-05,0.0
0.6440469553727738,5.0664377376649354e-05,2.763429807707569e-05,0.18630790872196815,1.9575262214232063,9.787631107116031,0.6371583484173444,0.009774165861280727,637158.3484173444,6.208117824152938e-05,1.0
0.0,5.106135406682508e-05,2.7475930017826697e-05,0.18508234667420803,1.9421540006326372,9.710770003163185,0.6394176204065243,0.00958231375494033,639417.6204065243,6.141316420003323e-05,0.0
0.0,5.084325639937629e-05,2.7990538263309648e-05,0.1857768194088498,1.9493910749761127,9.746955374880564,0.6383529834954209,0.009906622313120485,638352.9834954209,6.161469793988812e-05,0.0
0.0,5.108697489925482e-05,2.8006029794585635e-05,0.18597912554178203,1.9515208004510052,9.757604002255025,0.6380400199701804,0.009998271053744527,638040.0199701805,6.184930494439865e-05,0.0
0.6405657666862263,5.093231600531204e-05,2.8426922078872e-05,0.18616448066745625,1.951512120121624,9.75756060060812,0.6380412952346144,0.01037025656952688,638041.2952346144,6.233156597187077e-05,1.0
0.6415727852403478,5.085489860154173e-05,2.829840798248975e-05,0.1862428214119532,1.9522548824198194,9.761274412099096,0.6379321820603038,0.010417824884210156,637932.1820603037,6.224724055032952e-05,1.0
0.6484175014005789,5.1252560150522934e-05,2.840587270797955e-05,0.18604308300903713,1.9552553090522853,9.776276545261426,0.6374916036622801,0.00957776968035433,637491.6036622801,6.203370892980777e-05,1.0
0.0,5.02309787619854e-05,2.8421112448943062e-05,0.18585707377516036,1.949231334961104,9.746156674805519,0.6383764635060476,0.010090611056368309,638376.4635060476,6.158491839010879e-05,0.0
0.651524579533878,4.957812302270831e-05,2.7943403507108765e-05,0.18577484685386836,1.9484231996866352,9.742115998433176,0.6384952636662753,0.010044957374011988,638495.2636662753,6.134127852441816e-05,1.0
0.63999256078055,4.884546786353274e-05,2.8413036928845765e-05,0.18691651089897976,1.9612941269318211,9.806470634659105,0.6366057944672496,0.010438816265209155,636605.7944672497,6.23167457738453e-05,1.0
0.6335434154478997,4.770175044633793e-05,2.8404230108159125e-05,0.18662518330607203,1.9550291865489293,9.775145932744646,0.6375247965661953,0.0107751631783394,637524.7965661953,6.236149648660234e-05,1.0
0.6290425166348727,4.740858321733358e-05,2.866007097188583e-05,0.18573346092287601,1.9456297230561999,9.728148615280999,0.6389060898285149,0.01037301167426694,638906.089828515,6.243055411793526e-05,1.0
0.0,4.783512850285078e-05,2.8461260935709645e-05,0.18553562619433722,1.9461000551163374,9.730500275581687,0.6388369013495195,0.009908153738193953,638836.9013495195,6.233482052245413e-05,0.0
0.0,4.773598389960248e-05,2.8442582402521524e-05,0.18494726427644423,1.9358723894464474,9.679361947232236,0.6403431396612661,0.010237668214154576,640343.1396612661,6.204498789309634e-05,0.0
0.6281221242247947,4.7880159262581356e-05,2.8213675046494088e-05,0.1836913932082041,1.919927110442975,9.599635552214874,0.642698503918758,0.010081290335166228,642698.503918758,6.182317170665838e-05,1.0
0.6338846351194305,4.8467164825685126e-05,2.8620201090393225e-05,0.18378827300975056,1.9180838964633673,9.590419482316836,0.642971333148695,0.010547879168196151,642971.3331486951,6.158885185152223e-05,1.0
0.6380814312782157,4.916166459530527e-05,2.8741219872820564e-05,0.18492964696888836,1.9342084373797392,9.671042186898696,0.640588527175624,0.010447821113400717,640588.5271756239,6.187183791966877e-05,1.0
0.6420800593311452,4.9143862336036095e-05,2.887651153336842e-05,0.1852495863423752,1.9351382276733755,9.675691138366878,0.6404513968951064,0.010950569579856847,640451.3968951064,6.166233884242702e-05,1.0
0.6478675861300701,4.9837778034100075e-05,2.9306436546832548e-05,0.1855731506257542,1.93822123406439,9.69110617032195,0.6399969091788559,0.01114321043036426,639996.9091788558,6.157948852926339e-05,1.0
0.6493312613655774,4.988708580263513e-05,2.9667210204965602e-05,0.18415178778469224,1.918155325801591,9.590776629007955,0.6429607581492296,0.01126433371861405,642960.7581492296,6.107005525289134e-05,1.0
0.0,4.94706449746687e-05,2.9903468761707177e-05,0.18449081809695075,1.9241734742099688,9.620867371049844,0.6420704052509701,0.011052041444871631,642070.4052509702,6.095167248309457e-05,0.0
0.6505174903241406,4.918403189907595e-05,2.9478881182361794e-05,0.18471947414781018,1.9266236633388674,9.633118316694336,0.6417082661273846,0.011147214423004956,641708.2661273846,6.108177419249893e-05,1.0
0.6464717402066117,4.846008300481193e-05,2.928059982285955e-05,0.18462317165893777,1.9214420417916962,9.607210208958481,0.6424743531741457,0.011720696492021211,642474.3531741457,6.1019284525304447e-05,1.0
0.645738030366413,4.804681441784886e-05,2.8993821385598953e-05,0.18484170790826635,1.924813705669886,9.62406852834943,0.6419757590163164,0.011659174832849128,641975.7590163164,6.10301368597921e-05,1.0
0.6507253977196145,4.790686978545467e-05,2.9232205065974713e-05,0.18519470026704823,1.9280186477280676,9.640093238640338,0.6415021780239376,0.011891578558034074,641502.1780239376,6.084382657021672e-05,1.0
0.6517241214405733,4.835052489943488e-05,2.9298756547180236e-05,0.18451049402768502,1.918863395489927,9.594316977449635,0.6428559389696282,0.011876927024998245,642855.9389696282,6.063356697140846e-05,1.0
0.65525502611806,4.9243899317029174e-05,2.8895627686147454e-05,0.1848883786808116,1.9238046648479277,9.619023324239638,0.6421249331442478,0.011901690505870992,642124.9331442477,6.059238769478973e-05,1.0
0.6528135413041117,4.856793057300007e-05,2.8861091868521136e-05,0.18629633507120208,1.9372999257762407,9.686499628881203,0.6401326919318185,0.012725362074222722,640132.6919318185,6.093380204665753e-05,1.0
0.0,4.879298569567003e-05,2.843563633043508e-05,0.1864939341291062,1.9362745125059808,9.681372562529903,0.6402838515900456,0.013271719848258043,640283.8515900456,6.122757887707704e-05,0.0
0.6515341624475232,4.8296854012177856e-05,2.845097665740545e-05,0.18593500314323455,1.92887308023149,9.64436540115745,0.6413759810724217,0.01324598735889074,641375.9810724217,6.065024671379501e-05,1.0
0.6391372330167631,4.85682654761659e-05,2.7985345373061185e-05,0.18593007044002058,1.928519817928843,9.642599089644214,0.6414281537756398,0.013288294655680943,641428.1537756398,6.128489266313669e-05,1.0
0.6408779109865826,4.853135684129872e-05,2.8184286713615347e-05,0.1864575540345328,1.9384955535209103,9.69247776760455,0.6399564854417262,0.01287159351079184,639956.4854417263,6.149109103110373e-05,1.0
0.0,4.764527679154898e-05,2.833398976715326e-05,0.18557166823638188,1.9274624540575194,9.637312270287596,0.6415843393946797,0.012727675867443526,641584.3393946798,6.131824128282912e-05,0.0
0.0,4.8156519751502245e-05,2.893969451981426e-05,0.1861558085539457,1.9346987875642108,9.673493937821053,0.6405162041359775,0.012827821243868963,640516.2041359775,6.125069099479603e-05,0.0
0.6398865847251397,4.789088900006783e-05,2.9215262616267177e-05,0.18593625580397058,1.9292246672277216,9.646123336138608,0.641324060005835,0.013196571613776147,641324.060005835,6.143883702513248e-05,1.0
0.639742618533568,4.76661211008797e-05,2.910408308719508e-05,0.18637471208239098,1.9330608046969644,9.665304023484822,0.6407578264651741,0.013507250629956084,640757.8264651741,6.147288811413956e-05,1.0
0.6423710003318117,4.717792247321726e-05,2.9367422453433524e-05,0.18574462242416642,1.9287562758525696,9.643781379262848,0.6413932312410718,0.012882476089404706,641393.2312410718,6.122411204015563e-05,1.0
0.0,4.6907222385409136e-05,2.89607748400813e-05,0.18564640422452125,1.9245109807847027,9.622554903923513,0.6420205094839134,0.013313317932955928,642020.5094839134,6.092522105419946e-05,0.0
0.6446981431843096,4.7183023158048415e-05,2.869281756217535e-05,0.18682609255485746,1.9412517103313591,9.706258551656795,0.6395504796248931,0.013202664734608033,639550.479624893,6.124694275443747e-05,1.0
0.6435584069855078,4.7144740524419245e-05,2.8818903970554377e-05,0.1855948922613003,1.928335810219397,9.641679051096984,0.6414553312394765,0.012645115762077105,641455.3312394766,6.103523644860122e-05,1.0
0.6406873240095898,4.73661767150721e-05,2.8195050992318912e-05,0.18636649404400252,1.9346227557904645,9.673113778952322,0.6405274177275465,0.013260405815551523,640527.4177275465,6.122771647120475e-05,1.0
0.0,4.759981410773508e-05,2.822000173699237e-05,0.18806993127215632,1.953243544783868,9.76621772391934,0.6377869746532968,0.01392683719760947,637786.9746532968,6.16640353245779e-05,0.0
0.6459975730547879,4.830814865334446e-05,2.7949522714616996e-05,0.18866811612606568,1.961033893152919,9.805169465764594,0.6366439416926962,0.01398017394482761,636643.9416926962,6.16287086743196e-05,1.0
0.0,4.8170592604845385e-05,2.8020924376870634e-05,0.18788566233492004,1.948502245099469,9.742511225497344,0.6384836425970436,0.014254967266883675,638483.6425970437,6.107260820389593e-05,0.0
0.649656415472047,4.746875184432561e-05,2.7737184981919043e-05,0.18716744236479085,1.9367163951083253,9.683581975541626,0.6402187077963365,0.014553592525918218,640218.7077963365,6.063249862781523e-05,1.0
0.6488333174856974,4.805298801572509e-05,2.790971572351722e-05,0.18700980050996235,1.930465813439695,9.652329067198474,0.6411408057318813,0.015160406751805978,641140.8057318813,6.0610025024745545e-05,1.0
0.6451076468937345,4.792618416936196e-05,2.7957319636147093e-05,0.1873593489035566,1.9334355762861,9.667177881430499,0.6407025350723725,0.01542123287948572,640702.5350723725,6.087597946486173e-05,1.0
0.6448812477699469,4.852495670826341e-05,2.841828301848855e-05,0.18723796915638663,1.9370262917012686,9.685131458506342,0.6401730257704035,0.014648964083176721,640173.0257704034,6.119405880815616e-05,1.0
0.6450959602408418,4.874614613068938e-05,2.8451937718349265e-05,0.18684836916828904,1.9255688003242462,9.62784400162123,0.6418641503394207,0.01556088867599875,641864.1503394207,6.0891813425356474e-05,1.0
0.6421927578177332,4.870565444297392e-05,2.825230612249384e-05,0.18652378922788496,1.9183298497332917,9.591649248666458,0.6429349208914489,0.015982499347218796,642934.9208914489,6.081085637451295e-05,1.0
0.0,4.890592930113759e-05,2.8213194243295777e-05,0.18585646615485105,1.9118484278688257,9.559242139344128,0.6438951549479359,0.015608087257638037,643895.154947936,6.0581233413812816e-05,0.0
0.0,4.9903316995177984e-05,2.784565943932484e-05,0.1855396848573606,1.9118039912303004,9.559019956151502,0.6439017432615853,0.014981112976306572,643901.7432615854,6.0041732646229326e-05,0.0
0.6588808831252813,5.09437409198013e-05,2.8010587426949976e-05,0.18721415350921444,1.9334148659786052,9.667074329893026,0.6407055904135536,0.015133897431982481,640705.5904135535,6.05122938207657e-05,1.0
0.6620268101155152,5.095955666897166e-05,2.822733075230556e-05,0.18650258160849884,1.9254146980027986,9.627073490013993,0.6418869262471614,0.014892089464159042,641886.9262471613,6.019615319033719e-05,1.0
0.6706514537738889,5.102046083225076e-05,2.9003542948267292e-05,0.18592384172410803,1.9171368257113848,9.585684128556924,0.6431115619036593,0.01495924535187534,643111.5619036593,5.967627710691779e-05,1.0
0.0,5.1538171694338936e-05,2.8836921292120626e-05,0.1853430200868983,1.9074626862457187,9.537313431228593,0.6445457236916804,0.015231763865476965,644545.7236916804,5.9269248238267633e-05,0.0
0.6722168856487347,5.108457774406848e-05,2.877984449417566e-05,0.18575746626662412,1.9156688782332267,9.578344391166134,0.6433289751109208,0.014843907644169027,643328.9751109208,5.952327684060013e-05,1.0
0.6787464005828104,5.122942137549624e-05,2.8631520046960682e-05,0.18552428766231555,1.9169420847050114,9.584710423525056,0.6431404001703124,0.014188975494943478,643140.4001703124,5.9222501868993835e-05,1.0
0.682677153118664,5.119190152400939e-05,2.8722523756360836e-05,0.1850377926656749,1.9096409775292114,9.548204887646056,0.6442225198876308,0.014298105218980598,644222.5198876308,5.884075955314672e-05,1.0
0.0,5.1325017599257976e-05,2.8862580441577502e-05,0.18472639150478326,1.9078202021408437,9.539101010704218,0.644492666177396,0.0139454491869625,644492.666177396,5.9277616070805016e-05,0.0
0.0,5.0881832844298114e-05,2.88693163794174e-05,0.18427264032335147,1.9017486950884497,9.508743475442248,0.6453943074493865,0.013939588096089448,645394.3074493866,5.865337427638539e-05,0.0
0.6834588852478222,5.0069412440757665e-05,2.9217827826890962e-05,0.18426307270773482,1.9066726339985731,9.533363169992866,0.6446629877002169,0.013189133115686527,644662.9877002169,5.8739324963272865e-05,1.0
0.0,4.9031532473946864e-05,2.904837741922671e-05,0.1862919749223054,1.9353829473865654,9.676914736932826,0.6404153092465247,0.012999259091135477,640415.3092465247,5.912573980597727e-05,0.0
0.6906738105656844,4.849220976797312e-05,2.936326208520939e-05,0.18694176817084013,1.9421839324957564,9.710919662478782,0.6394132135131525,0.013296749854832765,639413.2135131526,5.909545007193295e-05,1.0
0.6911870579247723,4.8293027930144e-05,2.9537546199597526e-05,0.18707695250318981,1.9424103686947676,9.712051843473837,0.6393798761051799,0.013533781111559508,639379.8761051799,5.9070972772832015e-05,1.0
0.0,4.818057157821673e-05,2.9543186299635893e-05,0.18643955661234246,1.9369124064459926,9.684562032229962,0.6401898132792068,0.013068926503891683,640189.8132792067,5.866703660871476e-05,0.0
0.6951006496669873,4.918557572786716e-05,2.9457841581416032e-05,0.18521839238100107,1.9247401574982241,9.62370078749112,0.6419866310271527,0.012423415789154823,641986.6310271526,5.8570025040679176e-05,1.0
0.6902961119990161,4.975486089826346e-05,3.0196685077407123e-05,0.1858509662447968,1.9335822516622903,9.66791125831145,0.640680896828654,0.012382829318247622,640680.896828654,5.922739215864808e-05,1.0
0.0,4.927871812212738e-05,2.9947648780636358e-05,0.18656591647235826,1.9417041484127076,9.708520742063538,0.6394838561856758,0.012615689130392375,639483.8561856758,5.970518630089752e-05,0.0
0.0,4.946699798591031e-05,3.0038075758114154e-05,0.18638362952114718,1.9382090554775453,9.691045277387726,0.6399987038755864,0.012765962917880803,639998.7038755864,5.994194126102312e-05,0.0
0.6841277569949118,4.927411890801694e-05,2.9812248521879232e-05,0.1872114893014044,1.9515782141974207,9.757891070987103,0.6380315851345337,0.012454563737342533,638031.5851345337,5.987251522782967e-05,1.0
0.6865719816907376,4.914645461083655e-05,3.0351689776028038e-05,0.18734802985606758,1.9527577193023231,9.763788596511615,0.6378583249717038,0.012554384683838984,637858.3249717038,5.984742035144861e-05,1.0
0.6840214391374708,4.925618834332751e-05,3.0610703879147236e-05,0.18833577679104746,1.961450172270228,9.80725086135114,0.6365829211437053,0.013254474725800202,636582.9211437053,6.022438844847445e-05,1.0
0.6788290422538711,4.958065013494866e-05,3.0394984837911946e-05,0.18862798724052976,1.9651831388451535,9.825915694225767,0.6360359830938792,0.013291957574938711,636035.9830938792,6.0595307204247573e-05,1.0
0.6698498094585597,4.941940789030768e-05,3.054086363918308e-05,0.18810805103241793,1.964108117269474,9.82054058634737,0.6361934423906948,0.012409544455530627,636193.4423906947,6.110512298797616e-05,1.0
0.6655617829807847,4.9962945498868706e-05,3.0607355082782385e-05,0.18748727500261458,1.9552771088110097,9.776385544055048,0.6374884037302412,0.012462953735470336,637488.4037302412,6.120501125287845e-05,1.0
0.0,4.9392717475820133e-05,3.0440220552534315e-05,0.18793246500455144,1.9547162007111627,9.773581003555813,0.6375707431372644,0.013435673146367235,637570.7431372644,6.145347346683237e-05,0.0
0.6463849962701772,4.940803265748486e-05,3.065886540665208e-05,0.18826009626274315,1.964042383385888,9.82021191692944,0.6362030717513958,0.012723264276882092,636203.0717513958,6.246499533888125e-05,1.0
0.6498019520134256,5.071870886763308e-05,3.076247971585036e-05,0.18792062246351998,1.959680184599176,9.79840092299588,0.636842416395219,0.012683661322258961,636842.416395219,6.235755437861096e-05,1.0
0.652221719626009,5.081587456159306e-05,3.0811939735699135e-05,0.18821851266674972,1.9648839948632244,9.824419974316122,0.6360797950457983,0.012516820379297714,636079.7950457983,6.237362110846707e-05,1.0
0.6532405465851744,5.151616432366429e-05,3.0783125027612456e-05,0.18747497952065717,1.95475895614572,9.773794780728599,0.637564466410035,0.012514425451349292,637564.4664100349,6.214867208688986e-05,1.0
0.6586633181826995,5.1531601126277606e-05,3.08967788748401e-05,0.1881367551829964,1.9634643603841089,9.817321801920544,0.6362877526529064,0.012561263018899193,636287.7526529063,6.206619740247861e-05,1.0
0.658984779726358,5.179135765141695e-05,3.094765959579104e-05,0.18867878475126196,1.9673244865413264,9.836622432706632,0.6357224542490287,0.01308002375155267,635722.4542490287,6.216339892428187e-05,1.0
0.0,5.1727138901192267e-05,3.0946434403782726e-05,0.18783609319793726,1.9559568892221346,9.779784446110673,0.6373886285238475,0.013060814919722023,637388.6285238474,6.134154759795385e-05,0.0
0.6695710481706961,5.1607392332586316e-05,3.0735200940910805e-05,0.18802503731448342,1.9545976062024757,9.772988031012378,0.6375881537709668,0.013638228399933606,637588.1537709668,6.113985730414403e-05,1.0
0.6710792523329968,5.118550328757188e-05,3.1228626794321334e-05,0.18870873863709683,1.9648200631716097,9.824100315858049,0.636089158728348,0.013506636002541693,636089.1587283481,6.135532022077107e-05,1.0
0.665689353778682,5.137694390129922e-05,3.0888928275430345e-05,0.18771445135276135,1.9529333365016452,9.764666682508226,0.6378325321899808,0.013261434895503544,637832.5321899808,6.133834626844824e-05,1.0
0.6598048666443066,5.092363642868035e-05,3.0999440575585664e-05,0.18679642620686548,1.943165167385363,9.715825836926815,0.6392687622923432,0.01286161470607417,639268.7622923432,6.141716894673896e-05,1.0
0.0,5.123795631826346e-05,3.088337954138352e-05,0.18634604711748973,1.9436068944897908,9.718034472448954,0.6392037446624131,0.01189583889739261,639203.7446624131,6.112236620968224e-05,0.0
0.6585103635977984,5.1755840694121145e-05,3.139357613139064e-05,0.1880447080952802,1.9660680639043169,9.830340319521584,0.6359063966348473,0.011995812825407678,635906.3966348473,6.22960615982857e-05,1.0
0.65668880034259,5.190398958385734e-05,3.1094659847595675e-05,0.18809522175440552,1.9600209217858353,9.800104608929177,0.6367924532043244,0.012982896713135446,636792.4532043245,6.216650788884196e-05,1.0
0.6545163458056478,5.1722785425402346e-05,3.085218767211566e-05,0.18860139497418144,1.9657732433459736,9.828866216729867,0.6359495665691528,0.013152356517515668,635949.5665691528,6.235900972077073e-05,1.0
0.6622897597198095,5.191531250654865e-05,3.05441984996948e-05,0.18898204823559114,1.9690591325550675,9.845295662775337,0.6354685865930639,0.013432683064246194,635468.5865930639,6.193155533275915e-05,1.0
0.6658437474775891,5.172266972864447e-05,3.063035404498609e-05,0.18845820349274067,1.9637827509013108,9.818913754506553,0.6362411067549727,0.013157513740454043,636241.1067549727,6.159952703400157e-05,1.0
0.6602208240791088,5.215598989680415e-05,3.020583176621577e-05,0.18853658737621734,1.9661184294011331,9.830592147005666,0.6358990220175734,0.012972196770008127,635899.0220175735,6.19627669747275e-05,1.0
0.0,5.1197167056760506e-05,3.0058156582464127e-05,0.18847465142259676,1.962317714192161,9.811588570960804,0.6364557707335811,0.013405073578774596,636455.770733581,6.190248650852313e-05,0.0
0.6529028115190257,5.100542003156597e-05,2.941128370395856e-05,0.18873574962369027,1.9594933120071527,9.797466560035764,0.6368698196799635,0.014341318927344015,636869.8196799635,6.18473299986994e-05,1.0
0.0,4.998990563337265e-05,2.9495184436117815e-05,0.18790353017091999,1.9436907267392785,9.718453633696392,0.6391914061748556,0.014998466516695544,639191.4061748555,6.150321707420479e-05,0.0
0.6548707443768653,4.9242577105591594e-05,2.935521628976858e-05,0.18811974311247734,1.9445725498558297,9.722862749279148,0.639061633276271,0.015301119501225645,639061.6332762709,6.10740823824783e-05,1.0
0.6556481082277947,4.9939656678386714e-05,2.892169494079365e-05,0.18881772263875873,1.9546720339249388,9.773360169624693,0.6375772271233789,0.015212672400896386,637577.2271233789,6.128839154546393e-05,1.0
0.6507307956200287,5.038845603580482e-05,2.9268943862869995e-05,0.18892670470065046,1.9561528509942367,9.780764254971183,0.6373598690087112,0.01521327841001212,637359.8690087112,6.173947926483885e-05,1.0
0.0,5.002094679844633e-05,2.8891264916097114e-05,0.1895495735624637,1.9679348715825762,9.83967435791288,0.6356331120571703,0.014732259182097751,635633.1120571704,6.234332890636732e-05,0.0
0.6445006238281983,4.926927613445695e-05,2.9152522724783636e-05,0.18961147327546826,1.974379448610375,9.871897243051874,0.6346905836868679,0.013913530237804467,634690.583686868,6.244398435709155e-05,1.0
0.6332506375045016,4.780162619284699e-05,2.8959160023091622e-05,0.1892845732462864,1.9742964465748654,9.871482232874326,0.6347027139615956,0.013271860454168408,634702.7139615956,6.288931994567564e-05,1.0
0.0,4.757384591502373e-05,2.9460448235998417e-05,0.1888427464450645,1.9685312621132998,9.842656310566499,0.635545830372217,0.013231323262346007,635545.830372217,6.23368226064799e-05,0.0
0.6508296035342042,4.8832576502846955e-05,2.9696104432956293e-05,0.1884275366743703,1.96429799971742,9.821489998587099,0.6361656273176451,0.013020700666385748,636165.6273176451,6.191701092605308e-05,1.0
0.0,4.907336710852184e-05,2.939976798303496e-05,0.1870035934499297,1.9503069349837003,9.751534674918501,0.6382183789008388,0.01222556580069819,638218.3789008388,6.211012980219493e-05,0.0
0.0,4.881211362332666e-05,2.9136647857711166e-05,0.1868487665294957,1.948630007383043,9.743150036915214,0.638464859736168,0.01216239279515936,638464.859736168,6.2214549419119e-05,0.0
0.0,4.9068411455610284e-05,2.9335572462124236e-05,0.18693032053072928,1.9511173948210236,9.755586974105118,0.6380992887155646,0.0119599297770232,638099.2887155646,6.216009191774696e-05,0.0
0.6403279645327364,4.8306564050000854e-05,2.92701475736687e-05,0.18794676954117398,1.9692492579025953,9.846246289512976,0.6354407676714927,0.011334306753840697,635440.7676714928,6.256914978403125e-05,1.0
0.6446405867865637,4.819177108765202e-05,2.9233941870088917e-05,0.18827208962752895,1.975147475977332,9.87573737988666,0.634578351858396,0.011122531113453848,634578.351858396,6.24478575352322e-05,1.0
0.6453725889560048,4.827767440240685e-05,2.9630934691218768e-05,0.18758453097210637,1.9669959866564057,9.834979933282028,0.6357705420466139,0.010939603990826599,635770.5420466139,6.230566467003529e-05,1.0
0.6441978740104646,4.826907058844819e-05,2.9413709335383404e-05,0.18641414267803086,1.9532623841680896,9.766311920840447,0.6377842079849861,0.010612493341047833,637784.2079849861,6.199892584164833e-05,1.0
0.0,4.869909223752426e-05,2.9452823280328373e-05,0.1865566448313485,1.952131615612682,9.76065807806341,0.6379502888939178,0.011063578556614845,637950.2888939178,6.195327471597301e-05,0.0
0.0,4.88974330058918e-05,2.97501551528175e-05,0.18673611781964758,1.9612066277687057,9.806033138843528,0.6366186205651407,0.010090856204435892,636618.6205651407,6.180922346879717e-05,0.0
0.6554133268603755,4.9253647354827964e-05,2.9997887296276828e-05,0.18613391095540277,1.9597763318463877,9.798881659231938,0.6368283176741861,0.009096139584991688,636828.3176741861,6.18373117485683e-05,1.0
0.0,4.892438826661602e-05,2.995004575009509e-05,0.18659979579612573,1.9660006469595157,9.830003234797578,0.635916268093265,0.009115859685516401,635916.268093265,6.181720812762171e-05,0.0
0.0,4.939480820548898e-05,2.986437307083739e-05,0.18654983521718332,1.9648693795278036,9.824346897639018,0.6360819356521356,0.009181606086502226,636081.9356521355,6.147978942460949e-05,0.0
0.6570477601646975,5.0221380515191194e-05,2.9345440970664363e-05,0.18723507534162961,1.9727419962844035,9.863709981422017,0.6349299308495224,0.009400081532781667,634929.9308495225,6.20494664922574e-05,1.0
0.644061468720482,4.973187814506166e-05,2.9041658653451518e-05,0.185976596626916,1.957314576131659,9.786572880658294,0.6371893998941545,0.009142593147986487,637189.3998941545,6.230007906408641e-05,1.0
0.0,4.9293392754303144e-05,2.9156333248354906e-05,0.18699272348196944,1.9742101058104868,9.871050529052434,0.6347153324185417,0.008700779382480591,634715.3324185418,6.32779090514871e-05,0.0
0.0,4.99754170673772e-05,2.9131841926705137e-05,0.1862276910311151,1.9636010692120403,9.8180053460602,0.6362677236662533,0.008723105728483506,636267.7236662533,6.316926683753013e-05,0.0
0.635571077025013,4.9880236732682126e-05,2.9171683211740904e-05,0.18676419221633445,1.9722663711250972,9.861331855625485,0.6349994701135709,0.008527854546239838,634999.4701135709,6.326463905948821e-05,1.0
0.638817666295448,5.058454269406176e-05,2.9500025630396303e-05,0.18700820684632352,1.9700992037559055,9.850496018779527,0.6353164194649958,0.009332833157642889,635316.4194649959,6.315019360484982e-05,1.0
0.6357306015173536,5.035158398423444e-05,2.9153828185069694e-05,0.18689283945308305,1.9695389406771184,9.847694703385592,0.6353983839633613,0.009184062869527436,635398.3839633614,6.321991343669978e-05,1.0
0.639888935165375,5.10720750926851e-05,2.9099897530698506e-05,0.18675586837476751,1.9677371428038748,9.838685714019373,0.6356620522867433,0.009173789036278348,635662.0522867433,6.300916536573489e-05,1.0
0.6335113109473133,5.111637649923413e-05,2.9174512869107903e-05,0.18761718060468033,1.9709384457983121,9.85469222899156,0.6351936611159911,0.010428022325351753,635193.6611159911,6.344852622271978e-05,1.0
0.0,5.12231633809108e-05,2.897977463045339e-05,0.18794107644298305,1.9760949223151547,9.880474611575773,0.6344399288795133,0.010322081765479375,634439.9288795133,6.292321858578705e-05,0.0
0.6489184209719979,5.198105912412753e-05,2.9429622272022548e-05,0.18888384323803747,1.9871566389870823,9.93578319493541,0.6328260320866944,0.010593718562769333,632826.0320866944,6.308062692583086e-05,1.0
0.6457159181759472,5.17605527029229e-05,2.9713605867066042e-05,0.1900822621951804,2.0014929950333147,10.007464975166572,0.6307404745178463,0.010904998908207123,630740.4745178464,6.365132305558378e-05,1.0
0.6493965020100809,5.125478060090196e-05,2.9806373747851348e-05,0.19049476170378177,2.0047813506004153,10.023906753002075,0.6302630763443385,0.011252599751902088,630263.0763443385,6.344770408698232e-05,1.0
0.6523210777242038,5.100540288486974e-05,3.03485158066929e-05,0.19178871731324584,2.02182246598009,10.109112329900448,0.627794856763078,0.011372291389569673,627794.856763078,6.37751238976814e-05,1.0
0.6485430783047278,5.121146180249392e-05,2.9891876906675998e-05,0.19185910536383363,2.0223157420887126,10.111578710443563,0.6277235552313163,0.011441765958983535,627723.5552313162,6.394095758030635e-05,1.0
0.6396375234804517,5.0404353030353784e-05,2.9891721484210773e-05,0.19261528866828626,2.0326438308694676,10.163219154347338,0.6262325204481499,0.011463097784722423,626232.5204481499,6.46269792513748e-05,1.0
0.6479905860829975,5.071500142107227e-05,3.0003788145206776e-05,0.1927185756698947,2.03627815098114,10.1813907549057,0.6257086875381217,0.011145838877911088,625708.6875381217,6.429343809992396e-05,1.0
0.6536580160432046,5.043131573384195e-05,2.9729345868264465e-05,0.1923402759548011,2.0300605416472637,10.150302708236318,0.6266051295921703,0.0112856815017725,626605.1295921702,6.369984583374269e-05,1.0
0.0,5.099659574953189e-05,2.9824973313444494e-05,0.19292194009125427,2.031271672358117,10.156358361790584,0.6264304106079408,0.012274290790449347,626430.4106079408,6.342734839931085e-05,0.0
0.6637156216184017,4.977953368209102e-05,2.949649909903924e-05,0.19351948985837358,2.0356779576860458,10.178389788430229,0.625795166212375,0.012834145929122139,625795.1662123749,6.306333364554946e-05,1.0
0.6715553205484293,4.939066012089711e-05,2.9713736312540733e-05,0.19349251108220494,2.034642417218299,10.173212086091494,0.6259443998572422,0.012929422021652015,625944.3998572421,6.259410390316438e-05,1.0
0.0,4.855961284286212e-05,3.003681201672859e-05,0.19392466965928853,2.0380781340539085,10.190390670269542,0.6254494091616949,0.013298748480271969,625449.4091616949,6.239363759529207e-05,0.0
0.0,4.81753058528229e-05,3.0117775796732516e-05,0.19424216035879444,2.045970200966099,10.229851004830495,0.6243138648387123,0.012798185556301203,624313.8648387123,6.297215364769176e-05,0.0
0.6687337171037244,4.833563268632091e-05,2.955958093627838e-05,0.19406615578637643,2.0448170655268183,10.224085327634091,0.6244796541953225,0.01261196576807532,624479.6541953224,6.285324424381832e-05,1.0
0.0,4.827930671986962e-05,2.9278351261203002e-05,0.19208838671869383,2.0144818475294572,10.072409237647285,0.6288568779374182,0.013033651374805841,628856.8779374182,6.210961997361831e-05,0.0
0.0,4.818703180099822e-05,2.946219723694289e-05,0.19362167244816858,2.0309749120938014,10.154874560469008,0.6264732170477016,0.01371656194403882,626473.2170477016,6.224035583499304e-05,0.0
0.6686918716723074,4.8143698729288224e-05,2.9479312885257742e-05,0.19313236236539938,2.0273794995497223,10.136897497748611,0.6269920728883116,0.013256797619110354,626992.0728883116,6.235121198325747e-05,1.0
0.0,4.828251887501243e-05,2.868152584224484e-05,0.19234444241763515,2.018599107350405,10.092995536752024,0.6282609826767462,0.012949867512016568,628260.9826767462,6.270109689673407e-05,0.0
0.6604267222464104,4.781260047654063e-05,2.9080744440560418e-05,0.19201917502167343,2.0069860222468687,10.034930111234344,0.6299432080153686,0.013981558058715505,629943.2080153687,6.213975841967436e-05,1.0
0.6523244459041031,4.820977328745935e-05,2.914012650362536e-05,0.1917491819597221,2.003481842778595,10.017409213892975,0.6304516936029815,0.013950057522425681,630451.6936029815,6.257027628701989e-05,1.0
0.6499630529072028,4.8576910806902904e-05,2.891160157435284e-05,0.1917517343514284,1.9977847276098535,9.988923638049267,0.6312792686554706,0.014782737358327356,631279.2686554706,6.25275111184006e-05,1.0
0.0,4.87978915595929e-05,2.9231856222135783e-05,0.1912227430768616,1.9904589384188094,9.952294692094046,0.6323450251160755,0.014790511269798705,632345.0251160755,6.233776757984803e-05,0.0
0.6498697621595328,4.910020044977667e-05,2.9043957093821e-05,0.19075330887301228,1.9838284969519873,9.919142484759936,0.6333111734395409,0.014817791185565449,633311.1734395409,6.22805178104875e-05,1.0
0.0,4.9266405441185466e-05,2.8856542316663314e-05,0.19103832477794624,1.989449355253546,9.947246776267729,0.6324920403621317,0.01456868991802419,632492.0403621317,6.25245011099828e-05,0.0
0.0,5.029861398372729e-05,2.8986917265634257e-05,0.19271859650643033,2.009964002558506,10.04982001279253,0.6295114006775582,0.01494859369041882,629511.4006775582,6.35787332737529e-05,0.0
0.0,5.024909461852649e-05,2.954149045809426e-05,0.19358828828115163,2.017970438487485,10.089852192437425,0.6283519340294592,0.015528510591762443,628351.9340294593,6.390836772732809e-05,0.0
0.6403828850963781,5.009057111698867e-05,3.003773680232424e-05,0.1940593762300069,2.028837011565281,10.144185057826405,0.6267816868048429,0.014900439264856761,626781.6868048429,6.431318207031246e-05,1.0
0.0,4.971199590447021e-05,3.0144895515948988e-05,0.19360814127485373,2.0244861710195083,10.12243085509754,0.627409922653742,0.014626205203449408,627409.9226537419,6.404611597505576e-05,0.0
0.6380292429667848,4.920162465109189e-05,3.0280713303285105e-05,0.19383087514811848,2.025043101254624,10.125215506273118,0.6273294700653306,0.01499122036156753,627329.4700653306,6.428308313788161e-05,1.0
0.0,4.8595356264269514e-05,3.051254871684485e-05,0.19402030631178818,2.028807063271834,10.14403531635917,0.6267860090118677,0.014826621635444017,626786.0090118677,6.405698798409465e-05,0.0
0.6405880458762913,4.8179050482368666e-05,3.012520263989715e-05,0.19333074477509415,2.02163534306997,10.108176715349849,0.6278219069182802,0.014483396468468532,627821.9069182802,6.388365994787595e-05,1.0
0.6273569724748669,4.818012928189526e-05,3.03159430882448e-05,0.1931991163584238,2.0169453355030793,10.084726677515397,0.6285002668991863,0.014898499616033862,628500.2668991863,6.46045392980154e-05,1.0
0.6395794253476441,4.838367426050621e-05,3.0089402186036847e-05,0.19401925435357856,2.0251519483763487,10.125759741881742,0.6273137475189123,0.01535225622606944,627313.7475189123,6.401482952574447e-05,1.0
0.0,4.844157180457216e-05,3.0183157562355086e-05,0.19460352512826287,2.0355518369598227,10.177759184799113,0.6258133397996862,0.015020390056211983,625813.3397996862,6.431705022290525e-05,0.0
0.6376172039070752,4.808997272976586e-05,3.0111254122825783e-05,0.19460375177180653,2.0355149029157786,10.177574514578893,0.6258186619754686,0.015026165519081716,625818.6619754686,6.436904866208962e-05,1.0
0.6414748786300357,4.857826555718053e-05,3.0259391538503533e-05,0.1933377520537376,2.022853033049676,10.114265165248378,0.6276459007032728,0.014321404810747965,627645.9007032728,6.395445168090698e-05,1.0
0.0,4.897640658218739e-05,3.0289634747235402e-05,0.1928239474941661,2.0194400525565057,10.097200262782527,0.6281393412709615,0.013787236259293656,628139.3412709614,6.37801088731642e-05,0.0
0.6409795501323977,4.8917054296832634e-05,2.9361932971044305e-05,0.19174484262316036,2.0046379401603165,10.023189700801582,0.6302838889038538,0.013773574150174472,630283.8889038538,6.341159684402289e-05,1.0
0.6422459824219714,4.8612255138563625e-05,2.9428361825134975e-05,0.19176279394998422,2.005297205455457,10.026486027277286,0.6301882181609925,0.013713806060960905,630188.2181609925,6.332656452696175e-05,1.0
0.0,4.891422399620725e-05,2.9632440474322056e-05,0.19166150311613028,2.0077452924590626,10.038726462295312,0.6298330856616158,0.01315609189387637,629833.0856616158,6.343047793288667e-05,0.0
0.6474058772097471,4.9029926310026155e-05,2.977357016933715e-05,0.19124334963433326,2.0048832823995038,10.024416411997517,0.6302482838249696,0.012734983093636056,630248.2838249695,6.318790755722443e-05,1.0
0.636275471420529,4.832526415411811e-05,2.9747322982087833e-05,0.19111799285567696,2.0072027289753454,10.036013644876727,0.6299117755354317,0.012147761246785556,629911.7755354317,6.383129505729986e-05,1.0
0.6396849286942049,4.832476874304355e-05,3.0245025030025198e-05,0.19150204005294896,2.0112276867866767,10.056138433933384,0.6293282558444085,0.01233233595030645,629328.2558444085,6.382329034293562e-05,1.0
0.0,4.848929127421987e-05,3.0333536468161194e-05,0.19115659829469187,2.0135717534800146,10.067858767400073,0.6289886730435706,0.01130186963295437,628988.6730435706,6.40219234690911e-05,0.0
0.0,4.806965805549159e-05,3.0458167728855902e-05,0.1899996814079232,2.001285015487445,10.006425077437225,0.6307706808096688,0.010770043625515185,630770.6808096688,6.348039159668209e-05,0.0
0.0,4.820318659080048e-05,3.0762351942493955e-05,0.18934040353737216,1.9987266719225691,9.993633359612845,0.6311423649043444,0.00982317197908872,631142.3649043444,6.366741059249062e-05,0.0
0.0,4.751171161635558e-05,3.085588280355305e-05,0.18974643921734993,2.0028505682667803,10.014252841333901,0.6305433404067361,0.010036218841435936,630543.3404067361,6.395656346141276e-05,0.0
0.0,4.822957043403455e-05,3.056935982145773e-05,0.19043523924133648,2.0185806746145047,10.092903373072524,0.6282636492069069,0.009134127689579866,628263.6492069069,6.443788820597067e-05,0.0
0.6406003467986552,4.8888954017883576e-05,2.9826471400894687e-05,0.19022818327415322,2.0154898036198277,10.077449018099138,0.6287109431867496,0.009167309735056039,628710.9431867496,6.4012948397426e-05,1.0
0.6435173963528622,4.878491627037442e-05,2.968680570227137e-05,0.19102245686515376,2.020688409551912,10.103442047759561,0.6279588118179211,0.01000372554822863,627958.8118179211,6.388467856742046e-05,1.0
0.0,4.899094511388647e-05,2.9921353245990276e-05,0.1920451541973167,2.0290561604801125,10.145280802400562,0.6267500596332661,0.010840368027899509,626750.0596332662,6.457237486977687e-05,0.0
0.0,4.78061652287088e-05,2.981699728164513e-05,0.1914014062688848,2.0265087602867844,10.132543801433922,0.6271177943449825,0.009920606882752108,627117.7943449825,6.424272833547499e-05,0.0
0.0,4.727186809400196e-05,3.0061010847696746e-05,0.19226667347275433,2.0374626625559222,10.18731331277961,0.6255380526004038,0.010071399545912543,625538.0526004039,6.467724635670106e-05,0.0
0.640430264666942,4.717954127204585e-05,3.0104409083518893e-05,0.19282948277448278,2.0487351476191127,10.243675738095563,0.6239165203578385,0.009575485906804064,623916.5203578385,6.464084348837038e-05,1.0
0.636420648515713,4.6699883935891504e-05,3.0488740722927172e-05,0.1934556149700675,2.0615642920073425,10.307821460036712,0.6220761782306778,0.008987408170812854,622076.1782306778,6.523563777279881e-05,1.0
0.6411810284944435,4.7123084498489005e-05,3.039040089633243e-05,0.19367742235472396,2.0649173278570507,10.324586639285254,0.6215960803207536,0.00895092503020156,621596.0803207536,6.507961385234e-05,1.0
0.0,4.8179271073893225e-05,3.052287732637609e-05,0.1955869859386537,2.0872203537964853,10.436101768982425,0.6184120802307567,0.009586052108064092,618412.0802307567,6.531909952144558e-05,0.0
0.0,4.762737829270071e-05,3.0664185299209173e-05,0.19517826640534156,2.079323115592912,10.39661557796456,0.6195376276923299,0.00989416050301299,619537.6276923299,6.488519400981651e-05,0.0
0.6560741313845554,4.72560990248041e-05,3.1101382155014345e-05,0.19639925355126708,2.098977429142843,10.494887145714216,0.6167401997261771,0.00953870682871129,616740.1997261771,6.519236874716661e-05,1.0
0.6525890377758212,4.7428701228462985e-05,3.056736332001378e-05,0.1969848314697538,2.104680875446571,10.523404377232854,0.6159307867513345,0.009900449690842065,615930.7867513346,6.544199825086516e-05,1.0
0.0,4.828568527814354e-05,3.0418493571247555e-05,0.197225885370168,2.1159911312679065,10.579955656339532,0.6143288157907484,0.008780586531084383,614328.8157907483,6.572907023094586e-05,0.0
0.6607625474710109,4.770878441631072e-05,3.0664678531439155e-05,0.19665916641397976,2.1104709310971312,10.552354655485656,0.6151101690732865,0.008428501901246076,615110.1690732866,6.524593256371767e-05,1.0
0.6633032773409022,4.787912678913798e-05,3.1115153904743966e-05,0.19691016001719874,2.1167062595048263,10.58353129752413,0.614227666056473,0.008047986090870528,614227.666056473,6.538374848404461e-05,1.0
0.6720409181171824,4.883219367876177e-05,3.116487228044171e-05,0.19779213553197195,2.128641875951373,10.643209379756867,0.6125419156509787,0.008126186714922583,612541.9156509787,6.532976663309248e-05,1.0
0.6663429909088633,4.8029670231096903e-05,3.105376358550643e-05,0.1968104352665544,2.1151954519951075,10.575977259975536,0.6144413784656854,0.008062248998794132,614441.3784656854,6.518439884899996e-05,1.0
0.66123588276839,4.742854222305205e-05,3.125982382439864e-05,0.19651580248036762,2.1112582801370507,10.556291400685254,0.6149986635112731,0.008030268472008306,614998.6635112731,6.532795017122782e-05,1.0
0.6619462677480534,4.726816807536059e-05,3.1495238150480174e-05,0.194813605819014,2.087620587651998,10.43810293825999,0.6183550916994871,0.007982303337515071,618355.0916994871,6.471889379418066e-05,1.0
0.0,4.706251050742567e-05,3.1357434883870375e-05,0.19458756997533352,2.0840848461304664,10.420424230652332,0.6188587209405922,0.008033860891259313,618858.7209405922,6.470142869498259e-05,0.0
0.0,4.752756094115398e-05,3.1429378379846234e-05,0.19404025460282961,2.074243067273256,10.37121533636628,0.620262739951254,0.008343249156913238,620262.739951254,6.496903530591724e-05,0.0
0.6545568935490239,4.769783958224132e-05,3.17549489909729e-05,0.19383250128122617,2.0705805290481236,10.352902645240619,0.6207860471243738,0.008451049686826164,620786.0471243738,6.480793178008959e-05,1.0
0.0,4.685640176077543e-05,3.228698770913578e-05,0.19575920361117913,2.098405352043208,10.492026760216039,0.6168214455624291,0.008339852784787362,616821.4455624291,6.519940659887368e-05,0.0
0.6578416283160031,4.7176978927010326e-05,3.2464029442723656e-05,0.19695447372030464,2.1136152800703156,10.568076400351577,0.6146649824283847,0.008573929868994006,614664.9824283847,6.573862791437684e-05,1.0
0.6629861834625147,4.694466990479229e-05,3.242799052286886e-05,0.1959935591497024,2.096948499101903,10.484742495509515,0.6170283947440357,0.009015513043440507,617028.3947440357,6.496419734218456e-05,1.0
0.0,4.764300011516707e-05,3.236320815960011e-05,0.1961213353897463,2.100566912135859,10.502834560679295,0.6165145190577178,0.008757189837210383,616514.5190577178,6.498067728175882e-05,0.0
0.6691186594533075,4.7376346344645267e-05,3.248316296356619e-05,0.1965429305806256,2.1065448847637342,10.53272442381867,0.6156664835138786,0.008752344675129838,615666.4835138787,6.49410994940634e-05,1.0
0.6715603306077476,4.7110511776201246e-05,3.239879785155103e-05,0.19645508970373496,2.1010350162014135,10.505175081007067,0.6164480716556806,0.009358251063150535,616448.0716556807,6.458725728254332e-05,1.0
0.6742424753823479,4.743886734607949e-05,3.240771404422673e-05,0.19616895207955604,2.1007973919089706,10.503986959544854,0.6164818015441418,0.008819705703253846,616481.8015441418,6.450506275898874e-05,1.0
0.0,4.787155324032637e-05,3.2042196883982935e-05,0.19668472259134326,2.1015412661449413,10.507706330724707,0.6163762175046302,0.009745662687316742,616376.2175046302,6.479392445352694e-05,0.0
0.6651184892908988,4.813817185748794e-05,3.2390470105250626e-05,0.19525080456837757,2.086044327093424,10.43022163546712,0.6185795628094455,0.00908117194620062,618579.5628094454,6.47330937577382e-05,1.0
0.6573806184445535,4.733260976164578e-05,3.2000605285001007e-05,0.1943154297530995,2.074010147010694,10.37005073505347,0.6202960066954752,0.00892686620167424,620296.0066954752,6.46984613029891e-05,1.0
0.6565787514130973,4.7654974786376985e-05,3.1830959651165084e-05,0.19410594992571517,2.07425291125489,10.37126455627445,0.6202613340277724,0.008473233879202749,620261.3340277724,6.478847248327809e-05,1.0
0.6561199920104018,4.718472126481225e-05,3.1823618436397325e-05,0.19463313258063347,2.07376187830961,10.36880939154805,0.6203314675387864,0.009597732700053383,620331.4675387865,6.468023869719168e-05,1.0
0.6712372590385544,4.735866489531013e-05,3.238444213163597e-05,0.19389931234789287,2.065201013589245,10.326005067946225,0.621555478335843,0.009354103031628739,621555.4783358431,6.374214574577354e-05,1.0
0.667281520293169,4.66996243797044e-05,3.220994839354755e-05,0.19311809192109292,2.0559532319189215,10.279766159594608,0.622880416550546,0.009116600392731898,622880.4165505461,6.361900709387779e-05,1.0
0.679998202314453,4.6988792965881846e-05,3.196594468148848e-05,0.19288957277247154,2.0539363747838313,10.269681873919156,0.6231697484699642,0.0089488940149073,623169.7484699643,6.288038262215477e-05,1.0
0.689248188822733,4.664571765441052e-05,3.176138071265857e-05,0.1934818607448847,2.0617191568179876,10.308595784089936,0.6220539960487868,0.009017717538556128,622053.9960487868,6.250730252501558e-05,1.0
0.0,4.607148597619205e-05,3.2223822248688794e-05,0.19326636130629551,2.059719915972159,10.298599579860793,0.6223404196857417,0.00887314229833275,622340.4196857418,6.242953473504247e-05,0.0
0.6863642965584604,4.6506966324909405e-05,3.1335641705663214e-05,0.19431964797811352,2.074752825959072,10.37376412979536,0.6201899400938279,0.008829236050054895,620189.9400938279,6.290599992138967e-05,1.0
0.0,4.669764925924959e-05,3.1008107467905375e-05,0.19284488547352338,2.066299563963265,10.331497819816324,0.6213982754054952,0.0070880463525419286,621398.2754054952,6.257859931489746e-05,0.0
0.6820802552650334,4.645670787336815e-05,3.1807331931295135e-05,0.19293158196705457,2.066904670698548,10.334523353492738,0.6213117014093829,0.007174865343492004,621311.7014093829,6.307596412354141e-05,1.0
0.0,4.725316314041132e-05,3.194844991471672e-05,0.19261494172122368,2.0620236229935367,10.310118114967683,0.6220103879049181,0.007240271347365487,622010.3879049182,6.310450148105012e-05,0.0
0.0,4.7087773666818224e-05,3.157768543162062e-05,0.19323421982155475,2.0666627599977967,10.333313799988984,0.6213463106760149,0.007814750319124373,621346.3106760149,6.315457931599382e-05,0.0
0.0,4.7162072030467325e-05,3.153355632833578e-05,0.19292816311944863,2.0575136259755893,10.287568129877945,0.6226566595479843,0.008512985786881587,622656.6595479844,6.335198374267219e-05,0.0
0.0,4.735328731369728e-05,3.152312157158942e-05,0.19419261497602866,2.0756373309960146,10.378186654980073,0.6200636420883907,0.008448872040448056,620063.6420883907,6.42763275105864e-05,0.0
0.0,4.709638860035903e-05,3.1746496713929317e-05,0.19309451483467266,2.0572184603453345,10.286092301726672,0.6226989794711307,0.008888009140476072,622698.9794711308,6.396191546764808e-05,0.0
0.0,4.7390028975051815e-05,3.22634173804975e-05,0.19397593131224952,2.07322889353523,10.36614446767615,0.6204076019429451,0.008359464567444148,620407.601942945,6.411896992028792e-05,0.0
0.6710037891664192,4.7175502221968414e-05,3.233471453727132e-05,0.19414383525356124,2.072664200355614,10.363321001778068,0.6204882759403209,0.008775946447443317,620488.2759403208,6.393400650985285e-05,1.0
0.0,4.702617301642094e-05,3.2126083755622e-05,0.194303635244714,2.0767351621659706,10.383675810829853,0.6199069191294991,0.008514189618927161,619906.9191294991,6.359941091119453e-05,0.0
0.0,4.776697087599419e-05,3.2319687413139025e-05,0.1948640857004659,2.0885457079535708,10.442728539767854,0.6182233856915518,0.00795155709248359,618223.3856915517,6.388832885480348e-05,0.0
0.6850549738154064,4.7291338432218094e-05,3.2063817855817386e-05,0.1953221934348413,2.0953514087461604,10.476757043730801,0.6172553447418493,0.007899731611531893,617255.3447418493,6.374996521906557e-05,1.0
0.6820723148053579,4.6139121498108984e-05,3.171254024990433e-05,0.1950383114354256,2.0861441116933066,10.430720558466533,0.618565350332049,0.008641973202900145,618565.350332049,6.343373676197703e-05,1.0
0.0,4.702180756565275e-05,3.1150316783319315e-05,0.19540165166549528,2.0904221250120663,10.452110625060332,0.617956333176217,0.008759636507207565,617956.333176217,6.363326450646968e-05,0.0
0.0,4.83560353906432e-05,3.065777192930281e-05,0.19698580050305417,2.1072884222381716,10.536442111190857,0.6155610868447943,0.009532687850902603,615561.0868447942,6.347235511689777e-05,0.0
0.6990045753169012,4.8186280050105667e-05,3.037568294387947e-05,0.196021414789732,2.0962697366718,10.481348683358998,0.6171248381575126,0.009167667736976649,617124.8381575126,6.284196270596324e-05,1.0
0.6976050611607002,4.725413542879346e-05,3.001483235469162e-05,0.1976569986930629,2.1155286270503035,10.577643135251517,0.6143942425483853,0.009708239934511111,614394.2425483853,6.320267616319187e-05,1.0
0.6975832250046918,4.715381073211962e-05,3.0108506665810205e-05,0.1976062447310998,2.117075079368983,10.585375396844915,0.6141755056550028,0.009387995117202416,614175.5056550028,6.325929005080323e-05,1.0
0.6984403290535981,4.706762304255689e-05,2.974651598474679e-05,0.1971964341259354,2.1104013000624007,10.552006500312004,0.6151200312987322,0.00951289955060297,615120.0312987322,6.297763006688566e-05,1.0
0.6960730688473554,4.703130866119462e-05,2.8808485774444432e-05,0.1964654818648779,2.09926038021507,10.49630190107535,0.6167000192441648,0.009630982973920618,616700.0192441648,6.265359973997997e-05,1.0
0.0,4.6533988467009805e-05,2.8519142526578704e-05,0.19633491502107545,2.0950423018666857,10.475211509333429,0.6172992791392534,0.009969109181404291,617299.2791392534,6.237284981774062e-05,0.0
0.0,4.689308926890785e-05,2.8407201781730702e-05,0.1948694445747444,2.0735886725186474,10.367943362593236,0.6203562081582431,0.010095097307731869,620356.2081582431,6.14417532860756e-05,0.0
0.0,4.7217481171172736e-05,2.82574228997345e-05,0.19428174914154853,2.0679644543776865,10.339822271888432,0.6211601048095693,0.009723603092666323,621160.1048095693,6.118868186987188e-05,0.0
0.708879665814377,4.652592873783963e-05,2.8748131845532565e-05,0.19421922203581982,2.0639758928515763,10.319879464257882,0.6217308404352196,0.01016928450685928,621730.8404352197,6.107522586403145e-05,1.0
0.7094656227938164,4.694500852893028e-05,2.858910644083517e-05,0.19378860480556637,2.051952238503421,10.259761192517104,0.623454517502752,0.01103172711388479,623454.517502752,6.073200090339084e-05,1.0
0.0,4.803245084932462e-05,2.8881601350978226e-05,0.19409420101233538,2.0583916456823963,10.29195822841198,0.6225307888358083,0.010719190860479035,622530.7888358083,6.097786095968805e-05,0.0
0.708843295482252,4.8157781998556655e-05,2.8898274544054405e-05,0.1933876147184895,2.0550361498908543,10.275180749454272,0.6230119615680679,0.00978719100504694,623011.9615680679,6.106928053968951e-05,1.0
0.7030895322476198,4.802596377755127e-05,2.8907617635471538e-05,0.19297912585177404,2.047577481446893,10.237887407234465,0.6240828552655748,0.010041106969122894,624082.8552655749,6.113346416081112e-05,1.0
0.0,4.799444289479648e-05,2.8678851196107697e-05,0.19259365128852649,2.0433725924672697,10.216862962336348,0.6246873920556614,0.009874694632714362,624687.3920556614,6.087939614317433e-05,0.0
0.7155123259932942,4.8342182420384834e-05,2.8687639376711313e-05,0.19275507461334235,2.046056215351083,10.230281076755414,0.6243015000853978,0.009811649312082426,624301.5000853977,6.0517846047463875e-05,1.0
0.7034298780497475,4.7510002969223524e-05,2.8484357751107862e-05,0.1928824241300768,2.0458673031487313,10.229336515743656,0.6243286569435527,0.010093505203706284,624328.6569435527,6.094727333884993e-05,1.0
0.7008683437453126,4.7641998261327706e-05,2.8565677890362078e-05,0.19219708286085732,2.037940206204881,10.189701031024404,0.6254692731630047,0.009863438884719359,625469.2731630047,6.090871787473436e-05,1.0
0.7056712914227089,4.749392632136975e-05,2.852348944276773e-05,0.19216707491313662,2.0384379368211873,10.192189684105937,0.6253975942950799,0.009731744121353136,625397.5942950799,6.0675558180397605e-05,1.0
0.7043255466996994,4.8467960301420376e-05,2.8269631273954893e-05,0.1920528747979506,2.037162418509101,10.185812092545506,0.6255812998845566,0.00968704948045778,625581.2998845566,6.077268954434582e-05,1.0
0.6971476634947105,4.841151472848949e-05,2.8601806950385974e-05,0.19154801625343637,2.0250245279074313,10.125122639537155,0.6273321529529684,0.010428185459841133,627332.1529529684,6.083276811765213e-05,1.0
0.0,4.9277228239479456e-05,2.875782295538468e-05,0.19130663844957854,2.02163899041421,10.108194952071049,0.627821379653544,0.010434656552701102,627821.379653544,6.130273953949409e-05,0.0
0.6854593634439149,4.873981332579886e-05,2.8648247676034312e-05,0.19138060209066646,2.026999593310135,10.134997966550673,0.6270469224499067,0.0098081266312396,627046.9224499067,6.153670239915676e-05,1.0
0.0,4.905864664268428e-05,2.871893063662422e-05,0.19145738024275377,2.032180984042897,10.160904920214485,0.6262992643725367,0.009214024858044251,626299.2643725367,6.200690410735271e-05,0.0
0.6874084987756217,4.923717384172621e-05,2.8719405267441144e-05,0.1912877504840718,2.029237721038005,10.146188605190025,0.6267238583535696,0.009299359321713167,626723.8583535696,6.158639432041038e-05,1.0
0.0,4.881790674095929e-05,2.848473988091334e-05,0.19145821029104448,2.0354206945651048,10.177103472825523,0.6258322375528445,0.008748658134933415,625832.2375528445,6.175308880721967e-05,0.0
0.0,4.8930246663458573e-05,2.853619395200142e-05,0.19032211519995967,2.0249127257039565,10.124563628519782,0.6273483028288533,0.007992533228772665,627348.3028288534,6.141253436205223e-05,0.0
0.6865227672365218,4.95579011486052e-05,2.837916654651918e-05,0.18977883935733658,2.0149245928079442,10.07462296403972,0.628792771844991,0.008350450559664217,628792.771844991,6.128980767077411e-05,1.0
0.6751418930022303,4.9404847273489795e-05,2.812810306490277e-05,0.1897628954183061,2.0121135513188486,10.060567756594242,0.6291998999132931,0.008725690749905254,629199.8999132931,6.172455595716608e-05,1.0
0.6699900436942813,4.857076900343512e-05,2.7678710804524755e-05,0.1907490727716923,2.026846941653343,10.134234708266714,0.6270689631245756,0.008567108667960222,627068.9631245756,6.217942319032832e-05,1.0
0.0,4.85905722101277e-05,2.761755438237267e-05,0.1909159006300616,2.027942519085658,10.13971259542829,0.6269107948800536,0.008742596140176872,626910.7948800536,6.193534041137623e-05,0.0
0.6817644951772868,4.8167549218528886e-05,2.7835294492600333e-05,0.19073633101980536,2.024630010607287,10.123150053036435,0.6273891429998604,0.008861805039471085,627389.1429998603,6.14887605767671e-05,1.0
0.0,4.8033027764826366e-05,2.7670190796734668e-05,0.19197622461674294,2.039578790407208,10.197893952036038,0.6252333293981803,0.009185778631666206,625233.3293981804,6.237875388435961e-05,0.0
0.6700236748239021,4.803157332468728e-05,2.8472999588447365e-05,0.19187191759986283,2.035917830247028,10.17958915123514,0.6257606028112771,0.00950443801100278,625760.6028112771,6.24535822215871e-05,1.0
0.0,4.721811575018578e-05,2.8769245292774237e-05,0.1927797762396372,2.0575468060149475,10.287734030074738,0.6226519024777447,0.008211454957019112,622651.9024777447,6.313761829056937e-05,0.0
0.6689919333377669,4.6465924265521726e-05,2.9185159426716897e-05,0.19228819200831074,2.051283038658441,10.256415193292206,0.623550592362016,0.008126976378637532,623550.5923620161,6.288392572728534e-05,1.0
0.6687571416593899,4.6777639197974054e-05,2.9440029141804688e-05,0.19163543103584474,2.0401400905927596,10.200700452963797,0.6251525268734643,0.008423388945153848,625152.5268734643,6.269367356582717e-05,1.0
0.0,4.658072706592973e-05,3.0007088051450167e-05,0.19137101597340558,2.037673669032386,10.188368345161928,0.6255076609239201,0.008249692870731264,625507.6609239201,6.234212162895961e-05,0.0
0.6694263259535098,4.536674035370085e-05,2.9770845695379402e-05,0.19116384549536933,2.0344293530433677,10.172146765216839,0.6259751093422079,0.008302800332946553,625975.1093422079,6.238916763788227e-05,1.0
0.0,4.58518275649309e-05,2.900720756577423e-05,0.19073612137058002,2.0256635662190074,10.128317831095037,0.6272398515759666,0.00871209431712666,627239.8515759666,6.182699325006508e-05,0.0
0.6762129321417143,4.6070975891269404e-05,2.889322573195288e-05,0.1926057488756761,2.0511700356762117,10.255850178381058,0.623566817296058,0.008778315047410208,623566.817296058,6.237316037109507e-05,1.0
0.6789475091465165,4.579261896142577e-05,2.9082826789978085e-05,0.19315018069046722,2.05333290064074,10.2666645032037,0.623256347074145,0.009556708455079437,623256.347074145,6.225248586102666e-05,1.0
0.6966692800486286,4.5218351476668137e-05,2.9146625345702916e-05,0.19369283894065364,2.056908738364641,10.284543691823204,0.6227433895308111,0.010129067412118409,622743.3895308111,6.138628824442404e-05,1.0
0.0,4.573188839529194e-05,2.9246334622079192e-05,0.19324888210219018,2.051151770925979,10.255758854629894,0.6235694397830099,0.010067203987390324,623569.4397830099,6.117906207479132e-05,0.0
0.0,4.599192593866632e-05,2.965768093043857e-05,0.1927101562246766,2.0443520416600083,10.22176020830004,0.6245465243729269,0.00996683682228013,624546.5243729269,6.078140355977033e-05,0.0
0.0,4.726338856123503e-05,2.977914458416855e-05,0.19267081249994597,2.053720584383985,10.268602921919925,0.6232007130333419,0.008542338033233845,623200.7130333419,6.0999048112337116e-05,0.0
0.7120732049173384,4.75282150893728e-05,3.0023235570762486e-05,0.19132165195018724,2.0358877549704077,10.179438774852038,0.6257649362737494,0.008408240174123905,625764.9362737495,6.060062354708749e-05,1.0
0.7003778327672582,4.777150235821635e-05,2.974090203679141e-05,0.19012295406007385,2.023741355143096,10.118706775715479,0.6275175328041385,0.007763440924286164,627517.5328041385,6.087327454084262e-05,1.0
0.6965214853356347,4.7732608345997746e-05,2.941746588929077e-05,0.1899875809797936,2.0207934429841585,10.103967214920791,0.6279436249172136,0.007918786876800752,627943.6249172136,6.092539462277113e-05,1.0
0.0,4.818634411267819e-05,2.99133507484123e-05,0.19099185528828605,2.033888047180818,10.16944023590409,0.6260531359182526,0.008036846494824739,626053.1359182526,6.138488234661935e-05,0.0
0.6935053288931392,4.85351598310487e-05,2.9945354193988174e-05,0.19086649666485672,2.0294651165075073,10.147325582537535,0.6266910441132282,0.008424037442941634,626691.0441132282,6.145223960701036e-05,1.0
0.0,4.9190319138710326e-05,2.975947835507457e-05,0.1914890548134046,2.033037329750099,10.165186648750494,0.6261757823032477,0.009153891930056897,626175.7823032477,6.182877525786105e-05,0.0
0.6839468271723722,4.8945851296617475e-05,2.9577870439908944e-05,0.1914633032577737,2.032653869948978,10.163269349744889,0.6262310728610724,0.009157679376619775,626231.0728610724,6.19754157587072e-05,1.0
0.6799223456158007,4.874923053421314e-05,2.939157609461929e-05,0.19292805886631964,2.0449633766793665,10.224816883396832,0.6244586162124097,0.010314733945048978,624458.6162124097,6.23844859540945e-05,1.0
0.0,4.853469433807289e-05,2.919105686641315e-05,0.19177673656502808,2.02821687896365,10.141084394818249,0.6268711918587018,0.01042466498875795,626871.1918587018,6.219398955602832e-05,0.0
0.0,4.895940131190093e-05,2.882229138830379e-05,0.1919349769835738,2.0350121734216047,10.175060867108023,0.6258911095249768,0.009761063492124475,625891.1095249768,6.164611023958912e-05,0.0
0.6762311566944453,4.972940050581128e-05,2.8395719439871564e-05,0.19160300662254692,2.032322940655747,10.161614703278733,0.6262787930396331,0.009484806284726926,626278.7930396331,6.223017877734534e-05,1.0
0.6666085335951243,4.9505392249120406e-05,2.8369303737777807e-05,0.19213461571759327,2.040925323781826,10.20462661890913,0.6250395053736919,0.009308736808878476,625039.5053736919,6.29337152036923e-05,1.0
0.6641068991215011,4.930289754024145e-05,2.822403990192613e-05,0.19164042879284074,2.0319139962451866,10.159569981225932,0.6263377680625961,0.009618625648277595,626337.7680625961,6.277536109865116e-05,1.0
0.6741496722826346,4.9473878201371526e-05,2.8591706889520597e-05,0.19137899232622177,2.031519647018911,10.157598235094556,0.6263946435327539,0.009152628185197393,626394.6435327539,6.234205020902123e-05,1.0
0.6674846341939039,4.9361519887337645e-05,2.870779574771026e-05,0.19119356358308814,2.029864186969406,10.14932093484703,0.6266334605139124,0.009020587680088748,626633.4605139125,6.267268765686052e-05,1.0
0.6728777932349439,4.985031631616084e-05,2.881323513677945e-05,0.19039587399084706,2.019242548516814,10.096212742584068,0.6281679078043948,0.008959655786088929,628167.9078043948,6.220046208617379e-05,1.0
0.666630597749781,4.87274213445281e-05,2.8614034311777524e-05,0.1893389636793631,2.0060535674170077,10.030267837085038,0.6300784749078132,0.008756402266539379,630078.4749078132,6.203650189618604e-05,1.0
0.0,4.833952039417909e-05,2.860544510080798e-05,0.18912414449093234,2.0001283824500358,10.00064191225018,0.6309386929301838,0.009186981912048451,630938.6929301838,6.15057973372609e-05,0.0
0.0,4.798152181931478e-05,2.8741636529881255e-05,0.18938678576927237,2.0014251260909854,10.007125630454926,0.6307503314294954,0.00952390296804016,630750.3314294955,6.221608624245637e-05,0.0
0.6649615258412227,4.6861713376735414e-05,2.898166252119743e-05,0.1891309827312715,1.9938275013261206,9.969137506630602,0.6318547430136884,0.010116708476231336,631854.7430136884,6.158987143289852e-05,1.0
0.6635388722011832,4.644265988701631e-05,2.897386172281797e-05,0.18881584324719616,1.9906502156693202,9.9532510783466,0.6323171752217588,0.009948861716151109,632317.1752217588,6.153625143457856e-05,1.0
0.0,4.605622863135302e-05,2.9318121622158873e-05,0.18775484692240757,1.971979237811098,9.85989618905549,0.6350414544208369,0.010551148265652038,635041.4544208369,6.0437420902912646e-05,0.0
0.6757857568007682,4.6034551731466544e-05,2.933415598238808e-05,0.1871782368183785,1.968833153850039,9.844165769250194,0.6355016531205935,0.009858126757350474,635501.6531205935,6.036364326907457e-05,1.0
0.6809608556707615,4.667034364266735e-05,2.958532699829562e-05,0.18762607878262613,1.9796923572392882,9.89846178619644,0.6339146145064563,0.009166772071708537,633914.6145064563,6.0524681503807846e-05,1.0
0.0,4.661440644421865e-05,2.9446664795752965e-05,0.1878747909846291,1.9871503133542032,9.935751566771016,0.6328269538179706,0.00857653578722876,632826.9538179706,6.107163797339601e-05,0.0
0.0,4.61667114551987e-05,2.8913954989867312e-05,0.18784672054649731,1.9865380877168477,9.932690438584238,0.6329161698248056,0.008609610917800228,632916.1698248056,6.094086090019373e-05,0.0
0.6662553150104493,4.621489995548796e-05,2.901618358647552e-05,0.1883583190268452,1.9892438532126524,9.946219266063261,0.6325219697040427,0.009238607757733101,632521.9697040428,6.13645439382973e-05,1.0
0.0,4.6815188767098874e-05,2.9253457133689998e-05,0.18762736307851144,1.9811763721924578,9.905881860962289,0.6336980384052358,0.008952764562258624,633698.0384052357,6.0862951790356213e-05,0.0
0.6756754414853277,4.639090558369945e-05,2.944099219055847e-05,0.18872895572777387,1.9977972315815227,9.988986157907613,0.6312774511129835,0.008735362568531232,631277.4511129835,6.120721394445852e-05,1.0
0.6764771849282647,4.600780003006473e-05,2.9578828345178532e-05,0.19019003115148478,2.0185189120150313,10.092594560075156,0.6282725840365364,0.008652646339505939,628272.5840365364,6.166143666282167e-05,1.0
0.6736257545480622,4.636691850910055e-05,2.9482675688488464e-05,0.1904391288599899,2.0197967700817903,10.09898385040895,0.6280877497544298,0.008966007474409647,628087.7497544298,6.18580903139316e-05,1.0
0.6705571947632271,4.6328812081053134e-05,2.9250998299285017e-05,0.19216938234201844,2.0453076930407694,10.226538465203847,0.6244091099892073,0.008747874673244166,624409.1099892072,6.261911229459046e-05,1.0
0.6680947680648449,4.672597818478681e-05,2.9431496814012452e-05,0.19149394813380846,2.0375997154646006,10.187998577323002,0.6255183124332041,0.008506208700821033,625518.3124332041,6.265335200229181e-05,1.0
0.6676462451236395,4.678463522519343e-05,2.9570801102591686e-05,0.19021595168360828,2.024336928754619,10.121684643773094,0.6274314835279092,0.007863386895125767,627431.4835279093,6.240756433321567e-05,1.0
0.0,4.719977434473434e-05,2.9411115353286703e-05,0.1895461473179387,2.0167539526385854,10.083769763192926,0.6285279639657573,0.007620258601634691,628527.9639657573,6.242040155601176e-05,0.0
0.6690952611719836,4.673823980081934e-05,2.9755720302978588e-05,0.18968118241005744,2.014223970935064,10.071119854675318,0.6288942194859548,0.008256584306069664,628894.2194859548,6.208776178001483e-05,1.0
0.0,4.6797432679408814e-05,2.9495746242554737e-05,0.19137044263425843,2.037060157028392,10.18530078514196,0.6255960303556707,0.00833691562418751,625596.0303556707,6.278066278227965e-05,0.0
0.0,4.675613901863906e-05,2.933077430406633e-05,0.19094611725324456,2.0335073626137645,10.167536813068823,0.6261080155500907,0.008000250056579802,626108.0155500907,6.317722152301627e-05,0.0
0.6659010190990696,4.6213070776214214e-05,2.9835086381687503e-05,0.19060646243731763,2.0242406572334493,10.121203286167246,0.6274453921671774,0.008658317041812674,627445.3921671774,6.243476530913866e-05,1.0
0.0,4.5507070386755584e-05,3.0098959235373928e-05,0.18978878539365737,2.014771255493006,10.07385627746503,0.6288149731626316,0.008392543949946327,628814.9731626316,6.234815767455221e-05,0.0
0.6588375520870985,4.59398034966578e-05,2.9989577258899143e-05,0.1909627536063666,2.0258760515035785,10.129380257517893,0.6272091636479554,0.009134670860688632,627209.1636479554,6.282923398245343e-05,1.0
0.0,4.5845531235615657e-05,3.0075999926614226e-05,0.19200434846817407,2.0353315479565977,10.176657739782987,0.6258450839960767,0.009853780932424911,625845.0839960767,6.350033065312313e-05,0.0
0.0,4.541748047007968e-05,3.0120917601439093e-05,0.19161883997217777,2.0297701351339295,10.148850675669648,0.6266470311826082,0.009884711126963748,626647.0311826082,6.356676857345932e-05,0.0
0.643496607916893,4.546104139221642e-05,2.9294815089917098e-05,0.1898459922103989,2.0104168912704794,10.052084456352397,0.6294457577199408,0.009137742140738628,629445.7577199409,6.309658195561845e-05,1.0
0.0,4.6115829993046746e-05,2.903697660327674e-05,0.18959292404932346,1.998922617997977,9.994613089989885,0.6311138895069498,0.010299737605596732,631113.8895069498,6.292152388898179e-05,0.0
0.6427105300145513,4.505314447049985e-05,2.904098308607842e-05,0.19093648017011816,2.016156604013013,10.080783020065065,0.6286144205413807,0.01048738088161707,628614.4205413808,6.311289302020863e-05,1.0
0.6430986724196702,4.440376223613819e-05,2.895317998138906e-05,0.19132539341820554,2.0227215507782477,10.113607753891237,0.6276649029152134,0.010315689751624434,627664.9029152134,6.31464467092345e-05,1.0
0.6495578527421749,4.405424377046779e-05,2.9048247151210407e-05,0.19157573388975419,2.022921733518266,10.114608667591328,0.6276359721344711,0.010787439913979473,627635.972134471,6.273917226702879e-05,1.0
0.6448885217224797,4.49037483284186e-05,2.9406126902070574e-05,0.1930579532558399,2.041151630579411,10.205758152897054,0.6250069359975308,0.011122842509210557,625006.9359975308,6.363770596927925e-05,1.0
0.642589402454888,4.5146966853309875e-05,2.9321543628632984e-05,0.19472147003070733,2.059911860695938,10.29955930347969,0.6223129147725549,0.011755854833969565,622312.9147725549,6.42295806137818e-05,1.0
0.6481754313458464,4.562768613647429e-05,2.9017816317223463e-05,0.19442670567185,2.0583542274624063,10.29177113731203,0.6225361524992502,0.011389563842950225,622536.1524992503,6.390117036291846e-05,1.0
0.0,4.514505195418169e-05,2.913491548843231e-05,0.19439617202505552,2.0570114253078415,10.285057126539208,0.6227286652223674,0.011521009272478417,622728.6652223674,6.394016110432595e-05,0.0
0.0,4.468238297746279e-05,2.905423017859332e-05,0.19358505214979935,2.050050729980564,10.25025364990282,0.6237275496723077,0.01089765397190638,623727.5496723077,6.410365052470971e-05,0.0
0.0,4.5012642176274886e-05,2.9026326524774883e-05,0.1934662830783169,2.046203682506101,10.231018412530506,0.6242803019337051,0.01121286809033887,624280.3019337051,6.428826438998055e-05,0.0
0.0,4.5141526498217115e-05,2.8958267878533462e-05,0.19231167205209024,2.0304163590979782,10.15208179548989,0.626553793939538,0.011177138043718497,626553.7939395381,6.359262627428098e-05,0.0
0.0,4.5513065377684836e-05,2.9651653860966088e-05,0.19124918543873468,2.0149041681541777,10.074520840770889,0.6287957290331182,0.011294099910587533,628795.7290331182,6.224802550998549e-05,0.0
0.0,4.5508968574666914e-05,2.898640950544738e-05,0.18992843411949115,1.9973794961020355,9.986897480510176,0.6313381748114733,0.011195043050455546,631338.1748114732,6.193101610802821e-05,0.0
0.6613022605375559,4.573786106640089e-05,2.889018114439864e-05,0.1906447090118263,2.008275276249189,10.041376381245945,0.6297562297554996,0.011045647779152255,629756.2297554996,6.193741914804604e-05,1.0
0.0,4.590216338752543e-05,2.891127081381615e-05,0.18927104494228056,1.9924957484950796,9.962478742475398,0.6320485293520007,0.010590619236561852,632048.5293520007,6.173501846115112e-05,0.0
0.6534595370405489,4.6373003814317383e-05,2.8698702649854992e-05,0.19088937220482055,2.0121454565122394,10.060727282561198,0.6291952775495316,0.010974021959172733,629195.2775495317,6.251288978310551e-05,1.0
0.6492432233816123,4.684904787900327e-05,2.8994676346496377e-05,0.19070490984541888,2.0045987684700006,10.022993842350003,0.6302895738475223,0.011699393538359998,630289.5738475223,6.265412744799258e-05,1.0
0.6395917586314421,4.610213092422732e-05,2.925876012318234e-05,0.19180028687015094,2.021880292168426,10.109401460842129,0.6277864977478359,0.011387071488137755,627786.4977478359,6.359880452152191e-05,1.0
0.0,4.5056454028072344e-05,2.925925853517213e-05,0.19162918467158832,2.0177921428964027,10.088960714482013,0.6283777309676839,0.011636100310860547,628377.730967684,6.38464719207983e-05,0.0
0.6237231284475756,4.565619764633665e-05,2.919287123786558e-05,0.19055993417964356,2.00177443232927,10.00887216164635,0.6306996017576864,0.011819470116973457,630699.6017576864,6.394286043828743e-05,1.0
0.6194099410419174,4.633693624004089e-05,2.9175426762838777e-05,0.19147199543336,2.0145767326633393,10.072883663316697,0.6288431387535884,0.011787129620308418,628843.1387535884,6.463866605700863e-05,1.0
0.0,4.5899886005483406e-05,2.9160482231487657e-05,0.19206472570295544,2.028303854286405,10.141519271432024,0.626858637755309,0.010988089161219891,626858.637755309,6.537622441498343e-05,0.0
0.0,4.505197058210092e-05,2.9153760678420176e-05,0.19103392635900263,2.0186772671980067,10.093386335990033,0.6282496759844349,0.010317528702440197,628249.6759844349,6.506992673482767e-05,0.0
0.6192985007628754,4.5200448580962504e-05,2.911428573439673e-05,0.19056848985005923,2.014987199188072,10.07493599594036,0.6287837074526972,0.009920687152815608,628783.7074526972,6.453881720411204e-05,1.0
0.6108510029890099,4.576185872251852e-05,2.9207734814086514e-05,0.1893563842185566,2.0056294958387006,10.028147479193503,0.6301400026108601,0.00885277104797333,630140.0026108602,6.500627295223427e-05,1.0
0.614381917498935,4.674541880928531e-05,2.9449543737253145e-05,0.18962424239818396,2.0043116389773497,10.021558194886747,0.6303312461955988,0.009579730991966672,630331.2461955987,6.493490170013997e-05,1.0
0.6089738369927249,4.706865921915033e-05,2.9091474818228507e-05,0.18979235594296068,2.005303697672211,10.026518488361056,0.6301872761007958,0.009771987986717195,630187.2761007958,6.527177337218966e-05,1.0
0.6109989378837384,4.6941427686474476e-05,2.8794446152093994e-05,0.18952440141241858,2.001683793127613,10.008418965638063,0.6307127648779461,0.00976156770278329,630712.7648779461,6.495340969065973e-05,1.0
0.6053063587852155,4.6556033821952556e-05,2.8294001820207058e-05,0.18765324101706166,1.983461203311152,9.91730601655576,0.6333647364049704,0.00867121843909371,633364.7364049704,6.472879538076252e-05,1.0
0.619653020289458,4.663063879134883e-05,2.8588041003910196e-05,0.18681085859074234,1.977983186094029,9.889915930470144,0.6341641414613169,0.007785858642801636,634164.141461317,6.379551064686278e-05,1.0
0.6225389463730034,4.654839366357922e-05,2.8691377171789132e-05,0.1873777395052225,1.9854587100076888,9.927293550038444,0.6330734917654072,0.007828970775852125,633073.4917654071,6.381234710751376e-05,1.0
0.6225232274192316,4.610989183744323e-05,2.886912988313318e-05,0.1877609850574463,1.9836605403815761,9.91830270190788,0.6333356662281845,0.00885763634307707,633335.6662281845,6.369435195469682e-05,1.0
0.0,4.7212071826126015e-05,2.8462897813961478e-05,0.187382747826667,1.9807129232983276,9.903564616491638,0.633765665864945,0.008531161518278988,633765.665864945,6.371738738920401e-05,0.0
0.6222288408802936,4.816041459063956e-05,2.902912429454629e-05,0.1869617213677182,1.9717908993820534,9.858954496910266,0.6350689945596832,0.008992437295119627,635068.9945596833,6.377195290814257e-05,1.0
0.6292767548938183,4.8765230640604486e-05,2.8865886536211757e-05,0.18644677427174886,1.9662545677024363,9.83127283851218,0.635879088801882,0.008772637345379754,635879.088801882,6.325575813119122e-05,1.0
0.6259481388324467,4.832950082888783e-05,2.89390305476209e-05,0.18755189816454543,1.9810189574142072,9.905094787071036,0.6337210078990257,0.008824804228116592,633721.0078990257,6.378087045188896e-05,1.0
0.0,4.8790420474458717e-05,2.9216565334871994e-05,0.1870624180410384,1.970000805697902,9.85000402848951,0.635330813985924,0.009455650068000726,635330.813985924,6.382830882164167e-05,0.0
0.0,4.9134425269718496e-05,2.893614010143573e-05,0.1875519936666724,1.9778090205507963,9.88904510275398,0.6341895739182126,0.009293561251557439,634189.5739182127,6.467572189420641e-05,0.0
0.610438737492944,4.9373009576426156e-05,2.8793519991853216e-05,0.1874532865344203,1.9787233923488157,9.893616961744078,0.6340560645036596,0.008962637572500223,634056.0645036596,6.484595965669944e-05,1.0
0.0,5.001038201841952e-05,2.8871401124396413e-05,0.18802787945140073,1.9815970311330533,9.907985155665266,0.6336366611953111,0.009692420098112602,633636.6611953111,6.471239133490143e-05,0.0
0.6256921241972007,5.032785994948177e-05,2.9751215024547897e-05,0.18753453338221984,1.974641527700246,9.87320763850123,0.6346522838422675,0.009721350606707146,634652.2838422675,6.409352504081726e-05,1.0
0.618965059823764,5.06913098686443e-05,2.9846528146912548e-05,0.1875900689338051,1.9716309234857619,9.85815461742881,0.6350923882722559,0.010272526139866085,635092.3882722559,6.451247088784851e-05,1.0
0.0,5.099593681295752e-05,3.033150592916351e-05,0.18745333243320633,1.972141103214327,9.860705516071635,0.6350177863039638,0.009924451170376419,635017.7863039637,6.468199400572643e-05,0.0
0.0,5.114641378069942e-05,3.068657775413783e-05,0.18746565418404287,1.9674916115039485,9.837458057519742,0.6356979908833637,0.010629299251449379,635697.9908833636,6.449159469498553e-05,0.0
0.6280604972445932,5.023167994022834e-05,3.078324921000343e-05,0.1878177863878992,1.971456100314235,9.857280501571175,0.6351179541278893,0.010753526903687697,635117.9541278892,6.403867533882842e-05,1.0
0.6320841003935455,5.0268856880129054e-05,3.047082549431416e-05,0.1882949506346867,1.976601368469181,9.883006842345905,0.6343659489093478,0.010955850178721272,634365.9489093479,6.38329064008132e-05,1.0
0.630268693741325,4.998538376310191e-05,3.0779335067673346e-05,0.189935158603439,1.9987964073359965,9.993982036679983,0.6311322306239834,0.011002547830861433,631132.2306239834,6.452882101533409e-05,1.0
0.6264452145400616,4.934575560901986e-05,3.0314315263825464e-05,0.19000258546832,2.0016023794829003,10.008011897414502,0.630724588446606,0.010729759383245954,630724.588446606,6.465394200960578e-05,1.0
0.6402067568240538,5.0199748806489876e-05,3.078829149565208e-05,0.18860089608976527,1.982447905338054,9.91223952669027,0.633512530610803,0.010714322790333549,633512.530610803,6.353890303784402e-05,1.0
0.0,5.106025150080293e-05,3.0832527258204517e-05,0.18935576211160146,1.99442913803968,9.9721456901984,0.6317672169923293,0.010478741215532194,631767.2169923293,6.398866351424735e-05,0.0
0.0,5.1718656770934684e-05,3.0020809648850972e-05,0.18945064894208197,1.9925018488625246,9.962509244312622,0.63204764153838,0.010948939422543944,632047.64153838,6.342739164908739e-05,0.0
0.6405375190852948,5.1811890343943926e-05,2.99182416273644e-05,0.1908618923415516,2.012771065514643,10.063855327573213,0.6291046473674555,0.010828432050558733,629104.6473674555,6.430802787742053e-05,1.0
0.0,5.2450965097541374e-05,3.0116061141093996e-05,0.1915246076528382,2.027224888729403,10.136124443647015,0.6270143944899742,0.010063609795650609,627014.3944899742,6.469216520746993e-05,0.0
0.6460799762643032,5.240797238589146e-05,3.0042632756360185e-05,0.19069980819757165,2.021627717117699,10.108138585588495,0.6278230093370997,0.009222625732242955,627823.0093370996,6.437297862276785e-05,1.0
0.6434172336508861,5.246121157662252e-05,3.0256281844531054e-05,0.1907660510390519,2.028414190614057,10.142070953070284,0.6268427120633341,0.008374814141437883,626842.7120633341,6.480304104801348e-05,1.0
0.0,5.1865251659859075e-05,2.9996148957326744e-05,0.19046678649519447,2.021906355324297,10.109531776621484,0.6277827302469972,0.008716303237386097,627782.7302469972,6.470454122664997e-05,0.0
0.0,5.2026442278911316e-05,2.9604431266343925e-05,0.1901620246598814,2.0214951364819576,10.107475682409788,0.6278421756971888,0.008166225016951653,627842.1756971888,6.504860139127215e-05,0.0
0.6337394049654691,5.20161063975453e-05,2.9590909020102765e-05,0.19071259802773763,2.027825081895858,10.13912540947929,0.6269277473490567,0.008352943404531903,626927.7473490566,6.518076825105207e-05,1.0
0.63229658283884,5.1324458211177163e-05,2.9608560539887684e-05,0.19152545515166527,2.038398582318406,10.19199291159203,0.6254032614918564,0.008454171795186972,625403.2614918564,6.543704874746438e-05,1.0
0.0,5.127237049104532e-05,2.9511874023771234e-05,0.1921134537409639,2.0465826689609004,10.232913344804501,0.6242258265799006,0.008452734061828344,624225.8265799006,6.550653409995727e-05,0.0
0.6345181315871143,5.120705829929601e-05,2.988982388728847e-05,0.1922254651560758,2.0464009119008106,10.232004559504052,0.6242519516701314,0.008702881982282962,624251.9516701314,6.553404096876648e-05,1.0
0.0,5.2081697716632406e-05,2.9636965197000983e-05,0.1939914240651764,2.0703071326636064,10.351535663318032,0.6208251279808298,0.008807976111182567,620825.1279808298,6.659360138834824e-05,0.0
0.6337494972448577,5.248717042655646e-05,2.973817557526067e-05,0.19296429834136097,2.0652507859450635,10.326253929725317,0.6215483550348465,0.00747695171756844,621548.3550348465,6.625964500793118e-05,1.0
0.0,5.244314973757106e-05,2.9763803055104544e-05,0.1916626596248603,2.0478737639091693,10.239368819545845,0.6240402808130723,0.007365600062792826,624040.2808130722,6.596703849464692e-05,0.0
0.6348358287527427,5.251868039772018e-05,2.9301512208361628e-05,0.1907082051816455,2.0327692956788925,10.163846478394461,0.6262144292652777,0.007630839628568685,626214.4292652777,6.526988982604926e-05,1.0
0.6434306601952714,5.249041297881788e-05,2.8919772909093842e-05,0.19215576694613665,2.046853987066538,10.234269935332689,0.6241868303491015,0.00849836424137481,624186.8303491015,6.495297432675533e-05,1.0
0.0,5.2339147726843746e-05,2.8944950755786555e-05,0.19246994866692416,2.0451503781267393,10.225751890633695,0.6244317284309903,0.009371625764838564,624431.7284309902,6.493698923236955e-05,0.0
0.0,5.175115117361273e-05,2.9560411740276912e-05,0.19218487033713544,2.0458379455447453,10.229189727723726,0.6243328773184783,0.008702617992749163,624332.8773184783,6.502913544927651e-05,0.0
0.644108261363484,5.164060221133701e-05,2.9742984449041018e-05,0.19165422350797717,2.0394959478346073,10.197479739173035,0.6252452559672834,0.008553702983237793,625245.2559672834,6.479990638947716e-05,1.0
0.6499372691490926,5.123474103878402e-05,2.9230434312516807e-05,0.19089418840652977,2.034179004084923,10.170895020424615,0.6260111947036595,0.007799571516719038,626011.1947036595,6.418193715063115e-05,1.0
0.6432250083736412,5.058488844854676e-05,2.831267920673067e-05,0.19067901189770636,2.0256244653937316,10.128122326968658,0.627245498828527,0.008603522623939699,627245.4988285269,6.403281476477369e-05,1.0
0.6434819851691391,5.082880158684959e-05,2.856634170049737e-05,0.19124927341421727,2.029823484219158,10.14911742109579,0.6266393334471007,0.00913788027553518,626639.3334471007,6.418984026305257e-05,1.0
0.6487451365640181,5.100785788507922e-05,2.8566150821608963e-05,0.19123223480816706,2.028253215359404,10.141266076797018,0.626865946997122,0.009330416613456065,626865.9469971219,6.385506428907946e-05,1.0
0.0,5.0094346971693597e-05,2.8937207596029896e-05,0.19155350035280752,2.0320382048302497,10.160191024151247,0.626319855006202,0.00942685571181705,626319.855006202,6.352066687630682e-05,0.0
0.6553979966157786,5.003111771351216e-05,2.8694248067895866e-05,0.19210288392918706,2.0347918245868195,10.173959122934097,0.6259228662893813,0.010128634147755446,625922.8662893813,6.349939675679827e-05,1.0
0.0,5.0528346052191874e-05,2.8825426855895505e-05,0.19204718487913405,2.0298372007587537,10.14918600379377,0.6266373543039123,0.010731724062180406,626637.3543039124,6.35588179122874e-05,0.0
0.0,5.10473910005962e-05,2.9102770357685954e-05,0.19123201905550039,2.0146531504905507,10.073265752452754,0.6288320738182641,0.011296111929264859,628832.0738182641,6.328795531725355e-05,0.0
0.0,5.1539361602026895e-05,2.898647585907029e-05,0.19019082860618916,1.9989020915207463,9.994510457603731,0.6311168724081924,0.01149852962057069,631116.8724081924,6.261149521255842e-05,0.0
0.6578588672649893,5.1528030973437084e-05,2.8878920670819564e-05,0.19228164077917492,2.029190565607282,10.14595282803641,0.6267306633200523,0.011293944878402195,626730.6633200523,6.339700573173762e-05,1.0
0.6523015406133926,5.1074947689983765e-05,2.890892110673269e-05,0.19348326142511066,2.0433884887393696,10.216942443696848,0.6246851055466216,0.011651628396842929,624685.1055466216,6.400474689985137e-05,1.0
0.6578627103142978,5.051159932250506e-05,2.9093545588566137e-05,0.1945708994685298,2.055922544633494,10.279612723167471,0.622884817844474,0.012026616781533628,622884.817844474,6.394789789079709e-05,1.0
0.0,5.067366978843014e-05,2.910737447544124e-05,0.1939384805083382,2.0480580256709557,10.240290128354777,0.6240138046944306,0.011890765711106976,624013.8046944306,6.375923484164739e-05,0.0
0.0,5.0849836409844116e-05,2.9417425887260262e-05,0.19376953449501721,2.0471919624951673,10.235959812475837,0.6241382569474333,0.011677325937467717,624138.2569474333,6.412831987230648e-05,0.0
0.0,5.1476505237449764e-05,2.929049681273495e-05,0.19338169157805085,2.0380944953214324,10.190472476607162,0.6254470528973958,0.012210436053497467,625447.0528973958,6.34994331301764e-05,0.0
0.6538920751971815,5.199696495787181e-05,2.8906168314841317e-05,0.19277436091134145,2.0242117844633447,10.121058922316724,0.6274495635641294,0.01299828538681232,627449.5635641294,6.348808183109623e-05,1.0
0.0,5.189091133044879e-05,2.9521137558978444e-05,0.19209639411022716,2.017839813570321,10.089199067851604,0.6283708335681644,0.01256362178861869,628370.8335681644,6.379688305007711e-05,0.0
0.0,5.123099016440938e-05,2.934932468683614e-05,0.19293712944629318,2.0307448669332104,10.153724334666052,0.6265064021225359,0.012380661015122328,626506.402122536,6.40258299723817e-05,0.0
0.0,5.104681706261574e-05,2.9191805567984093e-05,0.19356262311589428,2.038537423263786,10.192687116318929,0.6253832681012587,0.01250851433304723,625383.2681012587,6.409259712896017e-05,0.0
0.0,5.1134496318768685e-05,2.9188228460302755e-05,0.19290435059445427,2.02806619478229,10.14033097391145,0.6268929423563521,0.01270164354526059,626892.9423563521,6.411816151168133e-05,0.0
0.6457640658274849,5.1010764769698606e-05,2.9224618223992893e-05,0.19247890092045783,2.0243567103850695,10.121783551925347,0.6274286256538191,0.01238642749473473,627428.6256538191,6.394125515639948e-05,1.0
0.6565235062946331,5.0701602420265806e-05,2.912412076676655e-05,0.19343145275667176,2.031360807896734,10.156804039483669,0.6264175537466685,0.013280459260012058,626417.5537466685,6.338377283604711e-05,1.0
0.657430948810835,5.081401277934544e-05,2.9136408182346515e-05,0.19304682542281698,2.025023877786926,10.125119388934628,0.6273322468619504,0.013425897707584403,627332.2468619505,6.318371615212246e-05,1.0
0.6544269372882792,5.0545753653053225e-05,2.914175134927113e-05,0.19316674553768684,2.0253192626795147,10.126596313397572,0.6272895803822943,0.013623071457667993,627289.5803822944,6.332105958074656e-05,1.0
0.0,5.0220805538129477e-05,2.921136212039195e-05,0.1938237742251122,2.028831351896572,10.144156759482861,0.6267825036190461,0.01443005206927051,626782.5036190461,6.361712540697256e-05,0.0
0.6526222857134366,5.037211584451861e-05,2.8519888640287917e-05,0.19390760546867308,2.032164030377082,10.16082015188541,0.6263017092779166,0.014116920215262804,626301.7092779166,6.341832678736858e-05,1.0
0.6560852251675425,5.016367723756363e-05,2.9113753759584514e-05,0.19398116743534327,2.0340622040464433,10.170311020232216,0.6260280310020498,0.013990365872736409,626028.0310020498,6.337255627270199e-05,1.0
0.0,5.028245588730153e-05,2.9087292190332457e-05,0.19310725393846567,2.026843988227689,10.134219941138445,0.6270693895638395,0.013283897440770865,627069.3895638395,6.347475303304801e-05,0.0
0.653609185662516,5.0413408780981565e-05,2.9279733132359903e-05,0.19259449303568718,2.020797362587947,10.103986812939736,0.6279430581844543,0.01313204425582866,627943.0581844543,6.328951473908334e-05,1.0
0.659814899965482,4.9835426104816145e-05,2.8880708067252496e-05,0.19134015151400355,2.009044916820982,10.04522458410491,0.6296446365807373,0.012324939608744404,629644.6365807373,6.252169058323324e-05,1.0
0.0,4.959809702078712e-05,2.876179382753267e-05,0.19035684560860733,1.9932506525495395,9.966253262747697,0.6319386742764515,0.012652365493666102,631938.6742764515,6.249221402607912e-05,0.0
0.6543367204919591,5.0325023550329604e-05,2.8584863191085893e-05,0.19036164845816123,1.9922381520816466,9.961190760408233,0.6320860196425053,0.012809316558827775,632086.0196425053,6.23894492534218e-05,1.0
0.649406687432004,4.973748332295587e-05,2.905408305661674e-05,0.19086901064246095,2.0005559851858856,10.002779925929428,0.6308765742892101,0.01261459557413195,630876.57428921,6.291309080515459e-05,1.0
0.0,4.868440643201149e-05,2.889725731343364e-05,0.18981282218032317,1.9867420415406283,9.933710207703141,0.6328864474480941,0.012512091808740387,632886.447448094,6.213112138175304e-05,0.0
0.6533579939373909,4.7779795726750006e-05,2.9146736163246995e-05,0.19019621166000977,1.9897369331510584,9.948684665755291,0.6324501598601405,0.012842583180160074,632450.1598601405,6.216044624087231e-05,1.0
0.6507890196573741,4.783875478550334e-05,2.8968675304180096e-05,0.19046955706242605,1.9977885066218712,9.988942533109356,0.6312787193482599,0.012217833473111924,631278.7193482599,6.25063159265039e-05,1.0
0.6511264675424893,4.789743832880963e-05,2.885351611620031e-05,0.18916390877534553,1.9794653988012205,9.897326994006102,0.6339477431866849,0.012275560737375946,633947.7431866849,6.201086270731819e-05,1.0
0.0,4.7880684134520874e-05,2.8802780744316098e-05,0.1891484749536707,1.9771702798238338,9.885851399119169,0.6342828545185164,0.0125798044258578,634282.8545185165,6.158809831744148e-05,0.0
0.0,4.8530165366294705e-05,2.9211878667478565e-05,0.18991018455292114,1.994088976231941,9.970444881159704,0.6318167021927947,0.011637071298637024,631816.7021927948,6.129184790915418e-05,0.0
0.0,4.722314484241734e-05,2.8660685296419956e-05,0.19047486684590287,1.9997266068848756,9.998633034424378,0.6309970651837096,0.011946798875515294,630997.0651837096,6.190097574426144e-05,0.0
0.6587445250871204,4.747664888278441e-05,2.829277252390923e-05,0.18867553538624257,1.9810275032565554,9.905137516282776,0.633719760893889,0.011070831666374204,633719.760893889,6.150975340268105e-05,1.0
0.6523216017210802,4.830783500603051e-05,2.77427255237241e-05,0.18914302837090544,1.9879903478155403,9.939951739077701,0.63270456104931,0.010990617791120953,632704.56104931,6.203418351606767e-05,1.0
0.6455401740868103,4.777778792346404e-05,2.7461620377321183e-05,0.1883146588077082,1.9807531729169463,9.90376586458473,0.6337597922678345,0.01038910988325092,633759.7922678345,6.212516637699736e-05,1.0
0.6409181358887535,4.763232890909981e-05,2.7268907954417126e-05,0.1892006260284903,1.988051178759535,9.940255893797675,0.6326956989182503,0.01109695097523091,632695.6989182503,6.247454382981649e-05,1.0
0.6408114348069988,4.73032363723035e-05,2.6839185419101668e-05,0.1884147434809779,1.9813893375183367,9.906946687591683,0.6336669644666943,0.010496451428650118,633666.9644666944,6.219613130502584e-05,1.0
0.6374569755566165,4.690999862181867e-05,2.6682157386735233e-05,0.1879856965020488,1.9812312263238505,9.906156131619252,0.6336900344499968,0.009661427454094424,633690.0344499968,6.232588064551408e-05,1.0
0.6276353884728417,4.6808667646870775e-05,2.6144099894720502e-05,0.18765742507698524,1.976231174111744,9.88115587055872,0.6344200248218402,0.009734874975810694,634420.0248218402,6.261473842437428e-05,1.0
0.6286731329323333,4.7586236935775614e-05,2.591582127969579e-05,0.187593676477116,1.976738127856894,9.88369063928447,0.6343459730320521,0.009533325986284069,634345.973032052,6.262813636505355e-05,1.0
0.0,4.8553205534803865e-05,2.6357630974074935e-05,0.1868416461169667,1.9715305635606464,9.857652817803231,0.635107064618293,0.00879035685222642,635107.0646182931,6.304426390759448e-05,0.0
0.0,4.841417181158772e-05,2.6551554775677766e-05,0.18686335651655442,1.9698645698738888,9.849322849369443,0.6353507442816505,0.009077457314759316,635350.7442816505,6.251766750311392e-05,0.0
0.6451208318236623,4.93984184823882e-05,2.6676763981815968e-05,0.18555782010839036,1.9587112283933044,9.793556141966521,0.6369845184204586,0.00810015863723929,636984.5184204585,6.173134031759524e-05,1.0
0.6396042255204403,4.942823835123275e-05,2.6442395135295914e-05,0.18573786758564398,1.9644435997795782,9.82221799889789,0.636144299806915,0.007620034978202942,636144.299806915,6.215580097445265e-05,1.0
0.0,5.0316519097558636e-05,2.605272174487658e-05,0.18579827047812325,1.966907579870426,9.83453789935213,0.635783484187182,0.0073800251434284906,635783.484187182,6.195088337616832e-05,0.0
0.6327385514940045,5.0263539390780714e-05,2.5789920487318763e-05,0.18488818582445915,1.951404106531976,9.75702053265988,0.6380571641877192,0.007833535836637491,638057.1641877192,6.216073374124756e-05,1.0
0.6263603824766836,5.032379751598817e-05,2.5861159129503582e-05,0.18603349665095859,1.9623051910033558,9.811525955016778,0.6364576060014941,0.008524599303411318,636457.6060014941,6.280695064284296e-05,1.0
0.0,5.050005880198982e-05,2.620438898083151e-05,0.18625000448209997,1.9612962075867437,9.806481037933718,0.636605489476807,0.009105498441006877,636605.489476807,6.32230110920999e-05,0.0
0.0,5.2079484465633796e-05,2.6551011426355478e-05,0.18639587505184443,1.9636879073973679,9.818439536986839,0.6362550014732667,0.009046751576955623,636255.0014732667,6.350432236098225e-05,0.0
0.630181265315198,5.2463537563743515e-05,2.680917490657337e-05,0.18641124150910546,1.9720597659697123,9.860298829848562,0.635029679404808,0.007852162423018932,635029.6794048081,6.338890124466882e-05,1.0
0.0,5.206063454749291e-05,2.665172434922152e-05,0.18681114299131366,1.975900993073918,9.87950496536959,0.6344682597025405,0.008090545685167832,634468.2597025405,6.294538130032488e-05,0.0
0.6311499966263755,5.250392079168098e-05,2.6726054811958284e-05,0.18808298321893374,1.9880350047970485,9.940175023985242,0.6326980552032093,0.008864021641076782,632698.0552032093,6.36663628646903e-05,1.0
0.6381782348835582,5.227292610730519e-05,2.6695130956707946e-05,0.18820651835289787,1.9853413494790535,9.926706747395267,0.6330905997063663,0.00950363641216203,633090.5997063663,6.310984126504152e-05,1.0
0.6299758257737154,5.1982592493708485e-05,2.670087140852536e-05,0.1891016061703555,1.9959788163517427,9.979894081758713,0.6315418258480796,0.009745038188790649,631541.8258480796,6.382171749261572e-05,1.0
0.6315564789348538,5.239724132378037e-05,2.7377992349442798e-05,0.18890199044693284,1.9972884862027813,9.986442431013906,0.6313514051489799,0.00915538604284561,631351.4051489799,6.401689872528404e-05,1.0
0.6306874602071202,5.236483929119034e-05,2.6901832431352858e-05,0.18915181507244486,2.0024190507237924,10.012095253618963,0.6306059946752848,0.00890962482017449,630605.9946752848,6.4080593310759e-05,1.0
0.6286182773310629,5.245683046262244e-05,2.689339273794912e-05,0.1899355666313193,2.0064069614372957,10.032034807186479,0.6300272062605052,0.009898339523143838,630027.2062605052,6.427250304304389e-05,1.0
0.6292974224559842,5.2414686464302635e-05,2.7319049555348984e-05,0.1904718067072767,2.0186861254616453,10.093430627308226,0.6282483945507955,0.009192007965348895,628248.3945507956,6.467682284414513e-05,1.0
0.6300115213593059,5.25346842983193e-05,2.693290111573194e-05,0.19068730152623242,2.0255265266880054,10.127632633440026,0.6272596441395019,0.008634247191966725,627259.6441395018,6.474291636407593e-05,1.0
0.0,5.2696473561070984e-05,2.6801118865837427e-05,0.1905796483092791,2.020586541351147,10.102932706755734,0.6279735414051518,0.009132838023710033,627973.5414051518,6.500502783719273e-05,0.0
0.614970364427763,5.167406062349686e-05,2.6706384939250385e-05,0.18998675084182745,2.0137621400841255,10.068810700420627,0.6289610999571782,0.00893460164083307,628961.0999571782,6.52020307776288e-05,1.0
0.616185235776908,5.1973865745331685e-05,2.670527032384918e-05,0.189646002347869,2.0129893558064946,10.064946779032473,0.6290730273511761,0.008365032046914097,629073.0273511761,6.517224941572378e-05,1.0
0.61633923134495,5.1443378720509904e-05,2.6292377769490333e-05,0.1894745130139805,2.005128554279572,10.02564277139786,0.6302126909673763,0.009161716995337323,630212.6909673763,6.473878075112941e-05,1.0
0.6103285093404767,5.069336157832e-05,2.6545116032201938e-05,0.18882634630541267,1.9945040611807174,9.972520305903586,0.6317563180336778,0.009409010644503146,631756.3180336779,6.481274329909652e-05,1.0
0.6220203236698144,5.065028872482426e-05,2.6814099896311842e-05,0.18719323162171791,1.9733334552641226,9.866667276320612,0.6348434666059887,0.009229929849424494,634843.4666059887,6.361770720174844e-05,1.0
0.6220132151620205,5.0679273451985e-05,2.703033049589099e-05,0.18581924254666085,1.9583741585805532,9.791870792902765,0.6370339587411645,0.008672443834486246,637033.9587411645,6.333120515035968e-05,1.0
0.6168079770947624,5.031893490065916e-05,2.6828611783685846e-05,0.18785794167958964,1.9790607390200574,9.895303695100287,0.6340068148805472,0.00972269823972649,634006.8148805472,6.402280517009305e-05,1.0
0.622894699225495,5.072807213147997e-05,2.6917992785248318e-05,0.18740565494772035,1.9729145217433584,9.864572608716792,0.6349047084701179,0.009716018365558656,634904.7084701179,6.356971845385034e-05,1.0
0.6159984163109883,5.004242310566492e-05,2.6709800857672626e-05,0.18918555874643608,1.992490834306703,9.962454171533514,0.63204924453661,0.01042036202948223,632049.2445366101,6.430632480595992e-05,1.0
0.6159915625198454,4.983810276916534e-05,2.667582584228772e-05,0.18970891045713922,1.9966725636321248,9.983362818160623,0.6314409506469189,0.010858771561197305,631440.9506469188,6.435307120173464e-05,1.0
0.0,4.954890364631554e-05,2.738834970359323e-05,0.18953876095941577,1.9962415321431213,9.981207660715606,0.6315036234303102,0.010581145349141742,631503.6234303102,6.412986023570618e-05,0.0
0.6185289171197671,4.953463193821956e-05,2.7469291322800245e-05,0.18831730314304806,1.9813106503320466,9.906553251660233,0.6336784455985679,0.010313051884664016,633678.445598568,6.400107875368585e-05,1.0
0.0,4.968337144177879e-05,2.7163647523548087e-05,0.18870642565597354,1.981731126281166,9.90865563140583,0.6336170969839906,0.011029948295937696,633617.0969839906,6.363651907389682e-05,0.0
0.6183708738488782,4.918575753813144e-05,2.72744751752763e-05,0.19046559708612332,2.001018341425225,10.005091707126125,0.6308094138240823,0.011740607996328931,630809.4138240822,6.43375926351301e-05,1.0
0.6289275825505342,4.9564183726096926e-05,2.6923446893951782e-05,0.19110668969807124,2.016574342036888,10.08287171018444,0.6285539584521995,0.010767337848341985,628553.9584521995,6.408554610428592e-05,1.0
0.6266923522627084,4.960440123574234e-05,2.662527483831824e-05,0.1914108776007235,2.018985241723126,10.09492620861563,0.6282051260204192,0.011026881221866241,628205.1260204192,6.419810617939396e-05,1.0
0.0,4.866634008437154e-05,2.638043240076724e-05,0.1905108974952066,2.0071188532296134,10.035594266148067,0.6299239412046539,0.010945736195067106,629923.9412046539,6.388013015119386e-05,0.0
0.0,4.771371756248559e-05,2.631953091709319e-05,0.18953783341092634,1.9974048227125296,9.987024113562647,0.6313344930678438,0.010410159889696511,631334.4930678438,6.344132748179796e-05,0.0
0.625084212754115,4.775328356477122e-05,2.6674230997428087e-05,0.188982632672676,1.9889308078243542,9.94465403912177,0.6325675643939092,0.01053282973926118,632567.5643939092,6.331624043168059e-05,1.0
0.6273700909980289,4.768773423458262e-05,2.6914265836884576e-05,0.18958545399646382,2.001933740941494,10.00966870470747,0.6306764667560552,0.00984737474898276,630676.4667560551,6.358558331607732e-05,1.0
0.6236644183345648,4.768226949310365e-05,2.7132879118621084e-05,0.19065012682180082,2.018212270483752,10.091061352418759,0.6283169459330784,0.009617199576680054,628316.9459330784,6.427821044697462e-05,1.0
0.6207183668832653,4.771463287497647e-05,2.68605441665715e-05,0.19056967085173832,2.019806953423753,10.099034767118763,0.6280862770152849,0.00922561871876147,628086.2770152849,6.444966474341806e-05,1.0
0.6192641677029023,4.787312013723203e-05,2.6760938976609375e-05,0.19020456298753247,2.0163800100000464,10.08190005000023,0.6285820847372433,0.008991210712308241,628582.0847372434,6.446070960953123e-05,1.0
0.0,4.838948253941154e-05,2.6907320529142143e-05,0.19129193464538005,2.031539514766655,10.157697573833275,0.626391777960471,0.008975647251231081,626391.777960471,6.48862314025739e-05,0.0
0.0,4.786614043816453e-05,2.6780678122942776e-05,0.19029618655392005,2.0211229890626723,10.105614945313361,0.6278959778674136,0.008488350975253717,627895.9778674135,6.444221345234207e-05,0.0
0.6220815012540386,4.732283183295084e-05,2.676155462839359e-05,0.19071152111397363,2.0212187625574223,10.106093812787112,0.627882131242238,0.009305173470185292,627882.131242238,6.431578395020262e-05,1.0
0.6208581932984901,4.6829713267348134e-05,2.6958731143584703e-05,0.19114563300694348,2.025424047301735,10.127120236508675,0.6272744456035917,0.009565711617478649,627274.4456035917,6.445967452315135e-05,1.0
0.6220088260079695,4.7037577335585525e-05,2.6914924716352617e-05,0.1909381065914928,2.0162875602839363,10.081437801419682,0.6285954657163345,0.010471678899320103,628595.4657163345,6.41427730347621e-05,1.0
0.6193679836527493,4.771929947819704e-05,2.7044444098756173e-05,0.1904092133712848,2.0096026668643447,10.048013334321723,0.6295637785942251,0.010382205336794691,629563.7785942251,6.427437486784892e-05,1.0
0.6215648501091606,4.754924376951334e-05,2.758137375358692e-05,0.18973649941141849,2.002273237735182,10.01136618867591,0.6306271674260733,0.010100166248910244,630627.1674260732,6.407848803255816e-05,1.0
0.0,4.6347408972043245e-05,2.7578188638819083e-05,0.19119873080040384,2.0163950415403593,10.081975207701795,0.6285799091303709,0.010977370731178554,628579.9091303708,6.450388996825156e-05,0.0
0.6241601301722073,4.556846436129719e-05,2.7980426208958463e-05,0.1924031553136924,2.035210813480123,10.176054067400614,0.6258624828192332,0.01066879344661799,625862.4828192332,6.451159880798214e-05,1.0
0.6200445987619218,4.524057671267324e-05,2.81886287049715e-05,0.19238386423092366,2.035654522512886,10.17827261256443,0.6257985431048437,0.010566271566691068,625798.5431048437,6.477303404599975e-05,1.0
0.0,4.505690073467217e-05,2.778468353282604e-05,0.1923134958042254,2.0322592461922,10.161296230961002,0.6262879782321551,0.010914969840605904,626287.9782321551,6.447616664021676e-05,0.0
0.0,4.495156840635136e-05,2.7498348753390462e-05,0.19151551779480347,2.0256156505184233,10.128078252592116,0.6272467719500382,0.010277807539645148,627246.7719500381,6.396388696397508e-05,0.0
0.6175493577962717,4.5071827599714795e-05,2.7298303013401685e-05,0.19165482604135767,2.0251208006425583,10.125604003212791,0.6273182466485338,0.01062789873124907,627318.2466485337,6.441890160579193e-05,1.0
0.6135328807449405,4.5014517882309275e-05,2.7095886478053816e-05,0.19136041314313917,2.0191161671153393,10.095580835576696,0.6281861880034281,0.01090701428970639,628186.188003428,6.444225459254667e-05,1.0
0.0,4.5638897329934796e-05,2.7126881824660694e-05,0.19157083367162814,2.0177635413494803,10.0888177067474,0.6283818693196749,0.01152353666293118,628381.8693196749,6.466228065577447e-05,0.0
0.6093177963361573,4.538811073049542e-05,2.7368737402592028e-05,0.1920512423741769,2.0215405987525297,10.107702993762649,0.6278356034328239,0.011938088181177626,627835.6034328239,6.484869210328216e-05,1.0
0.0,4.504918953614774e-05,2.7797910179551606e-05,0.1920325793557499,2.0170566573495754,10.085283286747877,0.628484156882493,0.012549315593992858,628484.1568824931,6.466244478674781e-05,0.0
0.0,4.538764351468501e-05,2.7934404502578098e-05,0.19181757562035892,2.014819643576443,10.074098217882215,0.628807967091141,0.012443118331858797,628807.9670911409,6.447791767294245e-05,0.0
0.6095893556354364,4.471206960942825e-05,2.7842012545710573e-05,0.1914217228906118,2.012668705854191,10.063343529270956,0.6291194750246445,0.011962920805868091,629119.4750246445,6.461572875385253e-05,1.0
0.0,4.5012674069899685e-05,2.72604999217074e-05,0.19168112868567344,2.009239697389846,10.04619848694923,0.6296163977254455,0.01297865509679241,629616.3977254456,6.482377903276543e-05,0.0
0.605133732315708,4.5163697180364825e-05,2.7336466795898454e-05,0.19093610292795105,2.0046404246718867,10.023202123359434,0.6302835283311935,0.012155734187095578,630283.5283311935,6.463648635847831e-05,1.0
0.5971479398520538,4.518670199179844e-05,2.7397468518088982e-05,0.1911037903383731,2.012169582207817,10.060847911039085,0.6291917822871705,0.011399362963916762,629191.7822871705,6.539606864145318e-05,1.0
0.6015321905579397,4.6077106005537105e-05,2.750439777378889e-05,0.189928064283944,1.9942188302738963,9.971094151369481,0.6317978111570048,0.011653939724892842,631797.8111570048,6.482626769646677e-05,1.0
0.6104942855430675,4.5844460162779006e-05,2.818618190762411e-05,0.19146918432364818,2.0100772522584314,10.050386261292156,0.6294949853071873,0.01243335395448366,629494.9853071873,6.474510977382076e-05,1.0
0.0,4.6957720044785465e-05,2.859463723332955e-05,0.1915758434164449,2.0112310018452924,10.056155009226462,0.6293277754654613,0.01247946229835107,629327.7754654613,6.420763312184689e-05,0.0
0.6334130337748434,4.6905849919275704e-05,2.8858262764137957e-05,0.1922262946148867,2.0171065575682516,10.085532787841258,0.6284769356724618,0.01292952490223515,628476.9356724618,6.380965224304279e-05,1.0
0.0,4.6329224698405075e-05,2.8592474369833718e-05,0.19219753389440195,2.0240152042483754,10.120076021241877,0.6274779652516506,0.011873033040454468,627477.9652516505,6.38305851061974e-05,0.0
0.6359446892238934,4.643759999493439e-05,2.846672645767802e-05,0.1915072343869605,2.016454308563102,10.08227154281551,0.6285713311246338,0.01158579989855481,628571.3311246338,6.354735320773198e-05,1.0
0.632376877154748,4.5970725394876316e-05,2.846893854644591e-05,0.19033663293877975,2.0069816368300475,10.034908184150238,0.6299438441194526,0.010617109997012084,629943.8441194526,6.349259639583649e-05,1.0
0.6311621894606495,4.567543296307204e-05,2.8266937638313885e-05,0.18976587007945184,1.9965193112469084,9.982596556234542,0.6314632331172825,0.010994973276186171,631463.2331172825,6.319609473618017e-05,1.0
0.6293453634008896,4.596044095381834e-05,2.8451738243043143e-05,0.1891945069773533,1.9941182447236845,9.970591223618422,0.6318124441926614,0.01020145814736794,631812.4441926613,6.336341714438968e-05,1.0
0.0,4.631902317906704e-05,2.858977613294699e-05,0.1893897735550832,2.001227926744721,10.006139633723604,0.6307789724512378,0.009558519561404258,630778.9724512378,6.352441782417649e-05,0.0
0.630040167372893,4.608155886535857e-05,2.8291488272371642e-05,0.18909668926300988,1.9953657479576183,9.976828739788091,0.6316309832466371,0.009824361772656874,631630.9832466372,6.335204538922581e-05,1.0
0.6360237103710109,4.6653630260574594e-05,2.8684703519653048e-05,0.18981240599451185,2.001537749400249,10.007688747001245,0.6307339747241889,0.010358786713212602,630733.9747241889,6.330373292928335e-05,1.0
0.6311854988999109,4.729931153437367e-05,2.8741702549402644e-05,0.18804264636087228,1.977827782223632,9.88913891111816,0.6341868342030892,0.010272126924833742,634186.8342030892,6.311245450410171e-05,1.0
0.6392949123600099,4.807147618196785e-05,2.8248147154391917e-05,0.1879332317789824,1.9744155545594069,9.872077772797034,0.6346853070804265,0.010551770638391323,634685.3070804265,6.253436832455247e-05,1.0
0.6387654877548479,4.837475336189135e-05,2.826778135380059e-05,0.18895114031928545,1.9865986171443344,9.932993085721671,0.6329073486704891,0.010809629309060043,632907.3486704892,6.290585838717848e-05,1.0
0.6423715817303041,4.9088972650696376e-05,2.8386787663501448e-05,0.1887841198188295,1.9851569319111182,9.92578465955559,0.6331174836554986,0.010685723293157605,633117.4836554986,6.27905032586519e-05,1.0
0.0,4.816679398369542e-05,2.871088961866214e-05,0.18792032221631133,1.977162356911234,9.88581178455617,0.6342840116532287,0.010124656085851329,634284.0116532287,6.280193366368866e-05,0.0
0.0,4.804450482970728e-05,2.8635428905350912e-05,0.1876136811074685,1.9710506775516334,9.855253387758166,0.6351772464526396,0.010404608667576623,635177.2464526396,6.261543536453374e-05,0.0
0.6382606948164934,4.765011210495143e-05,2.8911101807478055e-05,0.18558348808667607,1.9413494383699186,9.706747191849592,0.6395360881662605,0.010703064339612631,639536.0881662605,6.184871412816078e-05,1.0
0.0,4.77567227934161e-05,2.8989022367359558e-05,0.18514066998551829,1.932404429898401,9.662022149492005,0.640854675283329,0.011136015254365509,640854.675283329,6.151879746630168e-05,0.0
0.6315726710784514,4.751586372794941e-05,2.8614725537301094e-05,0.1860859098101137,1.9443287550255588,9.721643775127793,0.6390975085410903,0.011269328161317647,639097.5085410903,6.221070878134338e-05,1.0
0.6309418467801344,4.748246753241555e-05,2.8217880994510316e-05,0.18543415560114818,1.9396161522560853,9.698080761280426,0.6397913804390553,0.01065969164135163,639791.3804390553,6.206156567951055e-05,1.0
0.6253920617252606,4.8473905621869266e-05,2.8590291335664915e-05,0.18534682203691807,1.9361783855909511,9.680891927954756,0.640298023815373,0.010991667889209187,640298.0238153731,6.253509363890407e-05,1.0
0.0,4.8419567611221695e-05,2.8977280762466147e-05,0.18370758183336072,1.914136696008768,9.57068348004384,0.6435559803245894,0.010971143991310833,643555.9803245894,6.202311284385515e-05,0.0
0.627926189485333,4.865807241759237e-05,2.909460791633824e-05,0.18249428150366398,1.899545584157467,9.497727920787336,0.645721789381995,0.010710352389322945,645721.789381995,6.16214690909391e-05,1.0
0.0,4.856877630427841e-05,2.9561427774365484e-05,0.18344592345450517,1.9134551642603155,9.567275821301576,0.6436569805139293,0.01054882742293963,643656.9805139293,6.188295391581392e-05,0.0
0.6304982987641714,4.863525742217126e-05,2.9887182173590656e-05,0.18385304222715293,1.9213590017817248,9.606795008908623,0.6424866378309798,0.010192722285285647,642486.6378309798,6.22088924275686e-05,1.0
0.0,4.8665560613945866e-05,3.009452714896276e-05,0.1832288550903155,1.9099574314316958,9.549787157158478,0.6441755795483761,0.010633289729007149,644175.5795483761,6.17038368092852e-05,0.0
0.0,4.891641143465353e-05,2.9819243159363403e-05,0.18253372326356873,1.9054525588873297,9.527262794436648,0.6448441200404995,0.009911566567636995,644844.1200404995,6.15958396949179e-05,0.0
0.0,4.952073697373405e-05,3.0342286921485836e-05,0.18240494142655195,1.907051784279595,9.535258921397975,0.6446067094157771,0.009416592268881046,644606.7094157771,6.159907091950218e-05,0.0
0.0,5.035401923306103e-05,3.0496331612718602e-05,0.1815779857591428,1.8969494712724355,9.484747356362178,0.646107902462882,0.009263873981167577,646107.902462882,6.14056318778525e-05,0.0
0.6388042937596689,5.0501748889354395e-05,3.0370653348080744e-05,0.18064852148230934,1.8789690430118509,9.394845215059254,0.648788428961045,0.010085471925663725,648788.428961045,6.102149236729558e-05,1.0
0.6370473181784839,5.078648735458511e-05,3.016275927952754e-05,0.18097311655456016,1.8797975582772197,9.398987791386098,0.6486646696525765,0.010610902761696874,648664.6696525766,6.112185838714499e-05,1.0
0.6367887117288255,5.019532535290063e-05,3.0236539228391146e-05,0.18116339008535326,1.8879276927334077,9.439638463667038,0.6474514841341328,0.009778264304839324,647451.4841341327,6.13110447837974e-05,1.0
0.627552185284773,5.014748047463481e-05,2.9730490718371785e-05,0.1821111259381213,1.896087712076039,9.480438560380195,0.6462361206868762,0.010458372563118781,646236.1206868762,6.194347126575874e-05,1.0
0.6277617993847039,5.0614675597583906e-05,2.9945782886610207e-05,0.18324869882107067,1.9069183316899398,9.534591658449699,0.6446265175782069,0.011123915220348248,644626.5175782068,6.229018183168385e-05,1.0
0.6170214097567756,5.10353664048408e-05,2.9660795984469795e-05,0.18192754184608145,1.8932443924383429,9.466221962191714,0.646659349060767,0.010514432752929962,646659.3490607671,6.267778476611301e-05,1.0
0.6193382556616492,5.112046394314151e-05,2.9778762497427684e-05,0.18149403529058403,1.8959585236878453,9.479792618439227,0.6462553443814051,0.009243414962573141,646255.344381405,6.269365997081726e-05,1.0
0.616437431464922,5.154125164406266e-05,2.9626701146271682e-05,0.1814386267669282,1.8953548395717974,9.476774197858987,0.6463451823182916,0.009222435852148056,646345.1823182916,6.290034791808018e-05,1.0
0.0,5.175580996567831e-05,2.9554841509528837e-05,0.1818178317156469,1.8965755359253895,9.482877679626947,0.6461635359084612,0.009799199339755007,646163.5359084612,6.264272102583188e-05,0.0
0.0,5.232084689549441e-05,2.9336671717508742e-05,0.18221398563950164,1.8965262088705401,9.4826310443527,0.6461708750588567,0.010598846337860008,646170.8750588567,6.299715797350009e-05,0.0
0.6196958909849228,5.2419109536063075e-05,2.9301569453804328e-05,0.1816527406753899,1.8919912028870542,9.45995601443527,0.6468459744281424,0.010151455778922182,646845.9744281424,6.260081758784587e-05,1.0
0.6197288609565343,5.2192878187556296e-05,2.9882351928533447e-05,0.17999597071781223,1.8639734742871572,9.319867371435786,0.6510324747800508,0.011024416215675221,651032.4747800508,6.197111702792189e-05,1.0
0.0,5.231694125227168e-05,3.030022277807737e-05,0.18050170717449404,1.8783122950071207,9.391561475035603,0.6488865473444653,0.009889961693453367,648886.5473444653,6.218282378203687e-05,0.0
0.6205547507689747,5.080530523929986e-05,3.0400562009014458e-05,0.180838849758812,1.884045950761729,9.420229753808645,0.6480304376350456,0.009708137152669655,648030.4376350456,6.239726718689997e-05,1.0
0.0,5.0980642002706385e-05,3.0384962489164682e-05,0.179801749519886,1.8715221338711292,9.357610669355646,0.6499018700352364,0.009505369075008388,649901.8700352364,6.19478105252164e-05,0.0
0.0,4.913682275004486e-05,3.063052359658925e-05,0.18064059240210306,1.8788230077236343,9.394115038618171,0.6488102454017642,0.010091430205970371,648810.2454017643,6.183036135978389e-05,0.0
0.0,4.829235459134126e-05,3.095690424288973e-05,0.18081112538971483,1.876773499499147,9.383867497495734,0.6491165020553912,0.010738752834820854,649116.5020553912,6.16404502438985e-05,0.0
0.6176420782956298,4.8552391799984924e-05,3.068882064336968e-05,0.1809133405134606,1.8750483063449868,9.375241531724933,0.6493744085789199,0.011201089605841135,649374.40857892,6.20053721971586e-05,1.0
0.6174989702521785,4.8820108632618624e-05,3.065181257021263e-05,0.18017581129205895,1.8698631942031967,9.349315971015983,0.6501501702052335,0.010501792789351365,650150.1702052335,6.195334398339473e-05,1.0
0.6206783398085625,4.8262492069896284e-05,3.0092188849937952e-05,0.18098261843721816,1.8778352350456555,9.389176175228277,0.6489578295750275,0.010923066449463798,648957.8295750275,6.170185471292615e-05,1.0
0.6167390422432106,4.794119120755889e-05,3.0427275706017463e-05,0.18068535073204547,1.8722802946295805,9.361401473147902,0.6497884246406803,0.011159126104771268,649788.4246406803,6.18364765361606e-05,1.0
0.0,4.8667637877714774e-05,3.1038237469207374e-05,0.17962589582281638,1.8638663418760828,9.319331709380414,0.6510485347444033,0.010300326390036047,651048.5347444033,6.129808407981656e-05,0.0
0.6239278840746004,4.845227005437414e-05,3.1041497507210155e-05,0.18015681338117293,1.8779064631446212,9.389532315723105,0.6489471861854886,0.009260812947834483,648947.1861854886,6.181806638728918e-05,1.0
0.6223796153161326,4.960468480948815e-05,3.0383164519595047e-05,0.18047249059984827,1.8785595197840614,9.392797598920307,0.6488496101341916,0.009794591333888181,648849.6101341916,6.194293425138048e-05,1.0
0.0,4.9611631186710215e-05,3.055816838417625e-05,0.18050077327914066,1.8795134654884582,9.39756732744229,0.6487071032984395,0.009708649856720795,648707.1032984395,6.209209710873022e-05,0.0
0.0,4.982341665141664e-05,3.0275778266648004e-05,0.18087878171460292,1.888847837381456,9.444239186907279,0.6473143223841531,0.009071885813358941,647314.3223841531,6.281932794647524e-05,0.0
0.0,5.0635385517637615e-05,3.0071257868815704e-05,0.18050400382655868,1.884395013625365,9.421975068126825,0.64797835447962,0.008986362132737378,647978.35447962,6.238745243486359e-05,0.0
0.6186548750607471,5.068819136538157e-05,3.025780562837669e-05,0.18042833962308816,1.8820255816263889,9.410127908131944,0.6483319761844629,0.009188655430639231,648331.9761844629,6.244590352577064e-05,1.0
0.6131618580207165,5.0173255547728536e-05,3.0329015753462974e-05,0.18081979705810208,1.8874422226910896,9.437211113455447,0.6475238626424885,0.009163456758692673,647523.8626424886,6.289129085641567e-05,1.0
0.6169275553431983,5.011492671092682e-05,3.0176002805792135e-05,0.1794574180456935,1.87427960221263,9.37139801106315,0.6494893584555688,0.008404194546955776,649489.3584555688,6.229511812818394e-05,1.0
0.6198388454060979,5.009482280861324e-05,2.9977601059895792e-05,0.1802979159000354,1.8790050006360595,9.395025003180297,0.6487830573077279,0.009378889107798716,648783.0573077279,6.212076445315782e-05,1.0
0.6202449528558284,4.9410555526340196e-05,3.0015799855264128e-05,0.18017123581934028,1.8738677860315247,9.369338930157623,0.6495509486714561,0.009893420310136687,649550.9486714561,6.184326503766759e-05,1.0
0.6190630641743586,4.929442838014298e-05,2.9892644192405136e-05,0.18091579308452413,1.8849451562354458,9.424725781177228,0.647896277009049,0.009727863178097219,647896.277009049,6.215768779577465e-05,1.0
0.0,4.8937443765541406e-05,2.956202016847613e-05,0.18142363202951614,1.892712886379236,9.46356443189618,0.6467384945275518,0.00958575858658413,646738.4945275518,6.186805698938334e-05,0.0
0.623445488737332,4.9420873768824294e-05,2.94710108106631e-05,0.18198574253682684,1.8990041122214014,9.495020561107006,0.6458023020385554,0.009773787112209036,645802.3020385554,6.213975353609693e-05,1.0
0.0,4.944976223054044e-05,2.9583468381426395e-05,0.18065930458406648,1.8849544434914276,9.424772217457138,0.6478948915039617,0.00921350067209469,647894.8915039618,6.131270278071262e-05,0.0
0.6257866351382576,4.9319369111355846e-05,2.9538367973751978e-05,0.18084232933699826,1.8862214006698608,9.431107003349304,0.6477059102029248,0.00939056887692128,647705.9102029247,6.168859912404716e-05,1.0
0.0,4.9279890763817444e-05,2.912354803480248e-05,0.1798067683273122,1.8767243070523207,9.383621535261604,0.649123854626328,0.008737391280952472,649123.8546263281,6.155464054988967e-05,0.0
0.0,4.940585395774418e-05,2.9437796460519095e-05,0.17995842908754203,1.878821181881504,9.39410590940752,0.6488105181718268,0.008727376346910839,648810.5181718267,6.212827372478832e-05,0.0
0.0,4.972614397843418e-05,2.8627397100225714e-05,0.1781268991597878,1.8580919614749765,9.290459807374882,0.6519147447504686,0.008168543070044193,651914.7447504686,6.17475234592529e-05,0.0
0.0,4.923176498453081e-05,2.852093961171267e-05,0.17692087936781492,1.8455217995617244,9.227608997808622,0.6538043714818501,0.007646130217479952,653804.3714818502,6.127593678763774e-05,0.0
0.6157647032321024,4.8726335868529556e-05,2.836446128311224e-05,0.178481473512238,1.8605016996588917,9.302508498294458,0.6515531218954634,0.008516068919939458,651553.1218954634,6.134807331352972e-05,1.0
0.6171786970997151,4.930414875886023e-05,2.8441625720811422e-05,0.1789968772317391,1.8669821974257794,9.334910987128897,0.6505816060252048,0.008575360488682945,650581.6060252048,6.152504245868413e-05,1.0
0.0,4.911189734758066e-05,2.8641291748736016e-05,0.17899722034548113,1.8661043950024672,9.330521975012335,0.6507131158306476,0.00870755652160987,650713.1158306476,6.143701247109715e-05,0.0
0.6142554022376595,4.8421238354330606e-05,2.9006495356239605e-05,0.17802676887884555,1.8596948738755554,9.298474369377777,0.6516741777029459,0.007727715460637011,651674.1777029459,6.157692810146685e-05,1.0
0.6195493673235657,4.8674719941935544e-05,2.8812643987109164e-05,0.17729673525259812,1.8516584372221734,9.258292186110866,0.6528811897669675,0.0074746602721637466,652881.1897669676,6.103574041513427e-05,1.0
0.6123046124837075,4.893291044611318e-05,2.9012365808567024e-05,0.1778105306890461,1.8566268260286152,9.283134130143075,0.6521347117479804,0.007755773126072645,652134.7117479804,6.171133514574202e-05,1.0
0.0,4.818889460856256e-05,2.909086400876012e-05,0.1778387943702482,1.8560579664121193,9.280289832060596,0.6522201370560285,0.007897725796524944,652220.1370560286,6.201363344794358e-05,0.0
0.6071064121863566,4.8339857574123116e-05,2.859558491602995e-05,0.17869594677898779,1.8744032789170497,9.372016394585248,0.649470862811942,0.0068627563699175925,649470.862811942,6.233896548573689e-05,1.0
0.0,4.8740851968854844e-05,2.9193835294339586e-05,0.17882877145591736,1.8750675761386053,9.375337880693026,0.649371527289013,0.007029070200847781,649371.527289013,6.282534151531085e-05,0.0
0.6067214379828194,4.895322815533088e-05,2.8778326050280736e-05,0.1791807420341558,1.8781534295382785,9.390767147691392,0.6489102841302941,0.007271768198605671,648910.2841302941,6.258857637954859e-05,1.0
0.0,4.929015433410496e-05,2.8928608710968036e-05,0.17867256532335557,1.866705326266959,9.333526631334795,0.6506230831870218,0.007968213833732907,650623.0831870218,6.229135592191834e-05,0.0
0.0,4.860221669837749e-05,2.9067024520008e-05,0.17845857405656743,1.8657642274898487,9.328821137449243,0.6507640858844542,0.007681233997589078,650764.0858844542,6.18124126817148e-05,0.0
0.6079543065010815,4.8795692441908035e-05,2.9168375064306564e-05,0.17825482310972007,1.8702188569907314,9.351094284953657,0.6500969287381293,0.006606574957569461,650096.9287381293,6.241438305623791e-05,1.0
0.6159546517077263,4.8668468713334654e-05,2.903663449837195e-05,0.17795481135423522,1.8690866227387852,9.345433113693925,0.650266435374045,0.006176058082515494,650266.435374045,6.181868292338556e-05,1.0
0.6244544389219724,4.845370425970564e-05,2.930407760374666e-05,0.1775511928273415,1.866848604948267,9.334243024741335,0.6506016187467479,0.005704004401430906,650601.618746748,6.126876962264565e-05,1.0
0.6273818752639303,4.891990797922139e-05,2.8849885809488797e-05,0.17822236223044577,1.872780729105455,9.363903645527275,0.6497135542914008,0.006158278752292275,649713.5542914007,6.117470770447821e-05,1.0
0.0,4.9681147074974074e-05,2.8853139456696845e-05,0.17890232941113826,1.890473347338956,9.45236673669478,0.6470720860607723,0.004876744883048771,647072.0860607723,6.196661647318174e-05,0.0
0.0,5.058470916077477e-05,2.870691426459717e-05,0.17911254493285997,1.894113574095255,9.470567870476275,0.6465299418896315,0.004755031755351484,646529.9418896316,6.228997995211873e-05,0.0
0.0,5.1230418913312224e-05,2.852958659668512e-05,0.18052917103836427,1.9076731654480814,9.538365827240407,0.6445144867803045,0.005572828857033082,644514.4867803046,6.260684211241337e-05,0.0
0.6197289101402347,5.115094344423089e-05,2.8687619200987483e-05,0.18117295280146076,1.9157357259143077,9.578678629571538,0.6433190729083877,0.005664978511309237,643319.0729083878,6.3055783727895e-05,1.0
0.0,5.130428465685945e-05,2.9037110379783638e-05,0.18236699006621304,1.9282645451427003,9.6413227257135,0.6414658572167452,0.0061998373491712645,641465.8572167451,6.327113227959072e-05,0.0
0.6225914940624618,5.166161039961438e-05,2.8953391443636906e-05,0.18165002538448807,1.92360205500638,9.6180102750319,0.6421548906664362,0.005454941435412295,642154.8906664362,6.322000828694265e-05,1.0
0.6176256609920341,5.168896716627182e-05,2.92085279417419e-05,0.18125495616146486,1.9230607389564083,9.61530369478204,0.6422349355271711,0.004744847850100888,642234.9355271711,6.363939407015452e-05,1.0
0.6194085136711718,5.172056991690216e-05,2.923927958254044e-05,0.18163066324881963,1.9225717884696334,9.612858942348167,0.6423072456243822,0.0055685721220214875,642307.2456243823,6.348192713409901e-05,1.0
0.623685842167814,5.2098035084502206e-05,2.898667432811823e-05,0.1822183398782832,1.9295831250658804,9.647915625329402,0.6412711286058933,0.005707808362459685,641271.1286058933,6.33589461143265e-05,1.0
0.6220001778904036,5.2026433059799195e-05,2.8929555213583547e-05,0.18297534785596234,1.9389155907866815,9.694577953933408,0.6398945936643904,0.005845289376315063,639894.5936643904,6.367098191189103e-05,1.0
0.0,5.162126093041638e-05,2.886111834207439e-05,0.18291943704232888,1.9413878408820668,9.706939204410334,0.6395304330900775,0.005369307174735264,639530.4330900775,6.389090861367867e-05,0.0
0.6178834306175166,5.138159917889012e-05,2.867489800148127e-05,0.18372192063862208,1.9513271498381841,9.75663574919092,0.6380684706184715,0.005512311895715674,638068.4706184715,6.410540140689263e-05,1.0
0.6159762637864796,5.1670922384179187e-05,2.8829944920048397e-05,0.1831378146442708,1.9466672920716068,9.733336460358034,0.6387534675850897,0.0050290968736313125,638753.4675850896,6.422347490362125e-05,1.0
0.0,5.163900058209558e-05,2.8923739877958858e-05,0.18421294925876042,1.956587721759166,9.78293860879583,0.6372960516430907,0.005721950160611511,637296.0516430907,6.433997205290355e-05,0.0
0.0,5.177632555888784e-05,2.8468070170918856e-05,0.18574567950737203,1.9676140617458413,9.838070308729206,0.6356800674975893,0.0071714265123333665,635680.0674975893,6.458538877526699e-05,0.0
0.0,5.2075838668811175e-05,2.8003250968928673e-05,0.18643771830416422,1.975036743970171,9.875183719850854,0.6345945319005909,0.007469968508919364,634594.5319005909,6.48154275510119e-05,0.0
0.613666886719988,5.1846901163986144e-05,2.8170591285511824e-05,0.18643875500087803,1.9768777069255794,9.884388534627897,0.6343255859442541,0.007203095946010205,634325.5859442542,6.487886975727319e-05,1.0
0.0,5.218808722252132e-05,2.7962593531163228e-05,0.18638753279351858,1.9844733861111175,9.922366930555587,0.6332171392748055,0.005992204861842671,633217.1392748056,6.548360468401562e-05,0.0
0.6091604427794232,5.2333746779800096e-05,2.8093954007070062e-05,0.18537676214395915,1.97584387373651,9.87921936868255,0.6344766044194163,0.005230128707334647,634476.6044194163,6.530129834902579e-05,1.0
0.6106935528918364,5.1669665300748354e-05,2.8366354400361416e-05,0.18599331303873798,1.9783106189053818,9.891553094526909,0.6341163309712256,0.006102957048701522,634116.3309712255,6.519369230765891e-05,1.0
0.6098493868198881,5.235742439032651e-05,2.801774146113252e-05,0.18602594364574104,1.9817495112955255,9.908747556477627,0.6336144146946099,0.005666301986091955,633614.4146946099,6.536334059115931e-05,1.0
0.604332031151776,5.2059903530641524e-05,2.7633925455537014e-05,0.18503194379086188,1.9688193644381,9.8440968221905,0.6355036709238031,0.005567558505526859,635503.6709238031,6.52663501156293e-05,1.0
0.0,5.1191157788436104e-05,2.8183576451144862e-05,0.1856327134790258,1.974188819678733,9.870944098393664,0.6347184433646543,0.005983870322705911,634718.4433646543,6.555193980900722e-05,0.0
0.0,5.064481277787423e-05,2.8325376157010702e-05,0.18516739310583216,1.9622168560283404,9.811084280141701,0.6364705516042684,0.006805337815932689,636470.5516042684,6.538433860275552e-05,0.0
0.6053172648245326,5.012139394197759e-05,2.8233096436868506e-05,0.18489114743279902,1.9586933359286793,9.793466679643396,0.636987142733434,0.006769437599032116,636987.1427334341,6.476025721316884e-05,1.0
0.0,5.01450527224668e-05,2.798825237233726e-05,0.1849120179265756,1.9599170788028688,9.799585394014343,0.6368076795590673,0.006631715412218456,636807.6795590672,6.396723852367244e-05,0.0
0.611058901660356,5.000522641524435e-05,2.787535507021833e-05,0.18448628155231625,1.9534113733804834,9.767056866902417,0.6377623285135969,0.006734891618229429,637762.3285135969,6.412778901862698e-05,1.0
0.0,4.983670590311916e-05,2.756067626797997e-05,0.1844910279596687,1.9551686862990767,9.775843431495383,0.6375043189582078,0.006486374877545232,637504.3189582078,6.423752898177135e-05,0.0
0.6118322693119618,5.014982276779802e-05,2.787448639484755e-05,0.1844973467996111,1.9567308824774576,9.783654412387287,0.6372750441791256,0.00626973777834785,637275.0441791256,6.420294442476041e-05,1.0
0.0,5.031676399303841e-05,2.7683971320868703e-05,0.18409889771887927,1.94939444843432,9.7469722421716,0.6383524876437893,0.00655028308154783,638352.4876437893,6.416213403475954e-05,0.0
0.6033387926010771,5.046845264849979e-05,2.8058352270916208e-05,0.1846711439152404,1.9560863040538772,9.780431520269385,0.6373696353483533,0.006711923178834117,637369.6353483533,6.483907794947021e-05,1.0
0.5977285395709276,5.066399782419414e-05,2.797699654956688e-05,0.18474024980709877,1.9493230129397372,9.746615064698686,0.6383629877543392,0.007843487368536727,638362.9877543392,6.501531661440817e-05,1.0
0.5942154682348879,5.095878520171138e-05,2.770445156349035e-05,0.18662272456763368,1.9732162964282893,9.866081482141446,0.6348605928942164,0.008106042029483708,634860.5928942164,6.581567004764426e-05,1.0
0.5960654967035006,4.988563282678843e-05,2.7622472055816404e-05,0.18688858167544734,1.9726571822664174,9.863285911332087,0.6349423306120463,0.008719493962940948,634942.3306120463,6.544596925100893e-05,1.0
0.5973093690585753,4.970570104412043e-05,2.688277258144965e-05,0.18581626951972502,1.9614910971711887,9.807455485855943,0.6365769224558705,0.008209461495320564,636576.9224558705,6.485718908885028e-05,1.0
0.0,4.862148199099329e-05,2.6908886556818454e-05,0.18529980385410083,1.9524178575656272,9.762089287828136,0.6379082432022276,0.008507850910429288,637908.2432022276,6.383803846110952e-05,0.0
0.0,4.866708231457232e-05,2.6919673068343038e-05,0.18604537076586194,1.9648453050612975,9.824226525306488,0.6360854616871963,0.008176203218920174,636085.4616871963,6.427822685022737e-05,0.0
0.6021050545626058,4.8691424182168704e-05,2.7228702430940566e-05,0.18591423410630095,1.9614568824628869,9.807284412314434,0.6365819375735882,0.00841040578619005,636581.9375735882,6.446296256003157e-05,1.0
0.5966713378807385,4.924036183592017e-05,2.671823690392674e-05,0.18515786466685535,1.9485901067353293,9.742950533676646,0.638470725635813,0.008786454969523669,638470.725635813,6.442981577073089e-05,1.0
0.0,4.9849371795562324e-05,2.713243207410727e-05,0.18588480869709165,1.9581554320719006,9.790777160359502,0.6370660428979507,0.008835660292133932,637066.0428979506,6.479727678348125e-05,0.0
0.6004685779626411,4.995377188377726e-05,2.743596322112442e-05,0.1862547698228808,1.9548365845526818,9.774182922763408,0.6375530703012671,0.01006260994702865,637553.0703012671,6.459121771839891e-05,1.0
0.6047764267086447,4.970451590740327e-05,2.786285702581153e-05,0.1871565888052617,1.9622740479728216,9.811370239864107,0.6364621700221189,0.010775347632642304,636462.170022119,6.453346500323772e-05,1.0
0.0,4.995300614552807e-05,2.788978347249406e-05,0.1881831126105383,1.9723842272699263,9.86192113634963,0.6349822381253274,0.011348463346404006,634982.2381253274,6.446907777075977e-05,0.0
0.0,4.9689987203955354e-05,2.8236156853275003e-05,0.18860163175779332,1.9756811781126133,9.878405890563066,0.6345003736600743,0.011703637175660933,634500.3736600743,6.443928464529714e-05,0.0
0.6152737225636189,4.969549113415457e-05,2.783006050573743e-05,0.19080614854985664,2.000126628507214,10.00063314253607,0.6309389477412994,0.012551244841012736,630938.9477412994,6.46961279251436e-05,1.0
0.0,5.019464946995186e-05,2.8087373565184043e-05,0.18916587317671257,1.9828766710077375,9.914383355038687,0.6334499889420327,0.011781735295457873,633449.9889420328,6.473780596291e-05,0.0
0.0,4.991187080755811e-05,2.789427726525038e-05,0.18891856647774471,1.9750396368348646,9.875198184174323,0.6345941091930546,0.012431242148544004,634594.1091930546,6.408785085891417e-05,0.0
0.6170394215661684,5.03164727110282e-05,2.744097117021849e-05,0.1884958815627104,1.9729793440521277,9.864896720260639,0.6348952320241525,0.011886995149573362,634895.2320241525,6.392299035751812e-05,1.0
0.6269275478376405,5.064884394115379e-05,2.715490959136481e-05,0.19002373064210185,1.9961314924571665,9.980657462285832,0.6315196244028448,0.011567085687048529,631519.6244028448,6.386895840849053e-05,1.0
0.6250766229281624,5.0158471153765304e-05,2.7213470741126298e-05,0.191458570145267,2.014188887309045,10.070944436545226,0.6288992999048044,0.011816440195338392,628899.2999048044,6.437004631623569e-05,1.0
0.0,5.06422487947987e-05,2.7021911563838492e-05,0.19265991400956925,2.0267920182368035,10.133960091184017,0.6270768934550485,0.012396721474186986,627076.8934550484,6.464410299383232e-05,0.0
0.6299325312232303,5.097868699158848e-05,2.719429539207046e-05,0.19173495307177107,2.0183149384646084,10.091574692323041,0.6283020925853201,0.011771998728862264,628302.0925853201,6.428565284267734e-05,1.0
0.6334118344222327,5.1010076195443036e-05,2.6707938217727847e-05,0.19107208859846697,2.011173492297612,10.05586746148806,0.6293361091185122,0.011480286315446155,629336.1091185122,6.379072612107216e-05,1.0
0.0,5.060871294252035e-05,2.613565019028853e-05,0.19046453972774016,2.0026644221002554,10.013322110501276,0.6305703671699076,0.011499446625387887,630570.3671699075,6.354851014054189e-05,0.0
0.6350189123752734,5.016693567438216e-05,2.662465341672583e-05,0.18982981970224067,1.9947768647778426,9.973884323889212,0.6317166352860509,0.011376274690532272,631716.635286051,6.31583449487166e-05,1.0
0.6366720139745846,4.9894765672443004e-05,2.6963300387211747e-05,0.19112090283301011,2.0098083735550456,10.049041867775227,0.629533959561319,0.011775765227339221,629533.959561319,6.346729383475126e-05,1.0
0.625536461451646,5.016816759064012e-05,2.670924532869337e-05,0.19177117441717145,2.007174534849986,10.03587267424993,0.6299158648964418,0.013458213730784697,629915.8648964418,6.396423517778267e-05,1.0
0.0,4.968699165512662e-05,2.677416052907834e-05,0.19175014262323,2.005916062506547,10.029580312532735,0.6300984245639719,0.013598709810431943,630098.4245639719,6.39487290978338e-05,0.0
0.6247234535974702,4.991200794633402e-05,2.714452943655717e-05,0.19208304926487582,2.0135416091256504,10.067708045628251,0.6289930388653905,0.013159137395142146,628993.0388653905,6.426321137500019e-05,1.0
0.627491567228764,4.929289002296814e-05,2.7327399030313208e-05,0.19050068027570466,1.9966354972027975,9.983177486013988,0.6314463399305105,0.012447700481919805,631446.3399305105,6.366272572128755e-05,1.0
0.6323377465188763,4.920499793028935e-05,2.7425317978561988e-05,0.19043805112185694,1.9972292454714333,9.986146227357166,0.6313600172717747,0.012236119515488607,631360.0172717747,6.340730200927666e-05,1.0
0.6350286554329883,4.927572184897057e-05,2.7805357843384528e-05,0.18938636372858647,1.9863159432752753,9.931579716376376,0.6329485447249915,0.01172127218216444,632948.5447249915,6.30980507228883e-05,1.0
0.6251498584541727,5.051277248452062e-05,2.763003694395647e-05,0.18929137921686948,1.9836454752041868,9.918227376020933,0.6333378632007699,0.011920621634508861,633337.8632007699,6.375366377974663e-05,1.0
0.0,4.981385920707002e-05,2.768678973967673e-05,0.18898117810963855,1.9781083587605108,9.890541793802553,0.6341458638004337,0.012108220019710797,634145.8638004337,6.34857570221937e-05,0.0
0.6266966264082775,5.0553589306173686e-05,2.7727699353395477e-05,0.18841019086640876,1.972166384124988,9.860831920624939,0.6350140897842366,0.011834471517054102,635014.0897842366,6.340497803625145e-05,1.0
0.6307061560944613,5.061743872704385e-05,2.7691316752026256e-05,0.18909363585266015,1.974978874509552,9.87489437254776,0.6346029878882846,0.012790259593604912,634602.9878882846,6.318475437267585e-05,1.0
0.0,5.0810675911510955e-05,2.7620548763559506e-05,0.1890799926421137,1.9776914310432858,9.888457155216429,0.6342067454578855,0.012366730742112867,634206.7454578854,6.238978102429994e-05,0.0
0.0,5.085363634997484e-05,2.7689998259636864e-05,0.18889851564638704,1.9759393965300802,9.879696982650401,0.6344626493005474,0.012259680593321522,634462.6493005474,6.209008085692594e-05,0.0
0.6390416387692582,5.105892703207296e-05,2.7746520543239784e-05,0.18934147945230426,1.9801274520293903,9.90063726014695,0.6338511094097915,0.012534068314400001,633851.1094097915,6.289516318374134e-05,1.0
0.0,5.096090593925049e-05,2.747706183961463e-05,0.18893370905149628,1.971838757580267,9.859193787901335,0.6350619962920043,0.012929414394996916,635061.9962920044,6.283872337327056e-05,0.0
0.6296627563826656,5.166871291119421e-05,2.7768059375792473e-05,0.18976286684766852,1.979217841119056,9.89608920559528,0.6339838806725315,0.013509614367868577,633983.8806725316,6.348462263338104e-05,1.0
0.6303087631085525,5.140710308085797e-05,2.7519782625946744e-05,0.18971470502246449,1.9775714940750988,9.887857470375494,0.6342242602750788,0.013653670320007825,634224.2602750788,6.329906375469443e-05,1.0
0.0,5.194507830533043e-05,2.7503916940063656e-05,0.18962032783045088,1.973183428572218,9.86591714286109,0.6348653976030999,0.014106053264001668,634865.3976030999,6.244511725793907e-05,0.0
0.6489550783635273,5.1583993179117314e-05,2.7465254459446368e-05,0.188870827323161,1.9657721718837438,9.828860859418718,0.6359497234663857,0.013691378112707665,635949.7234663856,6.19049125088158e-05,1.0
0.6473545061979725,5.152218739233432e-05,2.7623380454055205e-05,0.1889367870238463,1.964042753841402,9.82021376920701,0.6362030174829361,0.014076591530628704,636203.017482936,6.196557232183608e-05,1.0
0.6425091428749234,5.095576236834252e-05,2.7035181662908902e-05,0.19054186078476118,1.9834682913330335,9.917341456665167,0.633363702705572,0.01444742427509433,633363.702705572,6.250520484789177e-05,1.0
0.6441545887243483,5.116415898114943e-05,2.7361750974129563e-05,0.19085354928119488,1.9831657878053468,9.915828939026733,0.6334078205645794,0.01511491912696921,633407.8205645795,6.247614516943481e-05,1.0
0.6488479586529649,5.186343877998971e-05,2.7211418850363323e-05,0.18957426448728246,1.9720584366878056,9.860292183439027,0.6350298737737506,0.014178402748315555,635029.8737737506,6.202144667827936e-05,1.0
0.0,5.178749191447949e-05,2.7633179461789174e-05,0.19001749541486623,1.9818054586219,9.9090272931095,0.6336062523058162,0.01364124313554871,633606.2523058163,6.253263721745102e-05,0.0
0.6481822950041893,5.1653299226837944e-05,2.7537066395198544e-05,0.1898689976441153,1.9774500650915443,9.887250325457721,0.6342419934692908,0.013979988757521386,634241.9934692908,6.225359836195376e-05,1.0
0.0,5.106292476076722e-05,2.757167199157437e-05,0.18940639786085636,1.980738653833238,9.90369326916619,0.6337619110207175,0.012574706742430261,633761.9110207176,6.241181120685162e-05,0.0
0.6481251390141612,5.0927019938775724e-05,2.819437436376341e-05,0.18908957251664857,1.9750672752523077,9.875336376261538,0.6345900706611787,0.012769215694475831,634590.0706611787,6.231075829461774e-05,1.0
0.0,5.0112082410139447e-05,2.8147285413850042e-05,0.19029750678610152,1.9883736629086934,9.941868314543466,0.6326487200208489,0.013243733593051999,632648.7200208489,6.25141857247525e-05,0.0
0.6536773089050589,4.965340176857724e-05,2.8555994670975078e-05,0.18970735386036575,1.98269859208406,9.9134929604203,0.6334759635766842,0.012890671297415739,633475.9635766842,6.20918232557841e-05,1.0
0.6567799486000988,4.977372675626027e-05,2.8596588303224944e-05,0.19061389541165824,1.9970232000281543,9.98511600014077,0.631389972048095,0.012617762871411468,631389.972048095,6.231125225929591e-05,1.0
0.0,5.043775882000576e-05,2.874928218624849e-05,0.18955987672207325,1.9865901301823035,9.932950650911517,0.6329085854962168,0.012028338940363287,632908.5854962168,6.260479860278713e-05,0.0
0.6477854591050367,5.18336090742204e-05,2.8795284119346934e-05,0.18921525966736744,1.9839292637215025,9.919646318607512,0.6332964792669554,0.01172699860169032,633296.4792669554,6.285321039328236e-05,1.0
0.0,5.150364435020054e-05,2.9073733924850033e-05,0.1901173126891432,1.99825063630614,9.9912531815307,0.6312115490003892,0.011446174378675634,631211.5490003892,6.349226175127801e-05,0.0
0.6491805973312996,5.219122154151925e-05,2.8886599762497117e-05,0.19005687227785822,1.999967365827831,9.999836829139154,0.6309620856981529,0.011075830253869361,630962.0856981529,6.326852096041534e-05,1.0
0.6564221576361098,5.226927335088969e-05,2.861365321034142e-05,0.1915074767569331,2.0226826779293305,10.113413389646652,0.6276705210460335,0.010685474559899726,627670.5210460335,6.337971024476837e-05,1.0
0.6502688212844354,5.214826406049871e-05,2.8449807289021485e-05,0.1912055164203033,2.019537619878364,10.097688099391819,0.6281252298356509,0.010536262676257535,628125.2298356509,6.361377919229108e-05,1.0
0.6467880217691463,5.232159600515181e-05,2.851072425613828e-05,0.19128696273071719,2.0217172960104035,10.108586480052017,0.6278100598034699,0.010383985264904324,627810.0598034699,6.391719449982042e-05,1.0
0.0,5.2306122326888755e-05,2.8474264135350418e-05,0.1930944101841741,2.0403344428106833,10.201672214053417,0.6251245511411886,0.011313371509536766,625124.5511411886,6.439631262084098e-05,0.0
0.0,5.231519774315709e-05,2.8717861315584762e-05,0.1918329908275972,2.024388521787047,10.121942608935235,0.6274240298525932,0.011090011507787526,627424.0298525932,6.385874359796356e-05,0.0
0.0,5.206472720688061e-05,2.9134923599219524e-05,0.19068749923414102,2.007523251019491,10.037616255097454,0.6298652879174457,0.011240286385727705,629865.2879174456,6.29729478214384e-05,0.0
0.0,5.1324377832843577e-05,2.885947362606463e-05,0.18994254558644358,1.9994177042270072,9.997088521135035,0.6310419480018878,0.010927039174775001,631041.9480018879,6.301483195402083e-05,0.0
0.6433699414030367,5.0526077674925665e-05,2.866209951605916e-05,0.19037709430007366,2.0075630770372004,10.037815385186,0.6298595119032114,0.010613700503358773,629859.5119032115,6.355371902179851e-05,1.0
0.0,5.0842178563067766e-05,2.8257985700244118e-05,0.18876430093218935,1.991313303663137,9.956566518315684,0.6322206393600466,0.009749241224425286,632220.6393600466,6.291645411698221e-05,0.0
0.6541756861407334,5.0686984946763556e-05,2.8901937883466968e-05,0.18882087097963948,1.9974575281554945,9.987287640777472,0.6313268313167523,0.008968573276031233,631326.8313167522,6.281860741856118e-05,1.0
0.0,5.03752007980002e-05,2.9015299975534178e-05,0.1889157275539282,2.002775444537274,10.013877222686368,0.6305542475628277,0.008385702670684109,630554.2475628278,6.330623052131483e-05,0.0
0.652477719017558,5.037194959540177e-05,2.917893467203897e-05,0.19043274893325096,2.0228638379785475,10.114319189892738,0.6276443391681485,0.008509837034650462,627644.3391681486,6.359114413032097e-05,1.0
0.6427669109491166,5.076197672995155e-05,2.8793293463088876e-05,0.191438289929207,2.0328614104741005,10.164307052370502,0.6262011472631858,0.009077727121599745,626201.1472631858,6.435441054144955e-05,1.0
0.0,5.0836919166865714e-05,2.8817076597125034e-05,0.1912158490531162,2.035844684639596,10.17922342319798,0.6257711422094876,0.008202840315719991,625771.1422094876,6.43656193626353e-05,0.0
0.6472807970498927,5.049215331520792e-05,2.899350946050646e-05,0.1920227111141387,2.0487191202983337,10.243595601491668,0.6239188228804537,0.007964245108731184,623918.8228804538,6.454212169711084e-05,1.0
0.0,5.109545672672823e-05,2.8937811964136004e-05,0.19201829545854204,2.0531337773035157,10.265668886517577,0.6232849239347973,0.007321514851881386,623284.9239347973,6.463953764881135e-05,0.0
0.0,5.186314034368448e-05,2.9281767412301203e-05,0.19157235154054497,2.0474704012111733,10.237352006055866,0.624098242926687,0.007242946007776983,624098.242926687,6.435573986186912e-05,0.0
0.0,5.207315586447222e-05,2.998968140174803e-05,0.19097695364955303,2.0350749354164615,10.175374677082306,0.625882064535369,0.00783597183447502,625882.0645353689,6.436033733627382e-05,0.0
0.0,5.2518524502854825e-05,2.970576892558488e-05,0.1904257160665343,2.0286797806712014,10.143398903356006,0.626804379063913,0.007655811196981531,626804.3790639129,6.44365322304977e-05,0.0
0.6434708309288845,5.308913401120463e-05,2.9405027373280174e-05,0.19036695942584397,2.0277054463123063,10.13852723156153,0.6269450176352541,0.007678936486942053,626945.0176352541,6.470421500507621e-05,1.0
0.6427518388259865,5.3592400989182794e-05,2.9153600006155996e-05,0.19084029763183555,2.0289015214395563,10.14450760719778,0.6267723766917283,0.008452971955399369,626772.3766917282,6.474924122852031e-05,1.0
0.6478284353296941,5.382760255795545e-05,2.9652387754037825e-05,0.18938377679748955,2.0069715350298973,10.034857675149487,0.6299453093865662,0.008712862981545336,629945.3093865663,6.40235511549357e-05,1.0
0.0,5.405022403033378e-05,2.9972046594065974e-05,0.18903723101221814,2.0046365009800597,10.023182504900298,0.6302840977695697,0.008358559794006029,630284.0977695697,6.392547084587768e-05,0.0
0.0,5.422904983640036e-05,2.993194731684656e-05,0.18910738516510678,2.004829588655953,10.024147943279765,0.6302560759108302,0.00847084624104377,630256.0759108302,6.376639783387641e-05,0.0
0.6456118996490475,5.359580000239883e-05,2.9944276269829892e-05,0.1893058372386356,2.010208371331632,10.051041856658161,0.6294759803332506,0.00808765481052175,629475.9803332506,6.430793319237372e-05,1.0
0.6409551447567005,5.3874245580780646e-05,2.9700427656574277e-05,0.1905920950827488,2.026272212730063,10.131361063650315,0.6271519525551817,0.008336142720679314,627151.9525551817,6.496915686629241e-05,1.0
0.0,5.311885368360176e-05,2.9973427250765748e-05,0.19083366345230246,2.0276033038299146,10.138016519149572,0.6269597630386972,0.008627089943302108,626959.7630386972,6.492873019277071e-05,0.0
0.6455671616137031,5.26591768823672e-05,2.985998815851787e-05,0.18980844433968563,2.017955608990839,10.089778044954194,0.6283540796148156,0.00797096829418684,628354.0796148157,6.436482238282199e-05,1.0
0.6396903528997393,5.32577758786239e-05,2.9784765433511013e-05,0.18852844242378278,1.9994157029750075,9.997078514875037,0.6310422387894304,0.00809912363699599,631042.2387894305,6.432525799572632e-05,1.0
0.6412641248140468,5.3612730442398516e-05,2.997170705629957e-05,0.18901763419078535,2.006297498496631,10.031487492483155,0.6300430861536874,0.008078354535258112,630043.0861536874,6.449151081600319e-05,1.0
0.6436111517229673,5.428417497839348e-05,2.991587443374861e-05,0.18853282981334873,1.9974806749319243,9.987403374659621,0.6313234665164416,0.008389126143139004,631323.4665164415,6.418535852175475e-05,1.0
0.6359467945442892,5.4062654286981966e-05,2.9847067147024283e-05,0.1893898519683267,2.0061994312048994,10.030997156024496,0.6300573132091324,0.00883701714578579,630057.3132091324,6.482325641152568e-05,1.0
0.6375850732121737,5.3405276780603944e-05,2.985329836574252e-05,0.19052391103562416,2.0200496441024267,10.100248220512134,0.6280511795336841,0.009099001604932377,628051.179533684,6.496316167732238e-05,1.0
0.0,5.3216952646456695e-05,3.0094839022565593e-05,0.18930956122613357,2.004207903560587,10.021039517802933,0.6303463024438767,0.008965424896143853,630346.3024438766,6.442220168188228e-05,0.0
0.6436793413986789,5.320362924214785e-05,3.058689016475943e-05,0.18994885055501973,2.0096626710769647,10.048313355384822,0.6295550802986135,0.009452781408652976,629555.0802986135,6.444300310342165e-05,1.0
0.6515980110312704,5.317905101547489e-05,3.0750798231138064e-05,0.1906575938242155,2.022395641758819,10.111978208794094,0.6277120067438938,0.009027194392324791,627712.0067438938,6.432232789244551e-05,1.0
0.0,5.368231023454375e-05,3.097677653360258e-05,0.19104047198174548,2.032138122176445,10.160690610882225,0.6263054455443026,0.008386389507793546,626305.4455443026,6.462536177554444e-05,0.0
0.0,5.342802881735115e-05,3.089728478430019e-05,0.18869594037672158,2.0105315653638116,10.052657826819058,0.6294291376219141,0.006821018375357275,629429.1376219142,6.38200562574024e-05,0.0
0.0,5.353548547690559e-05,3.0666999729663576e-05,0.18807568764672034,2.0017844136085983,10.008922068042992,0.6306981522385409,0.006849527531981552,630698.1522385408,6.339902560136259e-05,0.0
0.0,5.2970462192650176e-05,3.084985560474084e-05,0.18696827310391403,1.9889469202789223,9.944734601394611,0.6325652175537672,0.006501763761595203,632565.2175537671,6.283966931907724e-05,0.0
0.667899141575886,5.313621158781908e-05,3.08842307400262e-05,0.18749977207782334,1.9944027094248142,9.972013547124071,0.6317710615687543,0.006770605724400975,631771.0615687543,6.277762306049127e-05,1.0
0.0,5.3075041631155516e-05,3.043975753060075e-05,0.18734788521227616,1.998647921471173,9.993239607355864,0.6311538094883384,0.005849579912890771,631153.8094883384,6.261372791594808e-05,0.0
0.0,5.2638634129390145e-05,3.0332541492961056e-05,0.18526306683003718,1.9716960442623432,9.858480221311716,0.6350828653791089,0.005608999039183206,635082.8653791088,6.200114464142996e-05,0.0
0.6697738947382134,5.246794676571492e-05,3.0301021556057368e-05,0.18524592598378778,1.969253807163818,9.84626903581909,0.6354401020437562,0.005931954011331784,635440.1020437563,6.187923591552367e-05,1.0
0.0,5.232649995714301e-05,3.0141863764827677e-05,0.185659296694199,1.9778759293239525,9.889379646619762,0.6341798034695326,0.005498396857930658,634179.8034695326,6.209623359626092e-05,0.0
0.6582341941782975,5.21448923933316e-05,3.058354716789376e-05,0.18594694378694318,1.9797981706497148,9.898990853248574,0.6338991697211921,0.0057930572950784754,633899.1697211921,6.283743934508041e-05,1.0
0.6619607138613439,5.298766516659881e-05,3.071582793560655e-05,0.18598596111195018,1.981664876431719,9.908324382158595,0.6336267626277425,0.005598684851642886,633626.7626277425,6.281058893372402e-05,1.0
0.6604284780549171,5.287868886211289e-05,3.111346385226101e-05,0.18578217303967998,1.9783816420358975,9.891908210179487,0.6341059609203601,0.00567030699972003,634105.96092036,6.288461302004077e-05,1.0
0.656813990750602,5.2699167029781965e-05,3.117022215371144e-05,0.18523188549575292,1.9682245997844328,9.841122998922163,0.6355907088714282,0.006054479862934057,635590.7088714282,6.281781040417206e-05,1.0
0.6547397673391951,5.159645821038126e-05,3.117123406156473e-05,0.1855435608701599,1.968689549549839,9.843447747749195,0.6355226670369132,0.006609788777233032,635522.6670369132,6.277833325280673e-05,1.0
0.6516566828591362,5.111742537018389e-05,3.086683003505036e-05,0.18568450833906064,1.9698366930711935,9.849183465355967,0.6353548225292274,0.006723839207348675,635354.8225292274,6.285792969002288e-05,1.0
0.0,5.096354015055204e-05,3.085307229430833e-05,0.18600755680437553,1.9765925044130992,9.882962522065496,0.6343672436670112,0.00638235727576233,634367.2436670113,6.30007941833844e-05,0.0
0.0,5.0601343009452675e-05,3.0839927026124796e-05,0.1864716335134816,1.9840256535677918,9.920128267838958,0.6332824236720941,0.006225690699057258,633282.4236720941,6.321567079950401e-05,0.0
0.6539402566563738,5.128016994595252e-05,3.041299432039203e-05,0.18675449836548147,1.985203754688068,9.92601877344034,0.6331106578356567,0.006619654566619592,633110.6578356567,6.303686770150029e-05,1.0
0.0,5.1172097659335355e-05,3.0242876193053072e-05,0.18735157190904722,1.996448763240155,9.982243816200775,0.6314734908654515,0.006176634683545897,631473.4908654515,6.314159404574255e-05,0.0
0.6578017562494762,5.1792877830807774e-05,3.01410338896371e-05,0.1870777649606509,1.9927705412939944,9.963852706469972,0.6320085387702531,0.006164068691554877,632008.5387702531,6.303010767377868e-05,1.0
0.6689680539915529,5.17878725912168e-05,3.0262257075061074e-05,0.18597774920720248,1.978474884769317,9.892374423846585,0.6340923468541381,0.006047845268543042,634092.3468541381,6.205692828467788e-05,1.0
0.6617829134951195,5.1770729057603256e-05,3.0395416967155566e-05,0.18637089230643233,1.9836759237681125,9.918379618840563,0.633333422858648,0.006075207471512699,633333.422858648,6.262387497326847e-05,1.0
0.0,5.169091625259494e-05,3.0213113083222894e-05,0.18627375375035465,1.985266200836643,9.926331004183215,0.6331015545567484,0.005649062057457756,633101.5545567485,6.329124976780015e-05,0.0
0.6514788499437436,5.1658996053353776e-05,3.0349511702321002e-05,0.18623772907909394,1.9905301919767089,9.952650959883544,0.6323346504820146,0.004810108640202545,632334.6504820146,6.344076272934152e-05,1.0
0.6500958015958958,5.248521363381163e-05,3.0287897789470025e-05,0.18551177694748602,1.9780750746543454,9.890375373271727,0.6341507238804063,0.005174277775378316,634150.7238804062,6.329547539085927e-05,1.0
0.0,5.127570399775979e-05,2.9421253826224137e-05,0.18713770393536167,1.996421534047369,9.982107670236845,0.6314774500608917,0.005752857931615074,631477.4500608917,6.404158220620999e-05,0.0
0.0,5.024941704558526e-05,2.928741814011419e-05,0.18725345007720381,2.003598127503058,10.01799063751529,0.6304348131398261,0.004941713294233694,630434.8131398261,6.378097524362822e-05,0.0
0.0,4.99728432891455e-05,2.9625366369354622e-05,0.18718193606827843,2.0006461960430055,10.003230980215028,0.6308634699722553,0.005227342108812129,630863.4699722553,6.39518398995912e-05,0.0
0.0,4.998065036433137e-05,2.9128317314979227e-05,0.1868193579317232,1.991278740662499,9.956393703312495,0.6322256708606121,0.005864386724058475,632225.6708606121,6.355100787677794e-05,0.0
0.630885231201379,5.032608956942675e-05,2.9179558328804305e-05,0.18780541950433385,2.0022246999535716,10.011123499767857,0.6306342155042908,0.006245054512958467,630634.2155042908,6.44764933407955e-05,1.0
0.635056265636376,5.055611137705195e-05,2.9671545526483806e-05,0.18693461332819228,1.9911625081338613,9.955812540669307,0.6322425916769767,0.006111818333361265,632242.5916769768,6.409504315746403e-05,1.0
0.0,5.035286619307063e-05,2.9449930730050985e-05,0.1883921803324693,2.013952906219105,10.069764531095524,0.6289334731168801,0.0057178337818186604,628933.47311688,6.489093816746426e-05,0.0
0.0,5.0855330715830094e-05,2.946157683957827e-05,0.18799068411316097,2.0075417986957294,10.037708993478647,0.6298625979195354,0.005843966145857282,629862.5979195354,6.46262942900321e-05,0.0
0.6232199431300518,5.135332180308986e-05,2.908114042561833e-05,0.18932846262567646,2.0245960148678708,10.122980074339354,0.6273940541010107,0.006050979352363576,627394.0541010107,6.566290253478199e-05,1.0
0.6285385082574335,5.1418284282663844e-05,2.9587686959605035e-05,0.18922307918465384,2.022259356719786,10.111296783598931,0.6277317051515866,0.006177863520894254,627731.7051515866,6.538982097270649e-05,1.0
0.6250135168745246,5.187124738325399e-05,2.957093343231395e-05,0.19032454191300793,2.0376216366735935,10.188108183367968,0.6255151551094017,0.006164238935417586,625515.1551094017,6.606673786665566e-05,1.0
0.0,5.1970145067304976e-05,2.9593502816505876e-05,0.1895082893719957,2.029520518871857,10.147602594359283,0.6266830495506565,0.005699628294647856,626683.0495506565,6.598968934735151e-05,0.0
0.0,5.165000065256743e-05,3.0007922899827445e-05,0.18962795633750315,2.0291184722798863,10.145592361399432,0.626741067199403,0.005996979874409324,626741.0671994031,6.60358976435404e-05,0.0
0.624727323228048,5.196590905901609e-05,3.020620796022454e-05,0.190323892686363,2.036583596135994,10.18291798067997,0.6256646821514019,0.0063124675241278995,625664.6821514019,6.622506924352565e-05,1.0
0.6276777506191398,5.1981897439125105e-05,2.9939395181271027e-05,0.19083489148598268,2.0424726955802326,10.212363477901162,0.6248168462644108,0.006486629236376177,624816.8462644108,6.610598338752003e-05,1.0
0.6398791145098487,5.1942929413719846e-05,2.974642390041941e-05,0.19162764417525607,2.052630860005207,10.263154300026033,0.6233571051236722,0.006612393474184282,623357.1051236722,6.552323728505389e-05,1.0
0.636903348229264,5.264054761154024e-05,2.9899974813768012e-05,0.19165565704241305,2.046703521657087,10.233517608285434,0.6242084562637475,0.007519770348573649,624208.4562637475,6.56532221431909e-05,1.0
0.0,5.136230059503939e-05,2.971473900097377e-05,0.19151818517680505,2.046617534952443,10.233087674762215,0.6242208151957054,0.007257185549315479,624220.8151957054,6.545470806043625e-05,0.0
0.6272285181971977,5.062621249805882e-05,2.908527122731814e-05,0.19269503253350526,2.058169070013375,10.290845350066874,0.622562694320047,0.007952759387057497,622562.6943200469,6.604859108633164e-05,1.0
0.0,5.002015303491046e-05,2.9087593563180053e-05,0.19194256274056842,2.0499531335959182,10.24976566797959,0.6237415664835686,0.007626691964705429,623741.5664835686,6.589681471954998e-05,0.0
0.617940973255513,4.983811965042785e-05,2.8661777893579008e-05,0.19258275215491044,2.054679481535184,10.273397407675919,0.6230631291020686,0.008228633411889534,623063.1291020686,6.632209072474462e-05,1.0
0.6164062592786113,4.971405317253628e-05,2.9173426861776547e-05,0.1926730625537273,2.0513942895067028,10.256971447533513,0.6235346194112374,0.008880744518692014,623534.6194112374,6.642142660633813e-05,1.0
0.0,4.8966109285199026e-05,2.9242994615869963e-05,0.19268498561170042,2.052425144782395,10.262125723911973,0.6233866328032164,0.008756604026617232,623386.6328032163,6.564505804671325e-05,0.0
0.622517007612137,4.8494208083339635e-05,2.898658220652949e-05,0.19309809062414482,2.052222144050891,10.261110720254456,0.6234157722248257,0.009611953473115305,623415.7722248257,6.577776312475701e-05,1.0
0.6230603662674252,4.809390308241106e-05,2.8797260838000164e-05,0.1925778302875338,2.0432948696620237,10.216474348310118,0.6246985717719584,0.009854232347026044,624698.5717719584,6.540203442888128e-05,1.0
0.0,4.9360737066800784e-05,2.8254496344877983e-05,0.19211010032494885,2.0398220403475587,10.199110201737794,0.6251983108296175,0.00941851147951524,625198.3108296175,6.56183237984535e-05,0.0
0.0,5.027439329933834e-05,2.7959567851946272e-05,0.19206936605129635,2.0404749220613745,10.202374610306872,0.6251043308501376,0.00924306295273033,625104.3308501376,6.575955263404464e-05,0.0
0.0,5.006303072450925e-05,2.8305273455669557e-05,0.19222791202604667,2.038638183633026,10.19319091816513,0.6253687587946357,0.00982458284672905,625368.7587946358,6.583957129307539e-05,0.0
0.6213233441703117,4.987997846486567e-05,2.9008703830203884e-05,0.19353528528998526,2.0535927794583078,10.267963897291539,0.6232190529607623,0.010289623540732793,623219.0529607623,6.607429101594998e-05,1.0
0.0,4.930777689697421e-05,2.9246448707559492e-05,0.19391495038559592,2.0626204794373053,10.313102397186526,0.6219249100980366,0.009754810869228492,621924.9100980366,6.597151222720273e-05,0.0
0.6269623379193218,4.8367556152422095e-05,2.9233906971821993e-05,0.1940005219752022,2.064267874833494,10.32133937416747,0.6216890420453443,0.009690085995748674,621689.0420453442,6.583471101959088e-05,1.0
0.6359125552338502,4.834176493616939e-05,2.911964101968938e-05,0.1934156284854017,2.0553510555096293,10.276755277548146,0.6229667887964185,0.009798045767221956,622966.7887964186,6.502726257505992e-05,1.0
0.0,4.7876003645823986e-05,2.8850299455222683e-05,0.19261962409083558,2.046003803480457,10.230019017402284,0.6243090343756685,0.009548282557339713,624309.0343756685,6.458360843022023e-05,0.0
0.0,4.78760583070765e-05,2.9491223235920153e-05,0.19456323450556906,2.064821837763652,10.324109188818259,0.6216097477567422,0.010736216767880278,621609.7477567422,6.45861412905741e-05,0.0
0.652631432655961,4.711843421641323e-05,2.9444774160642436e-05,0.1937977081154442,2.053426546647657,10.267132733238284,0.6232429080733369,0.010838324304225336,623242.9080733369,6.385062486461722e-05,1.0
0.6536642548387681,4.6795078302929836e-05,3.009056762644834e-05,0.19377889921033684,2.053496611896209,10.267483059481044,0.6232328533020156,0.010790651722689304,623232.8533020156,6.387702092603037e-05,1.0
0.0,4.6933490284522656e-05,3.050681212680239e-05,0.1942508711793789,2.0560361668017717,10.280180834008858,0.6228685218516068,0.011370264210364564,622868.5218516068,6.408993236794812e-05,0.0
0.6517221964548995,4.717792527772417e-05,2.997443695486246e-05,0.19384209819912035,2.051802206950903,10.259011034754515,0.6234760557604971,0.011160252158737855,623476.0557604971,6.396076476366577e-05,1.0
0.0,4.7443102751540694e-05,2.9775162497037424e-05,0.19328758838896015,2.0407441251661114,10.203720625830556,0.6250655841429514,0.011640760920871759,625065.5841429514,6.352136137804659e-05,0.0
0.0,4.683399620443136e-05,2.957894570984453e-05,0.1922301459110909,2.032080276272724,10.16040138136362,0.626313787682481,0.010774079504662831,626313.787682481,6.301048754206235e-05,0.0
0.6610935841196751,4.732465914541052e-05,2.9563412886415915e-05,0.1916683490280788,2.0259736207242294,10.129868103621146,0.6271950728352892,0.01053177089144679,627195.0728352892,6.275849364293568e-05,1.0
0.0,4.697806011420138e-05,2.955405035275347e-05,0.19137499215183817,2.018359219618767,10.091796098093834,0.6282956863791301,0.011045670682806479,628295.6863791301,6.23192836404342e-05,0.0
0.0,4.7354927869221006e-05,3.0461841074317843e-05,0.1926895472771905,2.031269239158201,10.156346195791004,0.6264307615750642,0.011809856129445184,626430.7615750642,6.262597884328436e-05,0.0
0.6758199851313826,4.740250997352749e-05,3.012943589048906e-05,0.19242643574290916,2.0305525944403104,10.152762972201552,0.626534139664535,0.011387011150353284,626534.139664535,6.215471823582684e-05,1.0
0.6706758188088995,4.6766266024517965e-05,3.0195538153378595e-05,0.19176791898879206,2.024703531540028,10.123517657700141,0.6273785221316528,0.010914360109236895,627378.5221316528,6.223106886928512e-05,1.0
0.6738632912240929,4.667284185173701e-05,3.0376579713051365e-05,0.1919422030968146,2.0252790413479,10.126395206739499,0.6272953899286082,0.011179796122237387,627295.3899286082,6.208307766624351e-05,1.0
0.0,4.6922066885734157e-05,3.036857651744958e-05,0.1922202148948925,2.0314530195738913,10.157265097869455,0.6264042534625488,0.010844683252333783,626404.2534625488,6.236128215932708e-05,0.0
0.668443779123654,4.729010823825677e-05,3.0394259160434995e-05,0.19185058845356603,2.0273777621218376,10.136888810609188,0.6269923237212773,0.010693500628409411,626992.3237212773,6.25340681883155e-05,1.0
0.6651243201674752,4.727381212476943e-05,3.0072931308934318e-05,0.19267372983068143,2.03585001983116,10.1792500991558,0.6257703734668469,0.011117833128209801,625770.373466847,6.284724341292247e-05,1.0
0.0,4.809422532757457e-05,3.0103418541136437e-05,0.19155758176926452,2.022421551690971,10.112107758454856,0.6277082618363096,0.010823425374838599,627708.2618363096,6.275224988795431e-05,0.0
0.6771897115691542,4.863609620651636e-05,3.025476986916602e-05,0.1918710020520587,2.033686156978316,10.16843078489158,0.6260822398874566,0.009824243991573984,626082.2398874566,6.241003901936811e-05,1.0
0.6804181369793298,4.853504722418615e-05,3.0347954647064036e-05,0.19149246856698726,2.0329229104410276,10.164614552205137,0.626192279759965,0.009177216893939563,626192.279759965,6.225174315492652e-05,1.0
0.6755172393426152,4.89394071857709e-05,3.0512055825296383e-05,0.19142109070383287,2.0317843287146897,10.158921643573448,0.6263564689412552,0.009198650348920912,626356.4689412552,6.256562820392678e-05,1.0
0.6770796797361396,4.9927515784649574e-05,3.092559707898132e-05,0.1904171861372423,2.0242184988957472,10.121092494478736,0.6274485934932215,0.008282965767706051,627448.5934932214,6.25338309202269e-05,1.0
0.0,5.0909207769348096e-05,3.1188175099975996e-05,0.18943675001206386,2.0114556276126985,10.057278138063491,0.6292952262195756,0.00816872624370327,629295.2262195756,6.277073074885945e-05,0.0
0.0,5.027702367354988e-05,3.1185799982025706e-05,0.18788054646179714,1.9945597957022905,9.972798978511452,0.6317482105371129,0.007509303460707209,631748.2105371129,6.284996229391852e-05,0.0
0.6564420468599544,4.980821664450031e-05,3.081055647682021e-05,0.18776809004640654,1.987040833098747,9.935204165493735,0.6328429068021127,0.008379086894925863,632842.9068021127,6.27321465211379e-05,1.0
0.6582810066773974,5.055451170497723e-05,3.061434376487047e-05,0.18877232419194637,1.9931767486427956,9.965883743213977,0.6319494280705175,0.009494076454410182,631949.4280705175,6.278882831020028e-05,1.0
0.0,5.0014280945458865e-05,3.0536167543997834e-05,0.18782262358930019,1.983700429446893,9.918502147234465,0.6333298491955506,0.008975096374150945,633329.8491955505,6.224520052450001e-05,0.0
0.0,4.935272475990385e-05,3.060114794252031e-05,0.18678985293324837,1.968541939000712,9.84270969500356,0.6355442679201901,0.009123973786686885,635544.2679201901,6.171044189791837e-05,0.0
0.0,4.912257319935625e-05,3.0445625155220086e-05,0.18593878359688998,1.9600804471123199,9.800402235561599,0.6367837252511748,0.00866129244495472,636783.7252511748,6.136649265970373e-05,0.0
0.6683888371911478,4.935023509010641e-05,3.015599269236038e-05,0.1856511645544025,1.9570305049950303,9.785152524975151,0.6372310796862234,0.00853340879502837,637231.0796862234,6.110497971941907e-05,1.0
0.0,4.9312032034998736e-05,2.979641323177707e-05,0.18592621580332025,1.9544348826685063,9.772174413342531,0.6376120436764652,0.009464475283105706,637612.0436764652,6.076100349504279e-05,0.0
0.6668527609440488,4.900050958409597e-05,2.930513163942487e-05,0.18578717696069022,1.9540572559327085,9.770286279663543,0.6376674875821999,0.009241841503580348,637667.4875822,6.0874033174337857e-05,1.0
0.0,4.868339316155179e-05,2.9248543795504003e-05,0.1865477178346593,1.9653021742745733,9.826510871372866,0.6360185502730716,0.009113985942390185,636018.5502730716,6.166369600080675e-05,0.0
0.0,4.83535567661144e-05,2.8822673286972832e-05,0.18728505410111568,1.9784886751699968,9.892443375849984,0.6340903333876972,0.008660441589928533,634090.3333876971,6.226271272078256e-05,0.0
0.6495727918277645,4.794673081646264e-05,2.8546062115986156e-05,0.18907691795939052,1.99897352672049,9.99486763360245,0.6311064915281813,0.009260327446962393,631106.4915281814,6.266209807523313e-05,1.0
0.0,4.912861263877142e-05,2.8456970311813143e-05,0.1870871453328059,1.9827449830190944,9.913724915095472,0.6334691968811493,0.007643487546761132,633469.1968811493,6.254683793883405e-05,0.0
0.0,4.929479592158877e-05,2.808705571275945e-05,0.18640040945141137,1.974531244155349,9.872656220776745,0.6346684002322374,0.0074692191350600986,634668.4002322374,6.242592546002495e-05,0.0
0.0,4.9752279530359364e-05,2.823924025505387e-05,0.18696136844012343,1.9820254708428398,9.910127354214199,0.6335741548250443,0.007496891705291167,633574.1548250443,6.257981693480833e-05,0.0
0.0,4.951269520569271e-05,2.84965223690345e-05,0.18651602202062104,1.977844649270733,9.889223246353664,0.6341843711650178,0.007216415206259886,634184.3711650178,6.24237759745367e-05,0.0
0.0,4.9429462962985836e-05,2.836176381572119e-05,0.18741989627947409,1.9868956209838105,9.934478104919052,0.6328640670970521,0.007703859656000272,632864.0670970521,6.257051503111179e-05,0.0
0.6451544971805747,4.908409671304094e-05,2.8263420347123767e-05,0.18791332011826464,1.9892288428652822,9.946144214326411,0.6325241558683362,0.008350796104865504,632524.1558683362,6.280620292483943e-05,1.0
0.6429135011449034,4.777656061132052e-05,2.8459380871223015e-05,0.1887403528103855,2.0052363081083446,10.026181540541723,0.6301970548055574,0.007677760426328437,630197.0548055575,6.322678094353477e-05,1.0
0.0,4.7132024760670174e-05,2.827599472462815e-05,0.1900349926862433,2.0155587430855046,10.077793715427523,0.6287009631722007,0.00877094854468727,628700.9631722007,6.324439751387415e-05,0.0
0.6460211661144533,4.6284074925466574e-05,2.8075654656656397e-05,0.1904360455801839,2.0258577344893847,10.129288672446922,0.627211809001249,0.008083900161616767,627211.8090012489,6.325170808750631e-05,1.0
0.6428504882734639,4.523350153798144e-05,2.8473091106979156e-05,0.190442427303487,2.0212218637126598,10.106109318563298,0.6278816828922483,0.008766537499222352,627881.6828922484,6.321547721796726e-05,1.0
0.0,4.473115202007276e-05,2.876888560645341e-05,0.19039106897301433,2.019822817978724,10.099114089893618,0.6280839826524771,0.008866120598505752,628083.9826524771,6.329539782682083e-05,0.0
0.0,4.5499006819362125e-05,2.8973972895027515e-05,0.19002698400069246,2.0163738270434757,10.081869135217378,0.6285829796365938,0.00863694763797873,628582.9796365938,6.309923671259754e-05,0.0
0.6531133520527669,4.556680859912271e-05,2.9272186823545194e-05,0.1888228106918984,2.000987429066107,10.004937145330535,0.6308139038365844,0.008459525220381237,630813.9038365844,6.236117725560923e-05,1.0
0.0,4.630075430830084e-05,2.869355946946408e-05,0.18989547315389937,2.0156853730397404,10.0784268651987,0.6286826320128447,0.008473578320643455,628682.6320128447,6.309718555949648e-05,0.0
0.0,4.658023051058526e-05,2.912583894411273e-05,0.19047922072946324,2.0228255386673775,10.114127693336886,0.627649874226236,0.008608315685162477,627649.874226236,6.357317005837547e-05,0.0
0.6561814462243861,4.7039905313231134e-05,2.9260940800205597e-05,0.18998066453228954,2.0189187566532207,10.094593783266102,0.6282147431311944,0.008176072195773465,628214.7431311944,6.285923692589568e-05,1.0
0.649376602079938,4.6648658709314224e-05,2.9578956399403206e-05,0.19085527582843717,2.0315863065947557,10.157931532973778,0.6263850291161445,0.0080955807730188,626385.0291161445,6.357007519123681e-05,1.0
0.6523048747367043,4.6977661012224274e-05,2.970352580515005e-05,0.1901811040165521,2.024650903995389,10.123254519976944,0.6273861247129904,0.007748332746094626,627386.1247129904,6.331838903652539e-05,1.0
0.6531346571131174,4.740246490901696e-05,2.9724132736451098e-05,0.18853358696056483,2.0057765412309285,10.028882706154642,0.6301186674065061,0.007185841327635797,630118.6674065061,6.28894837626892e-05,1.0
0.0,4.716609196471978e-05,2.964705731801346e-05,0.18907898914625892,2.015734707935246,10.07867353967623,0.6286754903573363,0.006833468649854133,628675.4903573362,6.34650034436746e-05,0.0
0.640429740806154,4.7502540310733465e-05,2.9764259484719053e-05,0.18787354370136908,2.002634411445381,10.013172057226905,0.6305747245577712,0.00632181196050933,630574.7245577712,6.361182495251083e-05,1.0
0.6365560691283259,4.7835583383806214e-05,2.9675449922353307e-05,0.18765929974143408,2.0006239685602334,10.003119842801167,0.6308666987820557,0.006185298264923885,630866.6987820558,6.383150417256827e-05,1.0
0.6361267753316056,4.760409540556505e-05,2.9942303753925776e-05,0.18795433366481176,2.0026727195968665,10.013363597984332,0.6305691624227361,0.006477829752359615,630569.1624227361,6.391871399899802e-05,1.0
0.6405188298259648,4.709062928131825e-05,2.94675206854816e-05,0.18829556771181802,2.0064739186523166,10.032369593261583,0.6300174929107654,0.006608628334401403,630017.4929107653,6.356401384931184e-05,1.0
0.0,4.655675252974275e-05,2.9315697513233685e-05,0.18942846812663355,2.0148284508413083,10.07414225420654,0.6288066919027766,0.007663628156043701,628806.6919027766,6.313696428918112e-05,0.0
0.6477839951364359,4.6668870250108623e-05,2.9942830537512003e-05,0.1892979974948866,2.020340396087157,10.101701980435784,0.6280091340962897,0.006605129086062868,628009.1340962896,6.352288554167174e-05,1.0
0.6409358118963249,4.689899777950111e-05,2.9756149787690045e-05,0.1898172370952053,2.025432513431034,10.12716256715517,0.6272732227970381,0.006907696987448705,627273.2227970382,6.403251006620215e-05,1.0
0.6444368069390028,4.656475490868213e-05,2.96894216750172e-05,0.18924138127627954,2.0170163453418484,10.085081726709241,0.6284899906144028,0.006972753166961907,628489.9906144028,6.354977846111256e-05,1.0
0.0,4.664675248117154e-05,2.9430858961511833e-05,0.18966379723289506,2.019618454007688,10.098092270038439,0.6281135388090185,0.007441133274808652,628113.5388090186,6.351140979178561e-05,0.0
0.0,4.699908594961735e-05,2.9542995484147344e-05,0.18874941213218085,2.004170585227033,10.020852926135165,0.630351718947106,0.007850543211467683,630351.7189471059,6.293761433692173e-05,0.0
0.6529851837518466,4.7368199587957657e-05,2.933125610742174e-05,0.18985526402419195,2.0197085505070205,10.098542752535103,0.6281005084237868,0.007811036472170741,628100.5084237868,6.31342264527498e-05,1.0
0.6493484743432985,4.8196775656259746e-05,2.928894770483119e-05,0.1888758467822382,2.0052887312586978,10.02644365629349,0.6301894478206793,0.007941141385155705,630189.4478206793,6.308338907290784e-05,1.0
0.0,4.887133055923357e-05,2.9557828711545088e-05,0.18845128394301122,2.0017185582459605,10.008592791229802,0.6307077160649709,0.007610283950993348,630707.7160649709,6.304062327158668e-05,0.0
0.6507915788980538,4.839325823167063e-05,2.9357043111669742e-05,0.18766696913965664,1.9884954446907734,9.942477223453867,0.6326309799823374,0.007964918261650708,632630.9799823374,6.262133875297956e-05,1.0
0.6412724832024105,4.9267186171806224e-05,2.9606485585215915e-05,0.18670212817521098,1.9814238729383016,9.907119364691507,0.6336619255199344,0.007066181870356343,633661.9255199344,6.322362641260667e-05,1.0
0.6490501680979479,4.901635419609224e-05,2.9861024668179704e-05,0.18696257094604202,1.981929679633856,9.90964839816928,0.6335881295601898,0.007513271452273875,633588.1295601898,6.277218471851028e-05,1.0
0.0,4.955846351839761e-05,3.0180291003231897e-05,0.1866221035113761,1.977003505056019,9.885017525280094,0.6343072122783582,0.007551419301110343,634307.2122783582,6.278892482395981e-05,0.0
0.655300898042653,4.9601287561055204e-05,3.021884748164267e-05,0.18739283360358253,1.9889058975363547,9.944529487681773,0.6325711926890075,0.007356859896172591,632571.1926890075,6.274451440646536e-05,1.0
0.6593530814013155,4.940318712060562e-05,3.118684825510285e-05,0.18754248501988754,1.9913967897452556,9.956983948726277,0.6322084860587507,0.007293456098525776,632208.4860587507,6.273911831072848e-05,1.0
0.6577257345494738,4.851127494830604e-05,3.147947139896342e-05,0.18720517664155578,1.9869397566580647,9.934698783290322,0.6328576355761495,0.007267988859261071,632857.6355761494,6.265320002754556e-05,1.0
0.653270249435069,4.845526719423175e-05,3.15473452583062e-05,0.18747851613803965,1.9858651422251627,9.929325711125813,0.6330142486862368,0.007971280962316099,633014.2486862368,6.286011926039166e-05,1.0
0.0,4.770647023269431e-05,3.1253621028915556e-05,0.1892153726686823,1.9983448439512188,9.991724219756094,0.6311978568373294,0.009628602174694034,631197.8568373295,6.306948742089952e-05,0.0
0.0,4.8235990445961806e-05,3.1199430870575e-05,0.19018623473931798,2.007466655905039,10.037333279525194,0.6298734960646394,0.010245965543275344,629873.4960646394,6.316523096396358e-05,0.0
0.6590462241148639,4.9029666965612196e-05,3.160334034623351e-05,0.1892047012634619,1.995929613846784,9.97964806923392,0.6315489808125412,0.009958383339464959,631548.9808125412,6.27735080918364e-05,1.0
0.665306184207587,4.865061813165161e-05,3.208413392399672e-05,0.18887320297878546,1.9892045044284523,9.946022522142261,0.6325277006272474,0.0102741065848183,632527.7006272473,6.226388919557441e-05,1.0
0.0,4.882859114027821e-05,3.248594997564886e-05,0.18940006433754036,1.9941683125267269,9.970841562633634,0.6318051603610699,0.010605289036150675,631805.16036107,6.256700180696153e-05,0.0
0.0,4.8489323556468655e-05,3.267178866815476e-05,0.1894281297934993,1.9978186121364627,9.989093060682313,0.6312743433072054,0.010130602894204052,631274.3433072055,6.272840372856363e-05,0.0
0.6590309009589473,4.820529472027089e-05,3.2241654832902995e-05,0.18835048065212,1.9873584244797458,9.936792122398728,0.6327966298834696,0.00949759118770963,632796.6298834697,6.258179087003719e-05,1.0
0.6610772705513074,4.862843617779816e-05,3.234297028159264e-05,0.18890336565564653,1.9951025218832168,9.975512609416084,0.631669267588204,0.009475998899497044,631669.267588204,6.273657379920317e-05,1.0
0.6607382685705686,4.863659832332049e-05,3.1923690162544884e-05,0.18846912955417763,1.9862917300436884,9.931458650218442,0.6329520736145026,0.00989033272285782,632952.0736145026,6.244126040020546e-05,1.0
0.0,4.9533690377819584e-05,3.143897500127976e-05,0.1890358831776091,1.9996041631813783,9.99802081590689,0.6310148555793818,0.009086621934599949,631014.8555793817,6.31110719871347e-05,0.0
0.0,4.9301900330911733e-05,3.148194310662733e-05,0.18924976822007647,2.0049065714802468,10.024532857401233,0.6302449041219278,0.008744440562080747,630244.9041219278,6.352774877750151e-05,0.0
0.0,4.9815530490530745e-05,3.160926407867571e-05,0.18857595629479157,1.9934891955441847,9.967445977720923,0.6319039650157512,0.009055877605334335,631903.9650157512,6.363865286514537e-05,0.0
0.6458567326599796,4.986792658719902e-05,3.184809192664644e-05,0.18822017193343146,1.9883286446186668,9.941643223093333,0.632655277993,0.009095621859862938,632655.277993,6.358538893792537e-05,1.0
0.6407445692333918,5.0268457060327154e-05,3.1960270960229344e-05,0.18820203048081016,1.9830974655810072,9.915487327905035,0.6334177852713448,0.009821846232965177,633417.7852713448,6.382286523393134e-05,1.0
0.0,5.0039509090455637e-05,3.208054133674758e-05,0.18799218095048897,1.9850342834824102,9.92517141741205,0.6331353636802898,0.009119725581267701,633135.3636802898,6.370155231766217e-05,0.0
0.6433687834328208,5.001393948987073e-05,3.174353473451492e-05,0.18846213358271185,1.9832938288326372,9.916469144163186,0.6333891463709433,0.010313413536367074,633389.1463709434,6.35562715109634e-05,1.0
0.0,4.995591126042385e-05,3.167717103441922e-05,0.1872625179222271,1.9721730631221666,9.860865315610832,0.6350131131994008,0.009538149043854943,635013.1131994008,6.359730407850327e-05,0.0
0.6333693967187327,4.953876447779248e-05,3.119149257804049e-05,0.1857797003582371,1.9587870103974976,9.793935051987487,0.6369734034870895,0.008532804203563714,636973.4034870896,6.346981967185564e-05,1.0
0.6341651825521433,4.98790299555275e-05,3.056665198765962e-05,0.18624237640595587,1.9651015035335264,9.825507517667631,0.6360479389178321,0.008532691729743786,636047.9389178321,6.349054398994352e-05,1.0
0.0,5.020657385920613e-05,3.077751176085935e-05,0.18623404341327507,1.9686618421084974,9.843309210542486,0.6355267216044758,0.007994808431025907,635526.7216044758,6.321841485547978e-05,0.0
0.0,5.0499219729474794e-05,3.053602420750488e-05,0.1863674608321157,1.9703439808383778,9.851719904191889,0.6352806127661516,0.00801553443038295,635280.6127661515,6.31592416855737e-05,0.0
0.6499467911623062,5.125771816184412e-05,3.0787053273997696e-05,0.18661017413940834,1.973644419811215,9.868222099056075,0.6347980120234813,0.008018360302297956,634798.0120234813,6.299827928421924e-05,1.0
0.6448371354091338,5.195723619922539e-05,3.1103816481881756e-05,0.18616697068031354,1.9679823399397405,9.839911699698701,0.6356261646295712,0.007960105990198281,635626.1646295713,6.33409349564002e-05,1.0
0.0,5.173061913031632e-05,3.089594495485716e-05,0.1861582196307,1.970462616718697,9.852313083593485,0.6352632590928959,0.007579698354295926,635263.2590928959,6.358812653977191e-05,0.0
0.0,5.188253290692708e-05,3.105511938412661e-05,0.18818471883596194,1.9964384200341656,9.982192100170828,0.631474994791576,0.007844432463499853,631474.9947915759,6.39612136270065e-05,0.0
0.6503368324612377,5.153308190415943e-05,3.083566997785998e-05,0.18898487605810282,2.0082553228409536,10.041276614204769,0.6297591231406406,0.007728875256846271,629759.1231406407,6.390213384645365e-05,1.0
0.0,5.151409792413352e-05,3.026519291591473e-05,0.18906234827315382,2.0052061318745364,10.026030659372681,0.6302014336407791,0.008326130187086727,630201.4336407791,6.355849507464925e-05,0.0
0.6549501978428338,5.1183941241091417e-05,3.0296881878929175e-05,0.18864647084009176,1.9998682917660333,9.999341458830166,0.6309764797768973,0.00826942145708084,630976.4797768974,6.322883466484107e-05,1.0
0.6578166864217384,5.197029757083761e-05,3.014968207743586e-05,0.18633801592892807,1.9712665319557972,9.856332659778985,0.6351456774586498,0.007821709316505927,635145.6774586499,6.24391380040322e-05,1.0
0.0,5.211274069459234e-05,3.0014661732711003e-05,0.1867602967565787,1.9825281428465282,9.91264071423264,0.6335008263410967,0.0070214198542541155,633500.8263410968,6.303189272946198e-05,0.0
0.0,5.1961471316648286e-05,3.060697143341044e-05,0.18734568133908888,1.9907436335273456,9.953718167636728,0.6323035740632671,0.006994936741444848,632303.5740632671,6.291795114591055e-05,0.0
0.0,5.251905117624351e-05,3.0137074909922432e-05,0.18667578761889575,1.985490481164034,9.92745240582017,0.6330688604831431,0.00642043572093464,633068.8604831431,6.345049630412719e-05,0.0
0.0,5.1383362447820935e-05,3.0249194752335425e-05,0.18535009397062394,1.971463594711982,9.85731797355991,0.6351168581382657,0.005817046079513558,635116.8581382657,6.278056938627677e-05,0.0
0.6566970937137139,5.034864390143187e-05,2.994576868614529e-05,0.18471976596466683,1.9604816483858452,9.802408241929225,0.6367249018831631,0.00616443381249678,636724.9018831631,6.205342681842542e-05,1.0
0.6509790540887871,5.073959035101312e-05,3.021933173520258e-05,0.18469718015278036,1.9657159940429225,9.828579970214612,0.6359579498001044,0.005352310105665149,635957.9498001045,6.26699491952738e-05,1.0
0.0,5.075503276805154e-05,3.030447447135105e-05,0.1850814957931141,1.9655082668254389,9.827541334127194,0.6359883690064901,0.006151360592718302,635988.3690064901,6.303059170790378e-05,0.0
0.646689516785539,5.086515526282089e-05,3.0412188286678213e-05,0.18571632388392978,1.9731140216650027,9.865570108325013,0.6348755438052022,0.006308191573061706,634875.5438052021,6.312817323882064e-05,1.0
0.0,5.01846541059052e-05,3.012047763566397e-05,0.18584475183416987,1.9745161726153844,9.872580863076921,0.6346706027577482,0.006360106426087991,634670.6027577482,6.324162025317362e-05,0.0
0.6407995636855928,5.0169344168361915e-05,2.9888391708964194e-05,0.1863652327648271,1.9846934374842413,9.923467187421206,0.6331850557976367,0.005915521327290938,633185.0557976367,6.358044829186988e-05,1.0
0.6437687598352075,5.116771199019535e-05,3.0168799026988674e-05,0.1868887659932533,1.988695320138479,9.943476600692394,0.63260186506241,0.006379397048916589,632601.86506241,6.368224683975361e-05,1.0
0.6535345942609911,5.155645756028937e-05,3.069666236296717e-05,0.1875437247939376,1.997209367537316,9.98604683768658,0.6313629070532644,0.00645035664113956,631362.9070532643,6.346685688645756e-05,1.0
0.0,5.161018168165499e-05,3.082682146087508e-05,0.18588915710647777,1.9763683460773505,9.881841730386752,0.6343999869739908,0.006178301186946368,634399.9869739908,6.217050874119805e-05,0.0
0.6705302968420898,5.135845109296943e-05,3.0541058815426146e-05,0.1851091231337944,1.9644975234508288,9.822487617254144,0.6361364012439444,0.006354647511533235,636136.4012439444,6.16050943190527e-05,1.0
0.0,5.113399564517534e-05,3.063191919585624e-05,0.1845099667170411,1.961564056282936,9.80782028141468,0.6365662283995007,0.00558616183358288,636566.2283995007,6.206675083861102e-05,0.0
0.6530468233548099,5.004671678767183e-05,3.13475224252404e-05,0.18499167116853318,1.9731284630062795,9.865642315031398,0.6348734326940703,0.004856775031136653,634873.4326940703,6.289193206888187e-05,1.0
0.6555597947727979,5.017460266237897e-05,3.1351298819951265e-05,0.18617372158135168,1.9924711910068316,9.962355955034157,0.63205210332516,0.004399546487863381,632052.10332516,6.326567476967347e-05,1.0
0.0,5.059385216337232e-05,3.1762825101370317e-05,0.18620853578685342,1.9909794093628261,9.95489704681413,0.6322692476182041,0.00468631919191097,632269.2476182041,6.291191306192618e-05,0.0
0.6591755446242442,4.979416545651956e-05,3.15054697895913e-05,0.18582850973992399,1.9850440205366877,9.925220102683438,0.6331339441673217,0.004790963647169685,633133.9441673217,6.282421615063443e-05,1.0
0.6559203264547125,4.946757370123576e-05,3.146273457830856e-05,0.18473651351683795,1.965793454683376,9.828967273416879,0.6359466069733283,0.005419634007004168,635946.6069733283,6.245068405019739e-05,1.0
0.6527439867190387,4.889948991109433e-05,3.161934944858005e-05,0.18523394480589578,1.97511322323044,9.8755661161522,0.6345833567889883,0.005051246400779796,634583.3567889882,6.283777716599995e-05,1.0
0.665077732034364,4.8438824515468067e-05,3.170616095208731e-05,0.18506128837244626,1.9701090530138865,9.850545265069432,0.6353149786481124,0.005437555393004871,635314.9786481124,6.192536537403005e-05,1.0
0.6483817801261309,4.849678883856966e-05,3.144212112901221e-05,0.18727834352102857,2.0002902186471903,10.00145109323595,0.63091518196689,0.005471869008947133,630915.18196689,6.361376858903653e-05,1.0
0.6401191198810262,4.748465198430403e-05,3.117042346929279e-05,0.18654990443629893,1.992890375073901,9.964451875369505,0.6319911001587999,0.005090909031397726,631991.1001587999,6.373638463766026e-05,1.0
0.6433332754928285,4.7842094163796484e-05,3.144350032083773e-05,0.18823372343487568,2.0140853185410297,10.070426592705148,0.6289142978163749,0.00538174468612623,628914.2978163749,6.416861660800032e-05,1.0
0.6496036758741739,4.82621798154874e-05,3.177209555821602e-05,0.18878443966721348,2.0212872860060838,10.106436430030419,0.6278722245288542,0.00544110386328109,627872.2245288541,6.409679283268894e-05,1.0
0.6465332059300966,4.8171384925159194e-05,3.2190296714488274e-05,0.18789772213407502,2.0105788962927487,10.052894481463742,0.6294222779207927,0.005217722188942769,629422.2779207927,6.40939825844287e-05,1.0
0.6430797006254814,4.696760297166374e-05,3.268766992517437e-05,0.18810889838023073,2.0126887562533295,10.063443781266647,0.6291165705282745,0.005334367288735959,629116.5705282745,6.425875726441138e-05,1.0
0.0,4.653004159922927e-05,3.267430235756766e-05,0.1886630362143533,2.0201487863937677,10.100743931968838,0.628036842321286,0.005362914749992544,628036.842321286,6.443407149717113e-05,0.0
0.6417741387235872,4.721589173429604e-05,3.252745653714683e-05,0.18847891948039083,2.0174932887407264,10.087466443703631,0.6284209734599523,0.005378812420733942,628420.9734599523,6.446657740919079e-05,1.0
0.0,4.588257675924583e-05,3.288220468803743e-05,0.18900241110491145,2.025523250071435,10.127616250357173,0.627260117387541,0.005264939597363863,627260.117387541,6.459292565737766e-05,0.0
0.0,4.579116351796415e-05,3.303848137883216e-05,0.18927542621065394,2.0331723566634925,10.165861783317462,0.6261563141146619,0.0047071665359697664,626156.3141146619,6.486561511378246e-05,0.0
0.6344898870249999,4.528533985837124e-05,3.2682975173655236e-05,0.18972887960831183,2.038472294536164,10.192361472680819,0.6253926466965741,0.004850405913197808,625392.6466965742,6.517529629194139e-05,1.0
0.0,4.578191821199623e-05,3.231922497052646e-05,0.1895124278678353,2.0375381149649656,10.187690574824828,0.6255271848724026,0.004552040608073144,625527.1848724026,6.52106670863153e-05,0.0
0.0,4.552872287168458e-05,3.242041953152282e-05,0.18841031073210204,2.025037951772605,10.125189758863025,0.6273302138978856,0.004150835362089648,627330.2138978855,6.493999529175904e-05,0.0
0.6278655547633427,4.5820125424618694e-05,3.231882874244716e-05,0.18831698966779928,2.0237693389824005,10.118846694912003,0.627513489397198,0.004147468732796551,627513.489397198,6.52798570820184e-05,1.0
0.0,4.6186453125710864e-05,3.226452318117601e-05,0.18865186168265327,2.0250545988399113,10.125272994199555,0.6273278092649202,0.004631532630226709,627327.8092649202,6.477914397048146e-05,0.0
0.0,4.7180836983061654e-05,3.254099272696555e-05,0.1873577145291338,2.0057929981527347,10.028964990763672,0.6301162796732,0.004831708731467666,630116.2796732001,6.401518368974484e-05,0.0
0.0,4.713574927156274e-05,3.271788401592175e-05,0.1873909575461293,2.007369491349593,10.036847456747966,0.6298875883604009,0.004669503452659518,629887.588360401,6.402515705074209e-05,0.0
0.0,4.738105647094279e-05,3.3062488310128846e-05,0.1872205283074358,2.0062540888745,10.031270444372499,0.6300493837398008,0.004490440354672398,630049.3837398008,6.374149331864594e-05,0.0
0.6501991825563631,4.6690907601960216e-05,3.242177771201426e-05,0.1864835363063376,1.9931627463891601,9.9658137319458,0.6319514655659981,0.004918538178673334,631951.4655659981,6.32636971731036e-05,1.0
0.6469297300237783,4.7352296231567884e-05,3.244936153294034e-05,0.1857027481168436,1.9899694275544595,9.949847137772297,0.6324163032966891,0.003821799530376247,632416.3032966891,6.354149416683559e-05,1.0
0.6475002876481091,4.7024995882900846e-05,3.260878085900069e-05,0.18575135229544765,1.9870515755350273,9.935257877675136,0.6328413414434731,0.004344046034368463,632841.3414434731,6.3388011404603e-05,1.0
0.6557589874671941,4.6804118883198954e-05,3.2098629484814375e-05,0.18676131047690353,2.006611489359261,10.033057446796304,0.6299975362724088,0.003520157226215924,629997.5362724088,6.329401150157009e-05,1.0
0.0,4.685691260811037e-05,3.1860188202725095e-05,0.18662228477118387,2.008680443033849,10.043402215169246,0.6296974805851624,0.0029420501275301152,629697.4805851624,6.319615833928275e-05,0.0
0.6554631710519039,4.613833218327824e-05,3.157083888997192e-05,0.1873019439055887,2.0188672866863184,10.094336433431591,0.6282221883981705,0.0028260762093479004,628222.1883981704,6.34486804375659e-05,1.0
0.0,4.6329950554077145e-05,3.1545931563490454e-05,0.18780368985431808,2.0173117879076856,10.086558939538428,0.6284472370479902,0.0040546167566263645,628447.2370479902,6.340215986242884e-05,0.0
0.6547092196456891,4.688708467945811e-05,3.2003369122828865e-05,0.18689858032499923,1.9982263869811812,9.991131934905905,0.6312150734515025,0.005012234101500971,631215.0734515025,6.30724487683754e-05,1.0
0.0,4.7095809897617594e-05,3.257007856177176e-05,0.18761587543200667,2.004985277729774,10.024926388648868,0.6302334824333562,0.0054652332973695195,630233.4824333562,6.336140182763995e-05,0.0
0.0,4.635944491757588e-05,3.227439072461434e-05,0.18726518192830602,1.998303704879303,9.991518524396515,0.6312038359639578,0.005734199820569854,631203.8359639578,6.312797927913248e-05,0.0
0.0,4.637035137205953e-05,3.238687008527013e-05,0.18660076302152034,1.9949816294818377,9.974908147409188,0.6316868512971116,0.00488837734015222,631686.8512971116,6.266360773357922e-05,0.0
0.0,4.681395879610809e-05,3.2506772039207416e-05,0.1859316765764614,1.9845522844010461,9.92276142200523,0.6332056357218667,0.005068988874789525,633205.6357218667,6.225475099113749e-05,0.0
0.6658574284912367,4.593868523720297e-05,3.257292432987769e-05,0.18591924334270757,1.985588917352239,9.927944586761194,0.6330545116525986,0.004892998338013749,633054.5116525986,6.208101497030854e-05,1.0
0.6667652383748586,4.5482528525550056e-05,3.264115973370191e-05,0.1865624840386894,1.9965289226214187,9.982644613107093,0.6314618356270633,0.004586803704442113,631461.8356270633,6.226015812050211e-05,1.0
0.0,4.6011149757079815e-05,3.267945928976327e-05,0.18733772326727394,2.0059257252537366,10.029628626268682,0.6300970226407927,0.0047724691753406,630097.0226407927,6.269549004578808e-05,0.0
0.0,4.6225974479036864e-05,3.3132141140209926e-05,0.1884122193195322,2.0216691058265135,10.108345529132567,0.627817026148046,0.004641464787110439,627817.026148046,6.319935844668774e-05,0.0
0.6617166083326712,4.6507440780519506e-05,3.3400238271716145e-05,0.18989841702134963,2.0385153182895244,10.19257659144762,0.6253864512216534,0.005183285264352655,625386.4512216534,6.385456285636502e-05,1.0
0.666197640068036,4.750703936872077e-05,3.301418733700234e-05,0.18793035624225013,2.0172862696211515,10.086431348105757,0.628450929690759,0.004311642175259268,628450.929690759,6.319077808059233e-05,1.0
0.0,4.7791174970599455e-05,3.319261991452646e-05,0.18711609932771223,2.0050043386194374,10.025021693097186,0.6302307163875026,0.004462915042927074,630230.7163875026,6.332106560923362e-05,0.0
0.0,4.8164295476404054e-05,3.3396479528589366e-05,0.18562968084668288,1.986822336063783,9.934111680318914,0.6328747464369457,0.004134108130311511,632874.7464369457,6.304444795624632e-05,0.0
0.6622142800923239,4.9556382330485134e-05,3.3423040124163115e-05,0.1860652102539005,1.993405193446403,9.967025967232015,0.6319161875454464,0.0040466080532474335,631916.1875454464,6.321521200427138e-05,1.0
0.0,4.9458352404830184e-05,3.369400663283067e-05,0.1857058779761133,1.9866062717394835,9.933031358697416,0.6329062331496955,0.004317989101922106,632906.2331496956,6.319864129354955e-05,0.0
0.663250846396546,4.907024397492433e-05,3.367654871046377e-05,0.1851462643943452,1.9819823429862542,9.90991171493127,0.6335804465998882,0.00387297538857863,633580.4465998883,6.284964526032826e-05,1.0
0.6748912929004801,4.930273729454941e-05,3.366315805257737e-05,0.1851168567024119,1.9801767218072546,9.900883609036272,0.6338439185456395,0.00407763195046329,633843.9185456395,6.214587673235171e-05,1.0
0.6787575907631854,4.953617806335287e-05,3.362626705492894e-05,0.1854309548285472,1.984398894252017,9.921994471260085,0.633228000551755,0.004089910208849391,633228.000551755,6.205659295900643e-05,1.0
0.6725081097834246,4.928209680611271e-05,3.294826848809046e-05,0.18426303506162342,1.969857705886912,9.84928852943456,0.6353517484488371,0.003877818572083959,635351.7484488371,6.190836792499733e-05,1.0
0.0,4.878025636021303e-05,3.286518360015689e-05,0.1833286714659939,1.957871917142833,9.789359585714164,0.637107633025649,0.00376497595763682,637107.633025649,6.161954951274556e-05,0.0
0.0,4.995957344405381e-05,3.2607404755817385e-05,0.18341512998459245,1.9587274408652875,9.793637204326437,0.6369821405237057,0.0038124004928906203,636982.1405237057,6.158643223232006e-05,0.0
0.6779674285395645,5.012380371036675e-05,3.219932226724327e-05,0.18422330048508911,1.9715403514095264,9.857701757047632,0.635105633256573,0.0035522342267512016,635105.633256573,6.164003805047896e-05,1.0
0.6889363408308772,4.9755184945458376e-05,3.258554130732026e-05,0.18431259949392106,1.971855570348825,9.859277851744125,0.6350595377920368,0.003684736779878983,635059.5377920368,6.105414019088165e-05,1.0
0.6824867894125863,5.021804639768901e-05,3.268509273673419e-05,0.1837680939819328,1.964501861878028,9.82250930939014,0.6361357657695828,0.0036719537334483658,636135.7657695827,6.130259614671294e-05,1.0
0.0,5.015911289395456e-05,3.262244155771614e-05,0.1821536044070621,1.9437297378370912,9.718648689185455,0.6391856645761217,0.003492873390245918,639185.6645761217,6.071712363115079e-05,0.0
0.6841011179660986,5.0029489912916555e-05,3.240055172123109e-05,0.18339905723816333,1.9543818989309523,9.77190949465476,0.6376198225630658,0.004417937039392491,637619.8225630658,6.085208866022369e-05,1.0
0.6882837541890483,5.031003655061547e-05,3.2441391562195086e-05,0.1830850738893964,1.9479349444584284,9.739674722292142,0.6385670504810926,0.004737198259885452,638567.0504810927,6.048957009454404e-05,1.0
0.6806716254448099,4.965789468548732e-05,3.268999455894644e-05,0.18227408613511425,1.9375018764117424,9.687509382058712,0.6401029259081478,0.004651098178376266,640102.9259081478,6.060927620700321e-05,1.0
0.6753788024546304,4.984105039373616e-05,3.238810491470343e-05,0.18118990566347973,1.9215985866189198,9.607992933094598,0.6424511951032617,0.004831006430221095,642451.1951032616,6.047266461996226e-05,1.0
0.0,5.080070678972731e-05,3.2338894304726384e-05,0.18003503821675182,1.9087756067751216,9.543878033875608,0.6443508997997263,0.00442097623322992,644350.8997997262,5.985326428551424e-05,0.0
0.0,5.101778148503142e-05,3.255253636828721e-05,0.17940340073306726,1.9009879524350806,9.504939762175402,0.6455073694390415,0.00431417090517603,645507.3694390415,6.000525833420355e-05,0.0
0.6767432307525235,5.080931980343906e-05,3.192068530219623e-05,0.17934989867573797,1.9005797060244374,9.502898530122186,0.6455680514103774,0.004267848761853385,645568.0514103774,5.994191985779456e-05,1.0
0.6797834303754497,5.053958076715616e-05,3.1865000667430684e-05,0.17834405175244766,1.890480694856342,9.45240347428171,0.647070991326766,0.003759094831661376,647070.9913267661,5.9497733378052334e-05,1.0
0.6801510487733948,5.032361916514048e-05,3.1698913242917805e-05,0.1788046821599323,1.8945281613346916,9.472640806673457,0.6464682256391607,0.004077589959025358,646468.2256391607,5.9506122003838926e-05,1.0
0.6840440938631844,5.0190165442813785e-05,3.162478602073294e-05,0.1787110772520891,1.8941731207088166,9.470865603544082,0.6465210773043603,0.003943231808538438,646521.0773043602,5.9259398453628154e-05,1.0
0.6903787214066169,4.999745886757837e-05,3.144180173340671e-05,0.18048916003159465,1.9185095811864856,9.592547905932427,0.6429083137754547,0.0038866338386439672,642908.3137754546,5.947344542602709e-05,1.0
0.6870950296335161,5.0455665410764084e-05,3.145425308030076e-05,0.1792651338220196,1.9030949583988293,9.515474791994146,0.6451942735882702,0.0037245412323094105,645194.2735882702,5.933070502806096e-05,1.0
0.686539158617268,4.957994755094431e-05,3.200225618482156e-05,0.18033146480072798,1.9066478535339766,9.533239267669883,0.6446666661015288,0.005329595702984772,644666.6661015288,5.93582493273684e-05,1.0
0.6838283620956989,5.001934862513149e-05,3.1865034318946564e-05,0.18048012231130528,1.9102549463537066,9.551274731768533,0.6441314515912275,0.00509169621383807,644131.4515912276,5.963974844817485e-05,1.0
0.6827156447027986,4.9829118390057584e-05,3.191524693529586e-05,0.17938027963241054,1.901744273387401,9.508721366937005,0.6453949645477973,0.004155523812618395,645394.9645477973,5.951547812756943e-05,1.0
0.0,5.002100991510412e-05,3.247536592211268e-05,0.17925546034464868,1.9046619118941277,9.523309559470638,0.6449615266615892,0.003472447350886609,644961.5266615893,5.9753543997785886e-05,0.0
0.0,4.9457095761701606e-05,3.226085393015866e-05,0.18022281251693748,1.9142646173203124,9.571323086601561,0.6435370246813417,0.003982649715216594,643537.0246813417,5.9377075667809716e-05,0.0
0.6984849013680393,5.0132269379892294e-05,3.2760039456234176e-05,0.18081557102058876,1.9169442397994843,9.584721198997421,0.6431400810255763,0.004771223066753827,643140.0810255763,5.919362895028588e-05,1.0
0.0,5.0752441472380386e-05,3.2706435569097624e-05,0.18184347336731915,1.9324499838516929,9.662249919258464,0.640847953275094,0.004534900009732324,640847.953275094,5.976668151910567e-05,0.0
0.705249533122225,5.121718790580782e-05,3.318687572547515e-05,0.18070728405787698,1.9120241079937057,9.560120539968528,0.6438691087286015,0.0052836768443554095,643869.1087286015,5.888447677595893e-05,1.0
0.7010747511777804,5.043546675979489e-05,3.3348198548449546e-05,0.18044556334809472,1.9053612917058045,9.526806458529022,0.6448576716112001,0.005748798307389573,644857.6716112001,5.884814841238274e-05,1.0
0.0,5.084131796013202e-05,3.337336708625528e-05,0.18167397488106954,1.9220046263439976,9.610023131719988,0.6423911325136097,0.005739082275748738,642391.1325136097,5.886273808193725e-05,0.0
0.7093532878192382,5.1026919144747234e-05,3.32862105399642e-05,0.18244038624494363,1.932684797149756,9.66342398574878,0.6408133049984612,0.005694077488348495,640813.3049984613,5.9158423098662874e-05,1.0
0.6970286468573633,5.020374513828601e-05,3.303327389720115e-05,0.18302637133108704,1.939436218319424,9.69718109159712,0.6398178883896153,0.005870631051789352,639817.8883896153,5.983337968268701e-05,1.0
0.6918716243691899,5.018752154363488e-05,3.2995345884246434e-05,0.18428310785991214,1.9529796480182302,9.764898240091151,0.6378257306220061,0.006391946341830385,637825.7306220061,6.0417395975262624e-05,1.0
0.7028684340305237,5.036603835727881e-05,3.3204647404267513e-05,0.18307738185971276,1.9347544762708482,9.67377238135424,0.6405079909783657,0.006662754697791288,640507.9909783658,5.941468630184971e-05,1.0
0.6983875097223912,5.063675522704481e-05,3.313662102688316e-05,0.18362374320190103,1.9440154933726594,9.720077466863296,0.639143609049134,0.006391095452936114,639143.6090491341,5.991980666278828e-05,1.0
0.6878160892841286,5.071265080597834e-05,3.297890176482694e-05,0.18448070817039428,1.9557788851294005,9.778894425647001,0.6374147536795757,0.006376170020364237,637414.7536795756,6.0774174538156244e-05,1.0
0.6719571240626613,5.0844013498282465e-05,3.2844088969277074e-05,0.18459350319035514,1.950076305765055,9.750381528825274,0.6382522719666076,0.007439278347317915,638252.2719666077,6.14731208088977e-05,1.0
0.6720146356242702,5.156393892444336e-05,3.308495017396645e-05,0.18668099866351595,1.977367150828666,9.88683575414333,0.6342541023519878,0.0076160996790196524,634254.1023519877,6.228349039343316e-05,1.0
0.0,5.2145677100909835e-05,3.339079960701708e-05,0.18709854988602745,1.9797832974527134,9.898916487263566,0.6339013406268257,0.008098440398880568,633901.3406268257,6.19175818494144e-05,0.0
0.6746423332294136,5.066923608200027e-05,3.3122838460746226e-05,0.18567785070774723,1.9582599410785737,9.791299705392868,0.6370507126690331,0.008406414084527572,637050.7126690331,6.150144134520632e-05,1.0
0.6652850129767236,5.049713208294142e-05,3.285980533429706e-05,0.18610280763501003,1.9629074622363398,9.814537311181699,0.6363693494048158,0.008574964674835872,636369.3494048158,6.208554059728807e-05,1.0
0.0,5.040486392751062e-05,3.291641690351125e-05,0.1856708288858084,1.956450712691719,9.782253563458594,0.6373161570597299,0.00865781483134669,637316.1570597299,6.184773832391987e-05,0.0
0.0,4.9520717362596924e-05,3.3316348184868196e-05,0.18682598333544687,1.9689716511771795,9.844858255885898,0.6354813871764885,0.009133353847382245,635481.3871764885,6.245496505278861e-05,0.0
0.6655347585583238,4.9577394544461145e-05,3.35938183136646e-05,0.18746028885194285,1.9750716584875492,9.875358292437745,0.6345894301842042,0.009510007888089941,634589.4301842042,6.233097086041735e-05,1.0
0.6640366037470431,5.021022553977718e-05,3.3146386283737335e-05,0.18713049385894323,1.9695910045950364,9.847955022975182,0.6353907667514475,0.009651754469333916,635390.7667514475,6.228657690107802e-05,1.0
0.6758130333344671,4.966273709918634e-05,3.300423576706503e-05,0.18810204421104632,1.9852237036857645,9.926118518428822,0.6331077496950807,0.009311838117173293,633107.7496950807,6.190958448807115e-05,1.0
0.680207451504387,4.983768282654755e-05,3.266496998531687e-05,0.1889108275802013,1.9949137426718424,9.974568713359211,0.6316967255972015,0.009518380757604063,631696.7255972015,6.186115501025353e-05,1.0
0.0,4.9383017431368386e-05,3.253141682903596e-05,0.188303610176734,1.9867362679415845,9.933681339707922,0.63288728882075,0.00949450917421794,632887.28882075,6.165511571894338e-05,0.0
0.6813705605742416,4.905940107090118e-05,3.2962111491265846e-05,0.18814013093214016,1.9854810917771442,9.92740545888572,0.6330702291707807,0.009350491035061043,633070.2291707807,6.151499511525137e-05,1.0
0.6876383966584309,4.9816909866568175e-05,3.2476089066805626e-05,0.1892139884965602,1.990940637849242,9.95470318924621,0.6322748922087225,0.010702869201842857,632274.8922087224,6.126373916235463e-05,1.0
0.0,4.95492927591809e-05,3.1940907697485455e-05,0.18857012637673792,1.987479192464531,9.937395962322654,0.6327790334104763,0.009919286163952086,632779.0334104763,6.103750170398889e-05,0.0
0.685854292745605,4.978941314850259e-05,3.1653523297505666e-05,0.18858511002867917,1.9843856145767678,9.921928072883839,0.6332299368128435,0.010400156870201785,633229.9368128434,6.10720483334877e-05,1.0
0.6844999417392381,4.885801582750205e-05,3.170664601232835e-05,0.18841497740399682,1.985065152567877,9.925325762839385,0.6331308634526772,0.009960818260670834,633130.8634526773,6.1073920347751e-05,1.0
0.6865962628124432,4.9812014291649444e-05,3.1858739538274016e-05,0.1876921587037197,1.9747058636761456,9.873529318380728,0.6346428822326897,0.010027199640129115,634642.8822326898,6.08442735657479e-05,1.0
0.6822604148278676,5.0117100228969704e-05,3.1952799277966995e-05,0.18673559248206362,1.952884093016853,9.764420465084264,0.6378397644427444,0.011310949406871626,637839.7644427443,6.052878740071441e-05,1.0
0.6852079087261188,5.002350830306518e-05,3.2266448913376957e-05,0.18672660134734564,1.956217759779836,9.78108879889918,0.6373503432266309,0.010803545921322162,637350.3432266308,6.0515046558063156e-05,1.0
0.0,5.031081139200382e-05,3.169219425683924e-05,0.18513938361100327,1.9372044050912873,9.686022025456436,0.6401467714534755,0.010425538675482087,640146.7714534756,6.0455274004493665e-05,0.0
0.6816352562432744,4.9599685449689844e-05,3.2014851333210134e-05,0.18449080537249615,1.9285299299580143,9.642649649790071,0.6414266602884043,0.010408271033396645,641426.6602884043,5.994112752878719e-05,1.0
0.0,5.019895711157237e-05,3.1880925710532046e-05,0.18306995749584787,1.9122435077693685,9.561217538846842,0.6438365821422173,0.00997649713391303,643836.5821422173,6.011781015439216e-05,0.0
0.6665955113364993,5.003298558159271e-05,3.2062755489262864e-05,0.1821975510769688,1.8975141931363682,9.48757096568184,0.6460238932127673,0.01041899536670492,646023.8932127673,6.0077254428512276e-05,1.0
0.0,4.993029111243664e-05,3.1624472751448646e-05,0.18252894482150064,1.9038274610148336,9.519137305074167,0.6450854610983379,0.010143350741339175,645085.4610983379,6.011549879931818e-05,0.0
0.0,4.9685857482705165e-05,3.159347030552239e-05,0.18266875990852016,1.9035278301439362,9.517639150719681,0.6451299687295468,0.010467488546587059,645129.9687295468,6.001081617079748e-05,0.0
0.0,4.9401814631678266e-05,3.1632482130588645e-05,0.1822831676377617,1.9028732689863763,9.514366344931881,0.6452272089342319,0.009793544209755284,645227.2089342319,6.004802041099802e-05,0.0
0.0,4.9761113644858904e-05,3.19465577992264e-05,0.1809992362723494,1.891656785770409,9.458283928852044,0.6468957850297843,0.008894257574483066,646895.7850297843,5.993768583583365e-05,0.0
0.0,4.9893844797013836e-05,3.1432050256459543e-05,0.18062580847842358,1.887265159166615,9.436325795833074,0.6475502629766697,0.00880187993351688,647550.2629766697,6.0143334329477375e-05,0.0
0.0,5.022184197177508e-05,3.1412635015890826e-05,0.1806940987671045,1.8932844075753845,9.466422037876923,0.6466533908816188,0.008041588415827746,646653.3908816187,5.987240405828585e-05,0.0
0.6646780364297988,5.0213007787596795e-05,3.105881172823037e-05,0.18121334628899538,1.894897846770812,9.47448923385406,0.6464131985259032,0.008839891103893917,646413.1985259032,6.003316694741189e-05,1.0
0.6778089086861399,5.046534753738345e-05,3.118928430692824e-05,0.18161026228869992,1.9052266304458154,9.526133152229077,0.6448776669591687,0.008098191536568539,644877.6669591687,5.964321784798533e-05,1.0
0.0,5.024661621467326e-05,3.1398663581726514e-05,0.18222597342749478,1.9167730179581584,9.583865089790791,0.6431654375070123,0.00761738436200182,643165.4375070123,5.987843634830645e-05,0.0
0.675019747431143,5.1356549811084574e-05,3.175684138284441e-05,0.18228969107733883,1.915915359016413,9.579576795082065,0.6432924644628214,0.007871846617499088,643292.4644628214,6.029398640791201e-05,1.0
0.0,5.054545360664763e-05,3.156119571889501e-05,0.18091470056153808,1.89907455897688,9.4953727948844,0.6457918265870419,0.007621227710118104,645791.826587042,5.94397616486081e-05,0.0
0.6920742006407076,5.116501319629617e-05,3.180813975022375e-05,0.18014614095869314,1.8935266188066802,9.4676330940334,0.6466173272535957,0.006909609170981939,646617.3272535957,5.882203385505988e-05,1.0
0.6923304806543201,5.1825666657730734e-05,3.218024743146239e-05,0.18077282745995898,1.89467919362182,9.473395968109099,0.6464457441476803,0.00799139906759828,646445.7441476804,5.892740938760491e-05,1.0
0.0,5.136307392159332e-05,3.16436683918765e-05,0.18012110112206747,1.8890207392293423,9.445103696146711,0.6472885519405316,0.007530754184666528,647288.5519405316,5.9210968186103566e-05,0.0
0.0,5.245044924843944e-05,3.179449850006851e-05,0.17947561602953915,1.880694082331418,9.40347041165709,0.6485307781381466,0.007482010197224923,648530.7781381466,5.910071140487365e-05,0.0
0.6956506581312628,5.2899185404943313e-05,3.204616190620117e-05,0.17967865573172007,1.8837777235270246,9.418888617635123,0.6480704622697873,0.00742777373322741,648070.4622697872,5.8604749878767584e-05,1.0
0.7050502244157036,5.33267712002559e-05,3.192762075216092e-05,0.18186260300121077,1.910405200083817,9.552026000419085,0.6441091668321246,0.00783437283454615,644109.1668321246,5.877529213296167e-05,1.0
0.7025254392421758,5.3274246869763725e-05,3.152583626386017e-05,0.18177062554532405,1.907315215461777,9.536576077308885,0.6445676105175426,0.008108861608190757,644567.6105175426,5.8747063204672173e-05,1.0
0.7096660483618019,5.3100148853259115e-05,3.1778206265415866e-05,0.1817182861557855,1.9091408526276237,9.545704263138118,0.6442967115455904,0.007733283857161439,644296.7115455904,5.8457647751667055e-05,1.0
0.0,5.293344146267413e-05,3.138278949184022e-05,0.18081996428507235,1.8978376768027614,9.489188384013806,0.6459757760011519,0.007615704571296556,645975.7760011519,5.8241491715497665e-05,0.0
0.0,5.307003793158041e-05,3.130162827165015e-05,0.1818619679316824,1.912314933817121,9.561574669085605,0.6438259933997349,0.007549929263099717,643825.9933997348,5.868631067892817e-05,0.0
0.7086191498570118,5.370923031046575e-05,3.1263558488876146e-05,0.1828511457831863,1.922816065574293,9.614080327871465,0.6422711188605644,0.007973410426937003,642271.1188605644,5.8824342972990155e-05,1.0
0.0,5.372570281318714e-05,3.1452948734609825e-05,0.1832884867435517,1.932417085657466,9.66208542828733,0.6408528077738656,0.0074297812609689625,640852.8077738655,5.9633715936581466e-05,0.0
0.0,5.319546694535475e-05,3.123590029206387e-05,0.18491981658139758,1.9473667020573644,9.736833510286822,0.6386506077513323,0.008490240914127475,638650.6077513323,6.019813073215632e-05,0.0
0.6861768531773388,5.3543771137640145e-05,3.100580717957424e-05,0.18450821739824688,1.9441459544692692,9.720729772346345,0.6391244096056214,0.008140844402115203,639124.4096056215,6.049081004247774e-05,1.0
0.0,5.393347108808474e-05,3.101536567961169e-05,0.18438426291559445,1.9422388571814275,9.711194285907137,0.6394051269845057,0.008173652815694602,639405.1269845057,6.072156391414827e-05,0.0
0.6847800311472934,5.418213143054694e-05,3.129697550930538e-05,0.18545346384461062,1.9604928653566653,9.802464326783326,0.6367232573503129,0.007630185039534089,636723.2573503129,6.112958020025201e-05,1.0
0.0,5.447123825519849e-05,3.195727099931522e-05,0.18567394106351773,1.9676102890789775,9.838051445394887,0.6356806197058876,0.007028501832923099,635680.6197058876,6.12468364465813e-05,0.0
0.0,5.424634942501562e-05,3.1465881219395283e-05,0.18390439347479406,1.9460658650839564,9.730329325419781,0.6388419306421377,0.006650717591725825,638841.9306421377,6.0617808251264995e-05,0.0
0.0,5.369692785295001e-05,3.153116620034335e-05,0.1841088420445307,1.9516927575386473,9.758463787693236,0.6380147575419978,0.006232441631059181,638014.7575419978,6.096348800589902e-05,0.0
0.6861938495004587,5.3188892580570625e-05,3.11745823684662e-05,0.18368644022336855,1.9468419217801782,9.73420960890089,0.6387277838396235,0.0061006642863605815,638727.7838396234,6.0643684177377074e-05,1.0
0.6763246450245457,5.2307383104730284e-05,3.1456734094058895e-05,0.18421850157779765,1.9568868015911414,9.784434007955706,0.6372521653306562,0.0056891684862515,637252.1653306562,6.141286333260407e-05,1.0
0.6792253159198632,5.237970974840865e-05,3.1146036047984946e-05,0.18479802729243658,1.9618309702535204,9.809154851267602,0.6365271067423004,0.006123161327173575,636527.1067423004,6.130289289220533e-05,1.0
0.0,5.229039116182718e-05,3.092072086157055e-05,0.18341913269841228,1.945188923208222,9.72594461604111,0.6389709407561464,0.005809206152970916,638970.9407561463,6.094604186504463e-05,0.0
0.6778802611999772,5.202458948632578e-05,3.072552518661994e-05,0.18351587110164702,1.9489734464490125,9.744867232245062,0.6384143720798915,0.00544611428318554,638414.3720798915,6.0965604326753824e-05,1.0
0.6769459171857668,5.050628828442673e-05,3.0688155001271605e-05,0.18369290597741414,1.9521002547925481,9.76050127396274,0.6379548956106349,0.0053407075654631955,637954.8956106349,6.090371117771568e-05,1.0
0.6636915237502569,4.9872503783891116e-05,3.0771351180303784e-05,0.1843248457221564,1.956692874561345,9.783464372806725,0.6372806214091893,0.005930312853502079,637280.6214091893,6.166820663151665e-05,1.0
0.0,5.043547403391488e-05,3.090103457478026e-05,0.18490470351104185,1.9633143055892512,9.816571527946255,0.6363097376611535,0.006119144683237237,636309.7376611535,6.16870084094409e-05,0.0
0.0,5.0094451553205016e-05,3.088128361942982e-05,0.18606617805807985,1.9790076790756836,9.895038395378418,0.6340145609084691,0.006146917024628757,634014.5609084691,6.19758433769098e-05,0.0
0.672072491594592,5.0272858360969334e-05,3.046469064030905e-05,0.18607903179377389,1.983566415390313,9.917832076951564,0.6333493927116041,0.005507456299151843,633349.392711604,6.18805586772384e-05,1.0
0.6714195045029782,4.957205847876232e-05,3.067373267259593e-05,0.18587894015375295,1.9841240716872512,9.920620358436256,0.633268072635731,0.005025952943236951,633268.0726357311,6.190098430351893e-05,1.0
0.6741307348766515,5.029997005036669e-05,3.06443704200451e-05,0.18646801706548013,1.9959212657953884,9.979606328976942,0.6315501947833921,0.0044862289143524,631550.1947833921,6.21595645957928e-05,1.0
0.6806350457463011,5.0221956819332016e-05,3.098000344864861e-05,0.18848225957494535,2.0184302477153784,10.092151238576891,0.6282854107980108,0.005249929947901526,628285.4107980108,6.238128254556309e-05,1.0
0.6821995215439347,5.0362537881187144e-05,3.074808174583166e-05,0.18929700408878075,2.0272123503027517,10.136061751513758,0.6270162047329478,0.005610212910509319,627016.2047329479,6.247511362388955e-05,1.0
0.6799835292592799,5.151817701950424e-05,3.0252437692709727e-05,0.18923504552503237,2.0287301645647773,10.143650822823886,0.6267971073477723,0.005267198397837036,626797.1073477722,6.270006884594897e-05,1.0
0.6761094273823007,5.224603352940886e-05,3.023718113805061e-05,0.18941182452551486,2.0324808667711713,10.162404333855855,0.6262560195569378,0.005079668607967467,626256.0195569377,6.310229616129882e-05,1.0
0.677241834817249,5.204783004817715e-05,3.0621223321774874e-05,0.18939244587489926,2.0343916870297303,10.171958435148651,0.6259805383978909,0.00476543014768945,625980.5383978909,6.315146136181204e-05,1.0
0.676683902519237,5.1710263354778426e-05,3.065708149632419e-05,0.1891870988842146,2.033889037441869,10.169445187209345,0.6260529931681161,0.004427190936545307,626052.9931681161,6.31507601755901e-05,1.0
0.6777648280930367,5.151328558192309e-05,3.0584038926645846e-05,0.19086599576974836,2.0548629650080956,10.274314825040477,0.6230368060939258,0.004768797633422491,623036.8060939257,6.356073915842531e-05,1.0
0.6801630962890999,5.1737968994522895e-05,3.03112540428157e-05,0.1902298139326011,2.046275171964769,10.231375859823846,0.6242700257051597,0.004729653570361884,624270.0257051596,6.319152852109034e-05,1.0
0.0,5.1650597547507e-05,3.0832358901963635e-05,0.19156540963092425,2.056898726807901,10.284493634039503,0.6227448251092549,0.005875644371103378,622744.8251092549,6.31805524987645e-05,0.0
0.0,5.141996352405513e-05,3.0506830945458927e-05,0.19174737275694942,2.054502182844737,10.272510914223684,0.623088565882041,0.00658331139593981,623088.565882041,6.265848237684238e-05,0.0
0.6961297220444652,5.212515487892855e-05,3.0279076049261275e-05,0.19096663631492147,2.038607947486455,10.193039737432274,0.6253731127084114,0.007306385338254375,625373.1127084114,6.206447393453889e-05,1.0
0.6906546419142063,5.202554683546106e-05,3.0444504787101257e-05,0.1909701723730977,2.0359526111008606,10.179763055504303,0.6257555913727679,0.007695936118963351,625755.5913727679,6.228732088015363e-05,1.0
0.0,5.3134830445270496e-05,2.9878808484393194e-05,0.1904415156182619,2.029765800541304,10.14882900270652,0.6266476566248067,0.007530687861330489,626647.6566248067,6.201755542130293e-05,0.0
0.696040741015337,5.311750511824117e-05,3.026360951431973e-05,0.19098918019579342,2.0349462577146546,10.174731288573273,0.6259006091547819,0.007878969546368672,625900.6091547819,6.205779303737308e-05,1.0
0.0,5.3947814212988715e-05,3.0445595258298542e-05,0.190938608227,2.0351603347869474,10.175801673934735,0.6258697573541769,0.00774697380817697,625869.757354177,6.196981667237586e-05,0.0
0.6932132745632078,5.404751764008425e-05,3.07064526746759e-05,0.19058061575362212,2.0242368594547284,10.121184297273642,0.6274459408501334,0.008607172357377612,627445.9408501334,6.208832592276617e-05,1.0
0.6993075585071136,5.444804757390729e-05,3.085975872476728e-05,0.19172153423599556,2.038462201400531,10.192311007002655,0.6253941001297639,0.00883716860175502,625394.100129764,6.217579661152388e-05,1.0
0.0,5.399678109667028e-05,3.0794226495035025e-05,0.19252742494448716,2.0485942974172775,10.242971487086388,0.6239367555200471,0.008991605409021428,623936.7555200472,6.252793018192933e-05,0.0
0.0,5.348996586344316e-05,3.0459397352087697e-05,0.1936369492401974,2.063482966789896,10.31741483394948,0.621801411151661,0.009075309632055753,621801.411151661,6.289334562124379e-05,0.0
0.6928512870492457,5.3650019523681794e-05,3.0408186772678453e-05,0.19415999815668225,2.0645829540947793,10.322914770473895,0.6216439403397306,0.009963936653095067,621643.9403397306,6.295509792236437e-05,1.0
0.6917041006070748,5.407129575444081e-05,3.0107452143699093e-05,0.19368388158479466,2.062933964330077,10.314669821650384,0.6218800195835255,0.009247782753114773,621880.0195835255,6.300036781898184e-05,1.0
0.6907249571529709,5.4009998090352226e-05,3.0251149693848028e-05,0.19456430887785311,2.0687108898696613,10.343554449348307,0.6210533532561806,0.01018197101188684,621053.3532561806,6.317340006533729e-05,1.0
0.0,5.3286601461003335e-05,3.0488160649135498e-05,0.19400436848081717,2.0615619218630594,10.307809609315296,0.6220765177262877,0.010085254687922035,622076.5177262877,6.324346987479558e-05,0.0
0.6860873129125895,5.2540740248638606e-05,3.092144002551225e-05,0.19365694595145191,2.0616312789729965,10.308156394864982,0.622066583203352,0.009380475106255769,622066.5832033519,6.324233816759076e-05,1.0
0.0,5.1776357242572716e-05,3.101454151716786e-05,0.19326091970358533,2.058641874400323,10.293209372001614,0.6224949213311385,0.009016760738309126,622494.9213311385,6.369688484743631e-05,0.0
0.6748024362265026,5.085701904125157e-05,3.1271623293803065e-05,0.1917248532409856,2.0428586937404174,10.214293468702087,0.62476131541021,0.008211021892181153,624761.3154102099,6.331103255288017e-05,1.0
0.6835376169504321,5.0894621340150085e-05,3.115704740675796e-05,0.19193617728606702,2.043276074914,10.216380374569999,0.6247012752549963,0.00857362982713035,624701.2752549963,6.280563571325225e-05,1.0
0.6810310500799577,5.143925087420109e-05,3.099042331722035e-05,0.1913112381981345,2.038000884498287,10.190004422491434,0.6254605343591455,0.008083010755414483,625460.5343591456,6.28707743834945e-05,1.0
0.6790948107304938,5.140375796325466e-05,3.1112716418120984e-05,0.19114310397833256,2.034815345168138,10.17407672584069,0.6259194764167434,0.008205684373408543,625919.4764167434,6.291034989639797e-05,1.0
0.0,5.0245475425320644e-05,3.097452022794349e-05,0.19165650201100118,2.037756887721275,10.188784438606374,0.6254956751790209,0.008808679201023297,625495.675179021,6.299285264441109e-05,0.0
0.0,5.0145185686646955e-05,3.103578556003292e-05,0.19236123189339407,2.049727081306716,10.248635406533579,0.6237740333659316,0.008496497152719763,623774.0333659316,6.321325748033318e-05,0.0
0.6875229145573554,5.0060882474597715e-05,3.069671219203163e-05,0.19162753323093648,2.0402448387751018,10.201224193875507,0.6251374489012802,0.00839251536315317,625137.4489012802,6.234241408815158e-05,1.0
0.7004316027835974,5.1107664200218484e-05,3.041828964344811e-05,0.1910174661837376,2.036074359848306,10.180371799241529,0.6257380493834569,0.0077729817509320995,625738.0493834569,6.16673730339265e-05,1.0
0.0,5.0356941959754335e-05,3.0600546640884635e-05,0.1903389175068921,2.0277020456877417,10.138510228438708,0.6269455085476536,0.007623343561437858,626945.5085476537,6.197701066530725e-05,0.0
0.6917974450485354,5.015446431925965e-05,3.085454273068877e-05,0.1903663248372475,2.018846198895997,10.094230994479984,0.6282252388283508,0.008957888502845786,628225.2388283508,6.159427452412155e-05,1.0
0.6865228669987227,5.100430137314674e-05,3.054175502538499e-05,0.19011359989273235,2.012523585481579,10.062617927407896,0.6291404975293794,0.009367697314844091,629140.4975293794,6.174343292599235e-05,1.0
0.0,5.120920451635708e-05,3.0732104218029216e-05,0.18989326330409056,2.0103086109437958,10.051543054718978,0.6294614515509193,0.009247978159100407,629461.4515509192,6.121854171479656e-05,0.0
0.7025081562382012,5.146667696278815e-05,3.055764143175805e-05,0.19015723170286453,2.0159611552936947,10.079805776468474,0.6286427111720985,0.008957174577827541,628642.7111720984,6.106658130610952e-05,1.0
0.6980859912064228,5.149463564204433e-05,3.0551440155982984e-05,0.1903657515901591,2.018846389835669,10.094231949178345,0.6282252112081246,0.008956714388442774,628225.2112081245,6.136895340524805e-05,1.0
0.699797008620647,5.1629714698532076e-05,3.096549467760052e-05,0.1896160425761123,2.007900892048123,10.039504460240616,0.6298105203245461,0.009042605476770738,629810.5203245461,6.10866097766627e-05,1.0
0.0,5.19859251697007e-05,3.118843095425539e-05,0.19044641907054638,2.0206844774463324,10.103422387231662,0.6279593803725697,0.008852218513662444,627959.3803725697,6.158971781370554e-05,0.0
0.0,5.15414635068603e-05,3.140342393157694e-05,0.1912426020837305,2.029714910962176,10.14857455481088,0.6266549995738138,0.00914020374127476,626654.9995738138,6.182993676427174e-05,0.0
0.0,5.194966352617719e-05,3.194799256048249e-05,0.1903190223896758,2.0201087562368354,10.100543781184177,0.6280426311420675,0.00868067592141906,628042.6311420675,6.15457400271319e-05,0.0
0.702521446589089,5.1224168747210876e-05,3.1697868906957905e-05,0.1909474798942171,2.0319476900312945,10.159738450156471,0.6263329087770644,0.008227868565498545,626332.9087770644,6.165683980111668e-05,1.0
0.0,5.136386935868243e-05,3.1368149036320986e-05,0.1912473709764636,2.034578120356631,10.172890601783156,0.6259536669697865,0.008448408922713676,625953.6669697865,6.138723681146441e-05,0.0
0.0,5.142596245315195e-05,3.112414937452599e-05,0.19080809594456802,2.032322004920246,10.16161002460123,0.6262789279783412,0.007895119867477204,626278.9279783411,6.178118863642356e-05,0.0
0.6885856501680878,5.1089296659992854e-05,3.102531607101349e-05,0.19122290385912386,2.0352563652666347,10.176281826333172,0.6258559183783112,0.00830172609655893,625855.9183783112,6.234527760665389e-05,1.0
0.0,5.1056168089130173e-05,3.029844456530565e-05,0.19116693230883056,2.0342935300050464,10.171467650025232,0.6259946866507682,0.008328551268429284,625994.6866507682,6.202031846919117e-05,0.0
0.0,5.072377465101479e-05,3.0230247202990493e-05,0.19106989010231254,2.0390584459497596,10.195292229748798,0.625308245429077,0.007448025633702091,625308.2454290771,6.182495803282562e-05,0.0
0.6973719983050028,5.017344849456362e-05,3.006227103936221e-05,0.1912013882288139,2.040150432262076,10.20075216131038,0.6251510382261807,0.007553814683808523,625151.0382261807,6.177095581022526e-05,1.0
0.0,4.9993172153865525e-05,3.0296153548794304e-05,0.1905037674716537,2.0359731630941122,10.179865815470562,0.6257526301345304,0.0067601650778378545,625752.6301345304,6.179331068541165e-05,0.0
0.6953039196292925,4.944131439310238e-05,3.039595629152143e-05,0.18919456366583742,2.0149954322406165,10.074977161203082,0.6287825154494341,0.007171642781108928,628782.515449434,6.123644231952608e-05,1.0
0.0,4.961388683728696e-05,3.02078281773602e-05,0.18952038604011023,2.0199673490021235,10.099836745010617,0.628063080680641,0.007103852760861452,628063.080680641,6.153336512786785e-05,0.0
0.0,4.904656635346504e-05,3.0380659867421867e-05,0.18971291568331747,2.0158314492382137,10.079157246191068,0.6286614864472627,0.008087317813897633,628661.4864472627,6.14345093214304e-05,0.0
0.6914446526792163,4.942162353789126e-05,3.0590025588020564e-05,0.19053954711058282,2.023294286349902,10.11647143174951,0.6275821336586404,0.008661227879805984,627582.1336586403,6.160591644497834e-05,1.0
0.6756829141273983,4.884245153316903e-05,3.0347661339322728e-05,0.190601967606128,2.027645151245661,10.138225756228305,0.626953721856838,0.008157657069093951,626953.721856838,6.245814050267867e-05,1.0
0.0,4.858245504471514e-05,3.019280083592155e-05,0.18982421564664828,2.0236156061091877,10.118078030545938,0.6275357027024948,0.007184133995791364,627535.7027024948,6.22045006643575e-05,0.0
0.0,4.829850423971325e-05,2.9521335863073722e-05,0.19036776979136122,2.0333731758977773,10.166865879488887,0.6261273611047574,0.00686290068747985,626127.3611047574,6.294814176668705e-05,0.0
0.0,4.89951075193564e-05,2.9203711153501462e-05,0.19019335710892357,2.0347541289981876,10.173770644990938,0.6259282991544679,0.006315013372315067,625928.2991544679,6.341444826711672e-05,0.0
0.0,4.918035034177757e-05,2.8996896062304358e-05,0.19075447003335777,2.035695474892005,10.178477374460023,0.6257926420815918,0.007301582148307313,625792.6420815918,6.35782980655943e-05,0.0
0.6663380125785636,4.909087643366982e-05,2.9039207994040076e-05,0.19062789940606595,2.0336004585265335,10.168002292632666,0.6260945943635692,0.007350393175701091,626094.5943635692,6.293436488165677e-05,1.0
0.0,4.9358418625531285e-05,2.877480903035133e-05,0.19205068243079457,2.0497640064784006,10.248820032392002,0.6237687298526895,0.007870094714278653,623768.7298526895,6.334588375919247e-05,0.0
0.0,4.8317654079355814e-05,2.864527725362957e-05,0.19141647655694854,2.041636059057876,10.20818029528938,0.6249372242498207,0.007770177363717787,624937.2242498207,6.298624097451604e-05,0.0
0.0,4.8329734202948246e-05,2.83047725040822e-05,0.191101648604405,2.037576592502128,10.187882962510638,0.6255216428634931,0.007724940072303108,625521.6428634931,6.289187472809309e-05,0.0
0.6727924486347654,4.9361896607791664e-05,2.8390011223559938e-05,0.1901696132543792,2.0244517092012853,10.122258546006426,0.6274149012508442,0.007754127759602592,627414.9012508442,6.224581340954486e-05,1.0
0.6686938431863501,4.944083192883717e-05,2.854992537746421e-05,0.19095794565876076,2.0312299857905045,10.156149928952523,0.6264364235461852,0.008352314863706764,626436.4235461853,6.264945729540012e-05,1.0
0.6637219337885996,4.948597187484509e-05,2.8699636474440874e-05,0.19058708404794192,2.024783896011118,10.123919480055589,0.6273669128483861,0.008541080944269927,627366.9128483861,6.278642640603601e-05,1.0
0.658631226067431,4.977031662716929e-05,2.8729352084523634e-05,0.18996181457141498,2.0195878622736325,10.097939311368162,0.6281179632608163,0.008041592403646197,628117.9632608163,6.30041962731038e-05,1.0
0.0,5.022271291628308e-05,2.8292443143882744e-05,0.18998461831857807,2.014026738706588,10.07013369353294,0.6289227809874604,0.008892017624616482,628922.7809874604,6.274022457468707e-05,0.0
0.6626966716339578,4.921952531151249e-05,2.8140608181837233e-05,0.1899475957845447,2.01437342309308,10.0718671154654,0.6288725779535416,0.008767769522630996,628872.5779535415,6.242327303159489e-05,1.0
0.6586820988276114,4.8393971564386725e-05,2.8055604016504942e-05,0.18891828854754908,2.0015783587846268,10.007891793923134,0.6307280769751419,0.008564654070240051,630728.0769751419,6.220762209973943e-05,1.0
0.6503439169195903,4.8531237778642065e-05,2.7973503342298656e-05,0.18658980910960996,1.9791143389479118,9.895571694739559,0.6339989901184908,0.007178608337710733,633998.9901184908,6.216948063786372e-05,1.0
0.0,4.820317474212047e-05,2.8036527640849633e-05,0.1871409895688374,1.9841090925428813,9.920545462714406,0.6332702568288624,0.007552235966537187,633270.2568288624,6.230133392483869e-05,0.0
0.6506159686418236,4.889512387838802e-05,2.8503459499743947e-05,0.18566929707178167,1.9632913336299866,9.816456668149932,0.636313103423474,0.007651697567037385,636313.103423474,6.190260694562461e-05,1.0
0.652779141020084,4.875963420587765e-05,2.8777019173554447e-05,0.18639654706286726,1.9725668847971605,9.862834423985802,0.6349555323182631,0.0077486264439975885,634955.5323182631,6.204761221894187e-05,1.0
0.6525394183284995,4.781717615390354e-05,2.850522345612875e-05,0.18749558915340583,1.988700824596569,9.943504122982844,0.6326010632727506,0.007592241579562228,632601.0632727506,6.228525085017809e-05,1.0
0.648830268633753,4.722682567240347e-05,2.8738639849595164e-05,0.1872726983809484,1.9872845700652872,9.936422850326435,0.6328073910660078,0.007352787827904592,632807.3910660078,6.243597266377212e-05,1.0
0.0,4.590745114914011e-05,2.8955957762902983e-05,0.18817057300865406,2.0005338081311863,10.002669040655931,0.6308797958406231,0.007220941857931285,630879.7958406231,6.272030641697514e-05,0.0
0.6441765597150891,4.5872239357515854e-05,2.8735018365759453e-05,0.188295759735387,2.0002805677731303,10.001402838865651,0.6309165839855623,0.007508103456336299,630916.5839855623,6.282089305720864e-05,1.0
0.6425094741763449,4.5860602506733346e-05,2.9014977775234897e-05,0.18963955596582505,2.0162673680084464,10.081336840042232,0.6285983883420762,0.007877500273726249,628598.3883420761,6.335653754301704e-05,1.0
0.6406385425233181,4.5731159101707726e-05,2.898656522894662e-05,0.1892491133989047,2.0113798421271456,10.056899210635727,0.629306207676255,0.007804434474064425,629306.207676255,6.331960738087007e-05,1.0
0.6378414297967321,4.635597543918844e-05,2.8583847877363355e-05,0.18777365608888516,1.9875034271902914,9.937517135951456,0.6327755023539712,0.008322814531741515,632775.5023539711,6.286935137671121e-05,1.0
0.6450178668669896,4.702811584866302e-05,2.874873173720723e-05,0.18773067313578237,1.9869542412054206,9.934771206027103,0.6328555248790332,0.008316871150597946,632855.5248790332,6.257608469332233e-05,1.0
0.6506100410100225,4.70023593200117e-05,2.8838845649547445e-05,0.18888236431385785,2.0042947883154194,10.021473941577097,0.6303336918908085,0.00809842051852416,630333.6918908084,6.271734499090451e-05,1.0
0.6482127397918297,4.599496529987304e-05,2.879376544780075e-05,0.18933274484695817,2.0095585756085153,10.047792878042577,0.629570170201691,0.008235659895607358,629570.170201691,6.282395368558935e-05,1.0
0.0,4.638370678412171e-05,2.8806654213349745e-05,0.18862293041703612,2.0042141718109665,10.021070859054833,0.6303453926543761,0.007591253488448281,630345.3926543761,6.267307540866473e-05,0.0
0.0,4.673371276269356e-05,2.861479548541621e-05,0.18893768263157856,2.0074189000675946,10.037094500337972,0.6298804223100618,0.007755787573218939,629880.4223100618,6.258514234479673e-05,0.0
0.0,4.695373429251816e-05,2.882553872684702e-05,0.18926729331174416,2.016981770450768,10.08490885225384,0.628494994145503,0.007029580768991375,628494.994145503,6.288852079643832e-05,0.0
0.6509652300910658,4.7505399481321856e-05,2.8835992761957403e-05,0.18895352797741996,2.015785970652608,10.07892985326304,0.6286680697187798,0.006575125673619665,628668.0697187798,6.312181150003116e-05,1.0
0.644625684617375,4.69728774434649e-05,2.8909207559902724e-05,0.19035558417609086,2.0417341520929795,10.208670760464898,0.6249231091046072,0.005634277456788959,624923.1091046073,6.411222635361218e-05,1.0
0.0,4.803779758768817e-05,2.903816598603333e-05,0.18992284372074364,2.0357252894859252,10.178626447429625,0.6257883459898301,0.00563403343131743,625788.3459898301,6.436430589920421e-05,0.0
0.645147006736588,4.759732775936347e-05,2.8711026981984765e-05,0.19103898995625337,2.045035890916654,10.22517945458327,0.6244481897013389,0.006526169613845628,624448.1897013389,6.417320696281415e-05,1.0
0.6517666421977801,4.801999266777663e-05,2.8468521535780453e-05,0.1915271048890015,2.051754545463139,10.258772727315694,0.623482898113025,0.006537107891027998,623482.898113025,6.397132756056579e-05,1.0
0.6488415785877519,4.721591896721442e-05,2.783616776717998e-05,0.1911454525430776,2.0437211803068958,10.218605901534477,0.6246372533367688,0.006928158422924002,624637.2533367688,6.367005053514747e-05,1.0
0.0,4.6806468244235105e-05,2.8048867089383502e-05,0.1913959170250811,2.038602354027281,10.193011770136405,0.6253739181529595,0.008165752203121716,625373.9181529596,6.355462541990981e-05,0.0
0.0,4.762852320271307e-05,2.7724226740471804e-05,0.19219197282660438,2.048011293421529,10.240056467107644,0.6240205194299105,0.008404465083119329,624020.5194299106,6.370653217222435e-05,0.0
0.6531305638953372,4.754550282715839e-05,2.7809513118631065e-05,0.1920516576612119,2.0484989464291408,10.242494732145703,0.6239504544367391,0.008053769759162931,623950.4544367391,6.354280670162616e-05,1.0
0.656873849827613,4.801455407318162e-05,2.796461932374031e-05,0.19208735502748636,2.0509096847678303,10.254548423839152,0.623604200007639,0.0077789100626117534,623604.200007639,6.350514302721625e-05,1.0
0.0,4.817274068607761e-05,2.818603278893326e-05,0.1908595854953843,2.0335318175354304,10.167659087677151,0.6261044899747025,0.007823660965471022,626104.4899747025,6.321104247497558e-05,0.0
0.6619054465635197,4.815680679435597e-05,2.786110705900378e-05,0.1911473592096686,2.0394211677363425,10.197105838681713,0.625256022004194,0.007550740423531139,625256.022004194,6.2951934555229e-05,1.0
0.65108675422891,4.8875595820935194e-05,2.7884336432381495e-05,0.1911823505684015,2.0415057128224414,10.207528564112208,0.6249559809783508,0.007320682115153801,624955.9809783509,6.370772722692118e-05,1.0
0.0,4.877975449219054e-05,2.842773382997019e-05,0.19134972830716326,2.0400364983395813,10.200182491697905,0.625167438813154,0.00786689542748047,625167.438813154,6.366389323973777e-05,0.0
0.6468816872685189,4.7913790348564996e-05,2.897347355736608e-05,0.1918296526420811,2.0428446870033805,10.214223435016901,0.6247633303751547,0.008422635659316967,624763.3303751547,6.403609255897639e-05,1.0
0.6511436528196208,4.7553894495617845e-05,2.9290201014426844e-05,0.19107752083616208,2.03789561619207,10.18947808096035,0.6254756950327821,0.007630736705106295,625475.6950327822,6.371906481252644e-05,1.0
0.6499046625533068,4.787841247005634e-05,2.9405644935783957e-05,0.19041549136073815,2.031218678829394,10.15609339414697,0.6264380544905778,0.00726903721205406,626438.0544905778,6.370901276806248e-05,1.0
0.0,4.8118598773836465e-05,2.9116000120414665e-05,0.19010724121041364,2.028175449936415,10.140877249682074,0.626877171853529,0.007091654274356283,626877.1718535289,6.364438845164002e-05,0.0
0.6439822826424317,4.737269767324201e-05,2.934926660562369e-05,0.18991017788033726,2.022969909154504,10.114849545772518,0.6276290099012772,0.007449365661951783,627629.0099012773,6.375249240619414e-05,1.0
0.6440294554903961,4.706307246007307e-05,2.9314874904887163e-05,0.19176009044245926,2.0443158065818454,10.221579032909228,0.6245517352580471,0.008071916142965575,624551.7352580471,6.420298087298393e-05,1.0
0.6355240926042807,4.6830950336270484e-05,2.9496735889371273e-05,0.193046245882293,2.0525481977386444,10.262740988693222,0.6233689700226572,0.009461461787243206,623368.9700226572,6.485235800786205e-05,1.0
0.0,4.6711596532487965e-05,2.931694813512821e-05,0.1921637834448074,2.041812544544155,10.209062722720773,0.6249118290137422,0.00923939590335701,624911.8290137422,6.410557686246578e-05,0.0
0.0,4.608940780753743e-05,2.9278729238573668e-05,0.19346916522336183,2.06133925367588,10.3066962683794,0.6221084131813952,0.009046743628118855,622108.4131813952,6.485735147484107e-05,0.0
0.635974859377608,4.585343409732694e-05,2.934239886182512e-05,0.19322769545849988,2.0557839024879994,10.278919512439996,0.6229047028463756,0.009360093763375335,622904.7028463755,6.472760621914509e-05,1.0
0.6414834301967878,4.557206017275064e-05,2.9429434312036776e-05,0.19300464820544053,2.0549627781128823,10.274813890564412,0.6230224871177493,0.009031783528630398,623022.4871177493,6.437491992711638e-05,1.0
0.6337231420248078,4.604638559917659e-05,2.9588962440134115e-05,0.19354343100460206,2.062837694499938,10.314188472499689,0.6218938049181084,0.008980666927312532,621893.8049181084,6.513739558832101e-05,1.0
0.6259232448387715,4.653001854268818e-05,2.942342469597396e-05,0.19194578176185767,2.041881055170963,10.209405275854815,0.6249019710106591,0.008793534534374509,624901.9710106591,6.513675985855046e-05,1.0
0.63640143110009,4.652651294279001e-05,2.903197086642142e-05,0.19107155839376988,2.038673175598134,10.19336587799067,0.6253637200951951,0.007506836882734929,625363.7200951951,6.439260697619717e-05,1.0
0.6374275995567457,4.639996278599884e-05,2.953876696106293e-05,0.19065847269898878,2.0321663735764997,10.160831867882498,0.6263013713621784,0.007618316760156003,626301.3713621785,6.42544566901352e-05,1.0
0.6374474275513123,4.654192568629842e-05,3.029476787254868e-05,0.19073816957097117,2.033573846900411,10.167869234502055,0.6260984308033591,0.007574769945301488,626098.4308033591,6.447233634263774e-05,1.0
0.6348420994509676,4.6202799618844665e-05,3.042309872845842e-05,0.19129849206704025,2.0366028667950573,10.183014333975287,0.6256619059374434,0.008258890071523908,625661.9059374434,6.464791347909669e-05,1.0
0.6252426753385891,4.570532758538405e-05,3.0017439125470216e-05,0.19120887398757966,2.035098215805833,10.175491079029163,0.6258787094987023,0.008296457473861608,625878.7094987023,6.50302992506652e-05,1.0
0.6182519650520711,4.532111042921351e-05,2.978513180790795e-05,0.19077251348844831,2.033159778507926,10.16579889253963,0.6261581276083307,0.00770315458522729,626158.1276083307,6.533107125336154e-05,1.0
0.6178046654189763,4.509728163864351e-05,2.994216444246508e-05,0.19145016450679433,2.043147896664122,10.21573948332061,0.6247197130434443,0.007620042057032982,624719.7130434443,6.561028887834832e-05,1.0
0.6088553240334094,4.461359910597451e-05,3.0345655837120165e-05,0.19110592734773965,2.04529979803418,10.2264989901709,0.6244102450988447,0.006622099794324009,624410.2450988446,6.629658566708836e-05,1.0
0.6051492891820758,4.480235690338645e-05,2.9974875530015205e-05,0.1908016243191795,2.0448080521740155,10.224040260870078,0.6244809502424787,0.006084198880837707,624480.9502424787,6.650206416307185e-05,1.0
0.6086150459827138,4.527116760221058e-05,2.993807817316023e-05,0.19104153867495136,2.0453905970451367,10.226952985225683,0.6243971905373947,0.006480267887297452,624397.1905373947,6.634356617912206e-05,1.0
0.6104612053705097,4.457219509976725e-05,2.9998096229030217e-05,0.19226687869781822,2.062841675079536,10.31420837539768,0.6218932349139382,0.006426992309574672,621893.2349139382,6.654996282647366e-05,1.0
0.6066059809289492,4.469331555337992e-05,3.0257507839835375e-05,0.19256687841265194,2.0633115813477865,10.316557906738932,0.6218259497578283,0.006959706583132211,621825.9497578284,6.687513451508231e-05,1.0
0.6114392211377356,4.4689481344679154e-05,3.0149277354718553e-05,0.1916462738849108,2.056900864671174,10.284504323355868,0.6227445185562089,0.0060370663260305435,622744.5185562089,6.64111334305801e-05,1.0
0.6133464713731359,4.4966446060553975e-05,2.9677147400227604e-05,0.19017163563812575,2.0366728564916396,10.183364282458198,0.6256518230245965,0.005995094300848056,625651.8230245966,6.57227395059782e-05,1.0
0.0,4.50606477552911e-05,2.9869963720058923e-05,0.18900521184452126,2.0216000256214577,10.108000128107287,0.6278270124765947,0.005837436165637202,627827.0124765947,6.521792880491344e-05,0.0
0.0,4.443263516021946e-05,3.0210003235209115e-05,0.18891678518232766,2.016497766158231,10.082488830791153,0.6285650413689757,0.0063986117336310615,628565.0413689758,6.514350977302808e-05,0.0
0.6145931356379376,4.391278780758649e-05,3.0181025731981383e-05,0.18901866725233496,2.0150840423955247,10.075420211977622,0.6287696863783718,0.006807020883041751,628769.6863783718,6.499550785769051e-05,1.0
0.0,4.404924383922724e-05,3.0298977244733686e-05,0.18878682217172155,2.009226146951512,10.046130734757558,0.629618362196982,0.007192006540425065,629618.362196982,6.440160106669008e-05,0.0
0.6180053546274986,4.4682649422315454e-05,3.015065033101089e-05,0.18944132212876522,2.0125530637829394,10.062765318914696,0.6291362271711282,0.008018871428658614,629136.2271711282,6.478997896101496e-05,1.0
0.0,4.3681902748347644e-05,2.9893905485972904e-05,0.1889388511264443,2.0066169220621974,10.033084610310986,0.6299967481925536,0.007874450445442159,629996.7481925535,6.447073277603206e-05,0.0
0.609818966594061,4.398112798328148e-05,3.020395508041761e-05,0.18862027024876693,1.997339690919599,9.986698454597995,0.6313439613566498,0.008584501854183675,631343.9613566499,6.47986763836174e-05,1.0
0.0,4.469631642625967e-05,3.0316124733153598e-05,0.18882222890476422,2.003519335454781,10.017596677273906,0.6304462509321317,0.008090708741660133,630446.2509321317,6.498706081696235e-05,0.0
0.6080341435535166,4.472587715963137e-05,3.045691281831109e-05,0.18955838913988743,2.0171428937144658,10.085714468572329,0.6284716774121692,0.007588455691944084,628471.6774121693,6.564983047016325e-05,1.0
0.6084426184134595,4.5106460864451966e-05,3.089840910634325e-05,0.18894370088747015,2.005728359862711,10.028641799313554,0.6301256580889141,0.008013059863854371,630125.6580889141,6.54893004155776e-05,1.0
0.6022522160680381,4.4852797106714026e-05,3.056398822392082e-05,0.1887558345373186,2.008050951302535,10.040254756512674,0.6297887592227357,0.007300428297372883,629788.7592227357,6.587496025462999e-05,1.0
0.6001040311519933,4.489605806494131e-05,3.0387100578994574e-05,0.18752999741770243,1.9888398856949459,9.944199428474729,0.6325808077102301,0.007640802545634904,632580.8077102301,6.549231158387826e-05,1.0
0.0,4.418768014448841e-05,3.0426738572065092e-05,0.18651951809721787,1.9743177066737756,9.871588533368877,0.6346996068971471,0.007738643091582869,634699.6068971471,6.512438146971645e-05,0.0
0.0,4.31317548873892e-05,3.024890982929542e-05,0.1864171593043405,1.9689436942605285,9.844718471302642,0.6354854779853977,0.008319796594078648,635485.4779853977,6.524267261088478e-05,0.0
0.5840178751954823,4.374050269025406e-05,3.0478872593291245e-05,0.18729367212892523,1.9809139246990897,9.904569623495448,0.6337363344218692,0.00832367867971963,633736.3344218691,6.6207338401139e-05,1.0
0.5851184866548315,4.337319517258676e-05,3.0413075375154226e-05,0.18678368136185003,1.9735085859080532,9.867542929540265,0.634817866855573,0.008385229579273002,634817.8668555729,6.584757604410839e-05,1.0
0.0,4.327796734663331e-05,3.0107054025401985e-05,0.1863689220325642,1.9658774094422367,9.829387047211183,0.6359343134190216,0.008672157484149994,635934.3134190217,6.580507750085235e-05,0.0
0.0,4.271918687306555e-05,3.0124644447450243e-05,0.18629291553645208,1.9669207340723365,9.834603670361682,0.635781558486533,0.008367389559437105,635781.558486533,6.573642429455587e-05,0.0
0.0,4.2159818284062296e-05,3.0173253189743274e-05,0.1862082512924878,1.9679531555023884,9.839765777511941,0.6356304360295276,0.008046938614503252,635630.4360295276,6.582278441760012e-05,0.0
0.5815938058153384,4.222970306833374e-05,3.0450192744817307e-05,0.18581829801903083,1.9607427776647939,9.80371388832397,0.6366866185240733,0.008323214562134897,636686.6185240733,6.556269342833241e-05,1.0
0.5916699575962598,4.202032040989924e-05,3.0559131160865185e-05,0.18733762933208573,1.9813901377841305,9.906950688920652,0.6336668477021554,0.00834210636632688,633666.8477021555,6.534067208586845e-05,1.0
0.5951859162237713,4.236889950069861e-05,3.068629245505583e-05,0.18708589707821946,1.979108701297294,9.89554350648647,0.6339998131239093,0.008171607280348202,633999.8131239093,6.514746178555079e-05,1.0
0.5933042559963696,4.274779072017443e-05,3.076865411115688e-05,0.18719687048640454,1.9806623770955292,9.903311885477645,0.6337730421120833,0.008166783084892404,633773.0421120833,6.541277531728686e-05,1.0
0.5978213825883704,4.305325972893325e-05,3.0696814272546165e-05,0.18734878972885868,1.9770313341765142,9.885156670882571,0.6343031477193963,0.009000727177113721,634303.1477193963,6.501451293953294e-05,1.0
0.0,4.331149492981881e-05,3.0468012252561864e-05,0.1876026733737445,1.981890423114496,9.90945211557248,0.6335938566827125,0.008799203430201501,633593.8566827126,6.534049950420155e-05,0.0
0.0,4.4234149133688373e-05,3.054530351300844e-05,0.188422582963763,1.9946021902492472,9.973010951246236,0.6317420436274305,0.008587209554956463,631742.0436274305,6.563751165336064e-05,0.0
0.5991379411120014,4.381566926649216e-05,3.043446001298318e-05,0.1892253726233439,2.011346783413808,10.05673391706904,0.6293109980048383,0.007761743251526086,629310.9980048382,6.592323018527583e-05,1.0
0.0,4.3911888448060855e-05,3.093271759885582e-05,0.1886679331813423,2.0034971909928934,10.017485954964465,0.6304494655547324,0.007785331917417007,630449.4655547324,6.592594377833934e-05,0.0
0.599355980703111,4.459999558935943e-05,3.131671793531067e-05,0.18964721718056096,2.0144351989360474,10.072175994680236,0.6288636326735669,0.008158067034688863,628863.6326735669,6.632693315991714e-05,1.0
0.0,4.534026558224126e-05,3.148023531630994e-05,0.1902515299134022,2.0196433031528365,10.098216515764182,0.6281099449250311,0.00861300475183552,628109.9449250312,6.650397882296595e-05,0.0
0.0,4.472257844592415e-05,3.1564170691771635e-05,0.19096804166439327,2.028995803184381,10.144979015921903,0.6267587701288275,0.008694853457614076,626758.7701288275,6.696230345970578e-05,0.0
0.5960098137995156,4.467194915617773e-05,3.150649956264185e-05,0.1911118886275298,2.027497094393765,10.137485471968825,0.6269750959199426,0.009198873175002236,626975.0959199426,6.690101706821505e-05,1.0
0.0,4.545757072098781e-05,3.109803245198487e-05,0.19112795028275595,2.025076744773068,10.125383723865339,0.6273246103469304,0.009580510912442313,627324.6103469305,6.626283672363348e-05,0.0
0.0,4.580245885916759e-05,3.1011220135948585e-05,0.19204931360135902,2.0339323563347462,10.169661781673732,0.6260467486063216,0.010145375809039597,626046.7486063216,6.629807238864962e-05,0.0
0.617031882867819,4.5984041197724125e-05,3.102141574325119e-05,0.1929324759579076,2.0428006342686142,10.214003171343071,0.6247696677047824,0.010634619620597587,624769.6677047823,6.590946334055674e-05,1.0
0.0,4.5955518027052315e-05,3.1069824370719566e-05,0.19438145111920868,2.057601827221861,10.288009136109304,0.6226440140878219,0.011406916326239261,622644.0140878219,6.641991366257366e-05,0.0
0.6114947370743833,4.5844507203657394e-05,3.1189288793409924e-05,0.19438469762507618,2.0584352662319287,10.292176331159643,0.622524536166279,0.011293931416431351,622524.536166279,6.665001222997271e-05,1.0
0.6101786432826317,4.6071726591129406e-05,3.144190207690503e-05,0.19387956388749936,2.0561974146309425,10.280987073154712,0.6228453959919232,0.01060452376692197,622845.3959919233,6.681279400110447e-05,1.0
0.0,4.602410499681458e-05,3.120541781385907e-05,0.19218947436505437,2.030474930538382,10.152374652691908,0.6265453439333175,0.01092429266342624,626545.3439333175,6.624830313585277e-05,0.0
0.0,4.6082333586356065e-05,3.0976386775419183e-05,0.19116681731294663,2.0137528265476603,10.068764132738302,0.6289624487789258,0.011296083404819104,628962.4487789258,6.605089947745368e-05,0.0
0.0,4.619998626768646e-05,3.139211604383375e-05,0.19124080421324352,2.009535253964873,10.047676269824366,0.6295735510069262,0.01205515943341329,629573.5510069262,6.539833758512851e-05,0.0
0.0,4.5936950778085984e-05,3.159556819971502e-05,0.19072763133119902,1.998333959573114,9.991669797865569,0.6311994387604318,0.012654701422829878,631199.4387604318,6.50228360240761e-05,0.0
0.6211520449107508,4.6284276449464983e-05,3.144642555308072e-05,0.1917809398904789,2.006508586035984,10.03254293017992,0.6300124638413478,0.013574343622305562,630012.4638413478,6.474143714831043e-05,1.0
0.0,4.7815713244683396e-05,3.1385333691333434e-05,0.19093905927186156,1.993278204699475,9.966391023497374,0.6319346651962996,0.013812783740022717,631934.6651962996,6.425160428110772e-05,0.0
0.6180995653543603,4.697090566012669e-05,3.13268128335043e-05,0.19060299563319832,1.9883995973219826,9.941997986609913,0.6326449420947949,0.013850933361191576,632644.9420947949,6.456612163417782e-05,1.0
0.0,4.719349380901915e-05,3.1309748813518626e-05,0.18989845616858242,1.9840113404441582,9.92005670222079,0.63328451079614,0.01308142313330487,633284.5107961401,6.472726373291605e-05,0.0
0.0,4.6869528888529314e-05,3.1425358764919836e-05,0.1908450710150107,1.9963785444692694,9.981892722346347,0.6314837009078744,0.013173842937895813,631483.7009078744,6.517258985104993e-05,0.0
0.6178806696232926,4.722083959951835e-05,3.215734941345139e-05,0.19023796679680416,1.9903685860896876,9.951842930448437,0.6323581808070939,0.012834114400702238,632358.180807094,6.490259229819382e-05,1.0
0.0,4.7299701544191916e-05,3.2171129393531155e-05,0.19060570991078105,1.9950853355483738,9.975426677741869,0.6316717672978424,0.012883187119404428,631671.7672978423,6.465956504640827e-05,0.0
0.0,4.773463490032931e-05,3.232648625078811e-05,0.19073994437092448,1.9971406901126334,9.985703450563166,0.6313728912283222,0.012852779970171167,631372.8912283222,6.47114085824961e-05,0.0
0.6206161313722887,4.8367695490577116e-05,3.1774013513915306e-05,0.19148941158337213,2.0062307611648538,10.031153805824268,0.6300527679984486,0.013031591165192811,630052.7679984486,6.52162052817547e-05,1.0
0.0,4.8496552139649666e-05,3.159306324580335e-05,0.19204186277204313,2.0146082964627214,10.073041482313606,0.6288385684430334,0.0129222939871197,628838.5684430334,6.548739638592649e-05,0.0
0.0,4.909264724106376e-05,3.192984648170226e-05,0.19220102958373794,2.0139817294047715,10.069908647023857,0.6289292990352677,0.013331358202743598,628929.2990352678,6.49335811932352e-05,0.0
0.0,4.7938645349348146e-05,3.2011944169475204e-05,0.1902359422089586,1.996739149690604,9.98369574845302,0.631431269464334,0.011903153882251197,631431.269464334,6.448221921035345e-05,0.0
0.6360313305900739,4.87750985913192e-05,3.065497091062625e-05,0.19010064078797692,1.9944869578303355,9.972434789151677,0.6317588060162312,0.011960087592185096,631758.8060162312,6.380064114686507e-05,1.0
0.6335394720748104,4.8987127695438984e-05,3.0844078453108584e-05,0.19037516747086497,1.9943976622284074,9.971988311142036,0.6317717957881878,0.012522130729917674,631771.7957881878,6.400089456272653e-05,1.0
0.0,4.9546306819402794e-05,3.140264620243504e-05,0.1910335641078972,1.997369801315367,9.986849006576834,0.631339584153753,0.013406712369547429,631339.584153753,6.382447665534019e-05,0.0
0.0,4.894544281059398e-05,3.0775821002550404e-05,0.19064976507509374,1.9900468538368514,9.950234269184257,0.6324050286411615,0.013704558791349011,632405.0286411615,6.32366619159723e-05,0.0
0.6393228415353558,4.855114901357943e-05,3.121612088519305e-05,0.19187797611574609,2.001654927944201,10.008274639721003,0.6307169568953211,0.0144729091268133,630716.9568953211,6.374253315607467e-05,1.0
0.6345024818137143,4.865309518038023e-05,3.0360211778301412e-05,0.19188296711745395,2.0017580235684664,10.008790117842333,0.6307019847072485,0.014467918942156405,630701.9847072485,6.387890069868712e-05,1.0
0.6350284326255828,4.867151433210389e-05,3.063440722625141e-05,0.19116734239480654,1.9925178896189761,9.96258944809488,0.6320453070616637,0.014379991851276808,632045.3070616637,6.36809180364846e-05,1.0
0.625462933001876,4.883961833946681e-05,3.061912449392271e-05,0.19093318250953295,1.9880852534391797,9.940426267195898,0.6326907348167993,0.014557099835865147,632690.7348167993,6.419025510021482e-05,1.0
0.0,4.940508355314246e-05,2.9901750639470873e-05,0.19230575267566513,2.0076089749100645,10.038044874550321,0.629852855346372,0.014464360697702312,629852.855346372,6.4819085612579e-05,0.0
0.624732210922854,4.853437172442818e-05,3.0037556974853392e-05,0.1925359030828449,2.0141005743413283,10.07050287170664,0.6289120885840498,0.013983894749739585,628912.0885840498,6.473531129458585e-05,1.0
0.6257616192045701,4.9050593825798274e-05,3.0382057760101943e-05,0.19310511500069663,2.024303128410146,10.121515642050728,0.6274363667312856,0.013646596732678843,627436.3667312856,6.509848036783071e-05,1.0
0.6287507419130313,4.907372290426127e-05,3.0483582706046375e-05,0.1920021064992448,2.0134011961448084,10.067005980724042,0.6290133753464976,0.013017588344987188,629013.3753464976,6.469029081502681e-05,1.0
0.6238180914627658,4.899035751561377e-05,3.064935934304333e-05,0.1915853523660343,2.0062448753000743,10.031224376500372,0.6300507203934514,0.013221425125520067,630050.7203934514,6.484430522224943e-05,1.0
0.6211711775636639,4.8274992748109046e-05,3.0512869322480743e-05,0.19105223887277054,1.9993057547352606,9.996528773676303,0.6310582147837188,0.013162692529259903,631058.2147837188,6.470135670338326e-05,1.0
0.619107452850113,4.85610172273353e-05,2.994419500946482e-05,0.19106548840102208,2.0011635770164418,10.005817885082209,0.6307883188182515,0.012919295620295656,630788.3188182515,6.480740498975289e-05,1.0
0.624775585502853,4.738274295727308e-05,3.0152870315976644e-05,0.19076654453752365,1.9994002871652574,9.997001435826286,0.6310444787544238,0.012577567829471097,631044.4787544238,6.427504590912785e-05,1.0
0.0,4.7759285103746975e-05,3.0674739085491e-05,0.19051207892575933,1.994517337309382,9.97258668654691,0.6317543867944628,0.012778544645981488,631754.3867944628,6.412557687398192e-05,0.0
0.6278967774500926,4.705804648393554e-05,3.100011856004942e-05,0.19042247630987788,1.9909862946381598,9.954931473190799,0.6322682452236111,0.013113197843366894,632268.2452236111,6.397516818209685e-05,1.0
0.6320950379358976,4.714361451056557e-05,3.038375343996803e-05,0.18954333484703462,1.9832262168786459,9.916131084393228,0.6333990071941777,0.012485676888246965,633399.0071941777,6.342989198522297e-05,1.0
0.0,4.7141157801690295e-05,2.9921610049005388e-05,0.1890898589872551,1.9817632996720587,9.908816498360293,0.633612403041084,0.011792121015594216,633612.4030410841,6.328988387787651e-05,0.0
0.6314862711550426,4.778310371930343e-05,2.966938752548608e-05,0.1901481235060807,1.9932601895169553,9.966300947584775,0.6319372865609314,0.012233533573092838,631937.2865609314,6.367311582935265e-05,1.0
0.0,4.773811406041042e-05,2.9198107139592314e-05,0.18868904943716322,1.9782635922111185,9.891317961055591,0.6341231974080602,0.011501296282386685,634123.1974080602,6.326006379507494e-05,0.0
0.6376239662819201,4.743628249862938e-05,2.922740197266728e-05,0.18909546946032732,1.9821631147032486,9.910815573516242,0.6335540748529955,0.011745013773650193,633554.0748529956,6.289785247010704e-05,1.0
0.6388555870666602,4.723425550067119e-05,2.936087867476809e-05,0.1905132339134745,1.9963207793579798,9.981603896789899,0.6314921002706052,0.012518568097554196,631492.1002706052,6.314295354446573e-05,1.0
0.6412702548829543,4.7926011775035104e-05,2.894458511630002e-05,0.1907649979661537,1.9945624927851648,9.972812463925823,0.6317478182049923,0.01327781413729968,631747.8182049922,6.293389026222306e-05,1.0
0.6420944121847217,4.823564002412485e-05,2.9198831951756676e-05,0.19053970730371153,1.9893824826380024,9.946912413190011,0.6325017795424467,0.01358119414986973,632501.7795424467,6.284104750660148e-05,1.0
0.6421466435548352,4.8078112232880775e-05,2.9395186495927546e-05,0.1913688324644084,1.998837147844748,9.99418573922374,0.6311263100957166,0.013863975024533397,631126.3100957166,6.308094419652542e-05,1.0
0.0,4.7998326778240904e-05,2.9242835028555883e-05,0.19117890586549086,1.9890181861191647,9.945090930595823,0.6325548375181592,0.014912649249140956,632554.8375181592,6.268978592474414e-05,0.0
0.6447615961465002,4.725477169738336e-05,2.920622173218957e-05,0.19054565035794435,1.989010907097394,9.94505453548697,0.6325558977168225,0.013647198432711252,632555.8977168226,6.253511829073758e-05,1.0
0.6434629400245039,4.750391336386147e-05,2.8637156944849868e-05,0.1896509572466563,1.9788322479515887,9.894161239757944,0.6340401721327041,0.013342086626016708,634040.1721327042,6.228462167622175e-05,1.0
0.6361673855160136,4.66739272427365e-05,2.8564735159066747e-05,0.18849264169728736,1.9605545932923143,9.802772966461571,0.63671420742346,0.013699490818034675,636714.20742346,6.210029702668721e-05,1.0
0.6365144214955363,4.71163469307995e-05,2.8595655948124508e-05,0.18831773978851543,1.9598236587785203,9.799118293892601,0.6368213779207221,0.013456857497753003,636821.3779207221,6.214388717676724e-05,1.0
0.6299183747953536,4.723833078842914e-05,2.8674367107730476e-05,0.18772456486893963,1.94799323497028,9.7399661748514,0.6385584797642222,0.01400760950210146,638558.4797642222,6.225208146500235e-05,1.0
0.0,4.848704007244752e-05,2.881454283918192e-05,0.18774253063763457,1.9489166651375827,9.744583325687913,0.6384227190066352,0.013907780281904335,638422.7190066351,6.258407950102258e-05,0.0
0.6210177690989314,4.796723149413642e-05,2.891152450536745e-05,0.18862978930144966,1.961088628078638,9.805443140393189,0.6366359180035357,0.013895496606435047,636635.9180035357,6.330016006596005e-05,1.0
0.6152165584908668,4.795655581873337e-05,2.88539909060804e-05,0.18993514509606507,1.9804094095838616,9.902047047919307,0.6338099591500532,0.013680249342183377,633809.9591500532,6.414830901185167e-05,1.0
0.6117751823803624,4.8896568552820235e-05,2.896276957072509e-05,0.18986453898520597,1.9817365142316163,9.908682571158081,0.6336163109055237,0.01334538887593568,633616.3109055237,6.459761000762265e-05,1.0
0.0,4.951433200190954e-05,2.9284123777303663e-05,0.19046351315169652,1.9922939422667403,9.9614697113337,0.6320778998134501,0.01300492611684314,632077.89981345,6.445451892232273e-05,0.0
0.6178294305364731,4.91759393360814e-05,2.9269791879764697e-05,0.1908026548956404,1.9964376899224718,9.982188449612359,0.6314751009516438,0.013080410742924665,631475.1009516438,6.469939708977608e-05,1.0
0.6141600257175579,4.9304404263546495e-05,2.9379674509418904e-05,0.19030474245997167,1.9926777999852718,9.963388999926359,0.6320220351252114,0.012631520045154738,632022.0351252113,6.491512691037096e-05,1.0
0.0,4.9319315856483106e-05,2.933622970043129e-05,0.18912377472396655,1.9735764804462574,9.867882402231286,0.6348079426380642,0.013055492085997288,634807.9426380642,6.479533848023781e-05,0.0
0.0,4.947390747305052e-05,2.9155477431478793e-05,0.19048150097124164,1.9903698741081535,9.951849370540767,0.6323579932640955,0.013320995206578753,632357.9932640955,6.49148391484994e-05,0.0
0.6098887641379187,4.91350891055971e-05,2.9329231782924498e-05,0.18997250063841,1.980071454733179,9.900357273665895,0.6338592822461121,0.013804283522932097,633859.2822461121,6.479148097568855e-05,1.0
0.0,4.910772712213479e-05,2.9176079364014946e-05,0.19068870159301393,1.9942977347526931,9.971488673763465,0.6317863324884491,0.013163735674476956,631786.332488449,6.510390500351435e-05,0.0
0.0,4.832654639205374e-05,2.9308401847032305e-05,0.1906306971007003,1.9997798563502618,9.998899281751308,0.6309893284861936,0.012250722687594195,630989.3284861936,6.573014688066191e-05,0.0
0.0,4.842757719014671e-05,2.9330710421544673e-05,0.1898976389685333,1.9900241313707827,9.950120656853914,0.6324083374189599,0.01220361535602643,632408.3374189598,6.49953532594185e-05,0.0
0.0,4.868403598305469e-05,2.9252915810157737e-05,0.19084189917888975,1.9933436323615568,9.966718161807783,0.6319251449979062,0.013608943355685662,631925.1449979062,6.4782658910258e-05,0.0
0.622143168064352,4.859664555707165e-05,2.9169414644310584e-05,0.19267995378839856,2.014805870327179,10.074029351635895,0.6288099613008221,0.014169868877619233,628809.9613008221,6.471704334988547e-05,1.0
0.6200600556172557,4.7817187200637824e-05,2.9033590053699665e-05,0.19358804482351014,2.029866278729273,10.149331393646365,0.6266331586987932,0.013809248345813492,626633.1586987933,6.509000051421363e-05,1.0
0.6096975372505917,4.8355109388050796e-05,2.8559177900998968e-05,0.1932428240086705,2.024141822593343,10.120709112966715,0.6274596714287719,0.013945319446112893,627459.6714287719,6.557917432067664e-05,1.0
0.0,4.857026971928618e-05,2.8702862871527495e-05,0.19283557941582555,2.016539178559629,10.082695892798146,0.6285590476792614,0.014230206510912476,628559.0476792614,6.531629315915694e-05,0.0
0.6121961711377212,4.823585677604997e-05,2.879826966168044e-05,0.19249975528826574,2.017210475361597,10.086052376807986,0.6284618976837963,0.013461408260327795,628461.8976837964,6.530532930206009e-05,1.0
0.610938252889845,4.813083941710994e-05,2.907720534418138e-05,0.19266285293153393,2.0152111285646668,10.076055642823334,0.6287512871665707,0.014076993029638541,628751.2871665707,6.53629159149634e-05,1.0
0.0,4.7417887927376824e-05,2.8936224166605714e-05,0.19342552843594651,2.026904279849801,10.134521399249005,0.6270606842337423,0.0139117411056353,627060.6842337423,6.556070479757263e-05,0.0
0.6105450349353553,4.6956825104940334e-05,2.95261147709166e-05,0.19385843590429325,2.033762085617023,10.168810428085115,0.6260712940526322,0.013788165861218662,626071.2940526322,6.578419579146985e-05,1.0
0.0,4.6748782929662956e-05,2.942167169114338e-05,0.1925555033945305,2.016164427889398,10.08082213944699,0.6286132880846502,0.013724294873711216,628613.2880846502,6.540311497605668e-05,0.0
0.0,4.7428017677209774e-05,2.9170705364662106e-05,0.19311279855187005,2.0204278918858494,10.102139459429246,0.6279964819421509,0.014222079045890939,627996.4819421509,6.519605449476347e-05,0.0
0.613865946955031,4.715970562822184e-05,2.8889185781416063e-05,0.19272271876360628,2.0182284244394584,10.091142122197292,0.6283146088586599,0.013760046385872415,628314.6088586599,6.505914665118646e-05,1.0
0.0,4.7536618345321784e-05,2.8391225344818844e-05,0.19225884692234024,2.01823493731095,10.09117468655475,0.6283136666110822,0.01283136045576274,628313.6666110823,6.522982063011682e-05,0.0
0.0,4.731672787698456e-05,2.8883189205640407e-05,0.1924649318486042,2.0203596687073375,10.101798343536688,0.6280063471958891,0.012936210893097507,628006.3471958891,6.550603280604857e-05,0.0
0.6066514586599867,4.749436709987081e-05,2.9316845638758198e-05,0.19276080298686088,2.0319397653859568,10.159698826929784,0.6263340516584273,0.011855657632148993,626334.0516584272,6.612514489810504e-05,1.0
0.6069440735884342,4.7473782006801495e-05,2.9510732274848462e-05,0.19332529483382835,2.041078899713698,10.20539449856849,0.6250174030142815,0.011667992681938244,625017.4030142815,6.638772106106428e-05,1.0
0.6062133231267279,4.796083466671184e-05,2.9251690987018758e-05,0.1930061425560901,2.032759894312551,10.163799471562756,0.6262157848610487,0.012228069973228888,626215.7848610487,6.621926666804451e-05,1.0
0.6052518692322754,4.773421230426832e-05,2.981003747174612e-05,0.19303912881244417,2.0315185767494035,10.157592883747018,0.6263947979006304,0.01247305552551868,626394.7979006304,6.63452838023256e-05,1.0
0.0,4.6993263933181736e-05,2.97083209738547e-05,0.19290585247844444,2.0264029912858432,10.132014956429217,0.6271330674909821,0.012944772447870944,627133.0674909821,6.596781671399339e-05,0.0
0.0,4.6362424138836284e-05,2.9633446805009612e-05,0.19177654567358776,2.0090564717710606,10.045282358855303,0.6296429613343394,0.01319605268151494,629642.9613343393,6.527726517189012e-05,0.0
0.0,4.616923690908818e-05,3.007195559304024e-05,0.1922547420362484,2.0077816372596287,10.038908186298142,0.6298278147997796,0.014337298872276345,629827.8147997796,6.514693788425572e-05,0.0
0.0,4.5621322185567385e-05,3.0268189656523697e-05,0.19338789569570833,2.026073548790027,10.130367743950135,0.6271806416895858,0.01395643308100241,627180.6416895858,6.516268242359415e-05,0.0
0.6180217828498014,4.5914001749695815e-05,3.09231568050196e-05,0.1921714072263258,2.008431643876729,10.042158219383644,0.6297335558052349,0.014076370257886524,629733.5558052349,6.47934881581948e-05,1.0
0.0,4.576283763227286e-05,3.0979310347014915e-05,0.19199144101492796,2.008022393062594,10.040111965312969,0.6297929005872666,0.013775782617122468,629792.9005872665,6.504632755746638e-05,0.0
0.0,4.703488415464062e-05,3.0840614900201e-05,0.19214054105445946,2.007300563747245,10.036502818736226,0.6298975854908185,0.014178667599737455,629897.5854908185,6.475835337651312e-05,0.0
0.6167725353605898,4.622532917397924e-05,3.064026113715904e-05,0.1922813744278798,2.0100319071899437,10.050159535949717,0.6295015579539579,0.014064306809717458,629501.5579539579,6.490566493388951e-05,1.0
0.6184517729360958,4.640263917985455e-05,3.007335706125867e-05,0.19195736927926826,2.0002040194722053,10.001020097361026,0.6309277045547086,0.014842443113245132,630927.7045547086,6.441813108058064e-05,1.0
0.0,4.5910609884504626e-05,2.9988311188191638e-05,0.1907390680021618,1.9859488331747617,9.929744165873808,0.6330020502689556,0.014480186273279242,633002.0502689556,6.370851816067057e-05,0.0
0.614038055351112,4.5745697016623194e-05,3.033192296607602e-05,0.1900603147233077,1.9724438799433202,9.8622193997166,0.6349735163640567,0.015094145810672149,634973.5163640567,6.39463666963864e-05,1.0
0.6203801856831255,4.5901492812961005e-05,3.050493475855132e-05,0.1911692984199317,1.9863043399277687,9.931521699638843,0.6329502358198673,0.01528883265973069,632950.2358198673,6.393950286123637e-05,1.0
0.0,4.482077726926464e-05,3.0500928465348413e-05,0.19041139502365187,1.9767513933855945,9.883756966927972,0.6343440354246889,0.015166825471992586,634344.0354246888,6.327124551499483e-05,0.0
0.6234006530509847,4.504277478227336e-05,3.0192429562896547e-05,0.19016428429933852,1.972220743601351,9.861103718006754,0.6350061415328057,0.015334710131482696,635006.1415328056,6.318534467589823e-05,1.0
0.6256710757273583,4.609337301776498e-05,3.0256642877042436e-05,0.19175159998774158,1.9938226547154536,9.969113273577268,0.6318554481471345,0.015358648122617637,631855.4481471345,6.376835237557175e-05,1.0
0.6236753198491986,4.5944786408225384e-05,3.05553541310602e-05,0.19126141827907026,1.98660364505338,9.933018225266899,0.6329066159421507,0.01542945250029119,632906.6159421507,6.374959105622317e-05,1.0
0.6160704349132274,4.615579460846363e-05,3.0673462825379986e-05,0.19142430758764833,1.9902955681318215,9.951477840659107,0.6323688127384415,0.01521742791373817,632368.8127384415,6.440056755063941e-05,1.0
0.0,4.674513956285706e-05,3.0710014119762396e-05,0.19198438300383566,2.00112777353544,10.0056388676772,0.6307935190940146,0.014762285101685911,630793.5190940147,6.438537017422461e-05,0.0
0.6252087653048598,4.672826002158642e-05,3.0456726541382786e-05,0.1925881405462932,2.011262419934524,10.056312099672619,0.6293232227470845,0.014499503839670929,629323.2227470846,6.441806176609276e-05,1.0
0.0,4.650321472688895e-05,3.0707746554788735e-05,0.19113973428548509,1.9977214079653967,9.988607039826983,0.6312884727029332,0.013567941273903398,631288.4727029332,6.451944809070205e-05,0.0
0.6093929815946835,4.5435282230490295e-05,2.9754020178069705e-05,0.19079897057142553,1.9906334553290739,9.953167276645368,0.6323196154718406,0.013917556614691642,632319.6154718406,6.457245814661436e-05,1.0
0.0,4.584707194557798e-05,2.9873793487167855e-05,0.1906846714226409,1.9938444259850123,9.969222129925061,0.6318522806510283,0.01322162349631007,631852.2806510283,6.483662437907359e-05,0.0
0.6150800655397486,4.587354630180197e-05,3.0647414211707875e-05,0.19200710509532454,2.013257712039145,10.066288560195725,0.629034157308117,0.013048367498766018,629034.1573081169,6.508518564718575e-05,1.0
0.6078859129739468,4.5449733450071854e-05,3.0181953911274164e-05,0.1915674242788647,2.00537745121195,10.02688725605975,0.6301765741118018,0.013311422669531215,630176.5741118018,6.517087073570541e-05,1.0
0.6050931743049343,4.560403713620926e-05,3.0105903996638272e-05,0.1913780188891572,2.0003337723466,10.001668861733,0.6309088547963762,0.013664892574690547,630908.8547963762,6.522500492101784e-05,1.0
0.6053040723345908,4.5400116215081984e-05,3.010141261966809e-05,0.19120183775440427,2.004522841113678,10.02261420556839,0.6303005932459695,0.012704268754778116,630300.5932459695,6.532225960838353e-05,1.0
0.6080109225328798,4.522790082522258e-05,2.9960609523057756e-05,0.1915946190278736,2.010628966564888,10.05314483282444,0.6294150212863228,0.012604259342070014,629415.0212863227,6.523525062998291e-05,1.0
0.0,4.5626488386772484e-05,3.0272309605364296e-05,0.19216068594279964,2.0172189272766174,10.086094636383088,0.6284606746193537,0.012782046504953026,628460.6746193537,6.537261778477547e-05,0.0
0.6029107077871859,4.504476741337511e-05,3.04085987175636e-05,0.19150793149290832,2.008410990082737,10.042054950413686,0.6297365506436685,0.012752413629485128,629736.5506436685,6.558812252941624e-05,1.0
0.0,4.566752970814449e-05,3.0446116854976524e-05,0.1914182376589179,2.0029222889117384,10.014611444558692,0.6305329275178964,0.013369402835732198,630532.9275178964,6.505515771881321e-05,0.0
0.6142068530531907,4.5055336032422396e-05,3.067637628622778e-05,0.19133125075799548,2.0050188551315236,10.025094275657617,0.6302286098130693,0.012891111329060253,630228.6098130692,6.48079901439684e-05,1.0
0.0,4.482287860759632e-05,3.066787397322475e-05,0.19169739218149548,2.0175415911551755,10.087707955775878,0.628413984174393,0.01180876853738395,628413.984174393,6.48790674387249e-05,0.0
0.6264744801752292,4.588789413247768e-05,3.1608475840407305e-05,0.1916839009253309,2.0148059185108878,10.074029592554439,0.6288099543243587,0.012177756175020532,628809.9543243587,6.463861872261787e-05,1.0
0.6292348491215705,4.653381363064934e-05,3.1621710403696184e-05,0.19149026693776786,2.0142867811398317,10.071433905699159,0.6288851241161751,0.011865657991710878,628885.1241161751,6.457554986718825e-05,1.0
0.626480042895489,4.665193935428407e-05,3.164786082516917e-05,0.19026755566804918,2.0037417611456414,10.018708805728206,0.6304139631969853,0.010949074533083662,630413.9631969853,6.45551280690202e-05,1.0
0.0,4.6248635459447786e-05,3.1101763193793806e-05,0.19156244490356392,2.022299194241651,10.111495971208255,0.627725947040011,0.010850836847138752,627725.947040011,6.510825644993811e-05,0.0
0.6212515436742323,4.605902659690889e-05,3.0916692831726906e-05,0.19194082018386865,2.0233958398282352,10.116979199141175,0.6275674587304245,0.011449099098161828,627567.4587304245,6.51029093728758e-05,1.0
0.0,4.6174483722263554e-05,3.124257227963231e-05,0.19235451760642322,2.0337054708272375,10.168527354136188,0.6260794555944458,0.010788490807292243,626079.4555944458,6.539338792283157e-05,0.0
0.6185025039778632,4.626975566398808e-05,3.08170837789317e-05,0.19290359059688808,2.0333303334913686,10.166651667456843,0.6261335377743439,0.011940718968120032,626133.5377743439,6.552019175450078e-05,1.0
0.6253647245867927,4.629892508589534e-05,3.0153474951062482e-05,0.19268812538300512,2.0335163974739756,10.167581987369877,0.626106713025479,0.0114829637914893,626106.713025479,6.496659290185274e-05,1.0
0.6211118700656353,4.635753032713534e-05,3.0160100093397505e-05,0.19156321730352105,2.0178429806159754,10.089214903079876,0.6283703753356803,0.011496809942722388,628370.3753356803,6.485365907862906e-05,1.0
0.6275948984407048,4.632319216574008e-05,3.056812144377205e-05,0.18965771800955158,1.9959785023067302,9.97989251153365,0.631541871515841,0.010857307534944136,631541.871515841,6.401097154676741e-05,1.0
0.6287131671609719,4.567573895460527e-05,3.056947338350544e-05,0.19057431499481153,2.0085779843789555,10.042889921894776,0.6297123365689702,0.01086096655859326,629712.3365689702,6.41506753074378e-05,1.0
0.6269099183903809,4.550396880443275e-05,3.045724653504743e-05,0.19057641837801073,2.0091870068340003,10.045935034170002,0.6296240365605206,0.010776873316542056,629624.0365605205,6.422930695136573e-05,1.0
0.627946900049147,4.6051201455337516e-05,2.9890555223024187e-05,0.19033256359757805,2.0110675479271864,10.055337739635933,0.6293514617038896,0.010016588899045671,629351.4617038895,6.42137060946839e-05,1.0
0.6240780822718238,4.544601027745521e-05,3.002842035537436e-05,0.19011644283802767,1.9983556594466387,9.991778297233193,0.6311962849294849,0.011429170605540212,631196.2849294848,6.400324766706812e-05,1.0
0.6249300481340113,4.5442312316136463e-05,3.0226234480931787e-05,0.18932377976000017,1.9893579044797698,9.946789522398849,0.6325053590889197,0.011152918608920061,632505.3590889197,6.377996504481527e-05,1.0
0.6244472547680235,4.512358910542831e-05,2.968719004158282e-05,0.18997671743583933,2.0001937664015244,10.00096883200762,0.63092919408641,0.010882628958088647,630929.19408641,6.392314155808423e-05,1.0
0.0,4.5276792538018806e-05,3.003380597536033e-05,0.1914713535107803,2.017591328781908,10.08795664390954,0.6284067872970431,0.0113494943186037,628406.7872970431,6.477834212044578e-05,0.0
0.0,4.5176940096725024e-05,3.0262838513620757e-05,0.1914361298597688,2.011026762068544,10.05513381034272,0.6293573721543683,0.01222963187390586,629357.3721543683,6.477987643419677e-05,0.0
0.6186995011074934,4.6012098127277855e-05,3.059727652611255e-05,0.19216565131845462,2.0175210597108038,10.087605298554019,0.6284169550335207,0.012748257670429895,628416.9550335207,6.498278492514429e-05,1.0
0.6181717717372812,4.634514774182742e-05,3.07603885231403e-05,0.191949982493952,2.019070887843404,10.095354439217019,0.628192737467604,0.012092702455508003,628192.737467604,6.51783914120696e-05,1.0
0.6213233274592052,4.576234320410227e-05,3.094128556532089e-05,0.19186775576042306,2.0174841806857584,10.087420903428791,0.628422291390299,0.012157802911145174,628422.291390299,6.487309250099653e-05,1.0
0.0,4.6182710345827074e-05,3.107867612362499e-05,0.19268767739545964,2.035654087273826,10.17827043636913,0.6257986058208105,0.011173960611729773,625798.6058208105,6.593105192856619e-05,0.0
0.0,4.58717302107795e-05,3.131764429760285e-05,0.192523238365177,2.0304089890681225,10.152044945340611,0.6265548572098023,0.011601333940156356,626554.8572098023,6.541283931816424e-05,0.0
0.6183332582432661,4.5665797420875145e-05,3.0745664080913616e-05,0.19294838745821874,2.0422079356569345,10.211039678284672,0.6248549382756505,0.010751713192087998,624854.9382756505,6.568871128854334e-05,1.0
0.6198218396562479,4.59093909825112e-05,3.0280432969208888e-05,0.19295366138491893,2.0451780101142165,10.225890050571081,0.6244277554966038,0.01033507826644162,624427.7554966038,6.562436500844766e-05,1.0
0.6209154226478508,4.5745329452995914e-05,3.005402193976778e-05,0.19287240213427553,2.044105556688284,10.220527783441419,0.6245819716805461,0.010326775949097132,624581.9716805461,6.545033106505939e-05,1.0
0.6249250193285882,4.6276850772097474e-05,3.0013995449470658e-05,0.19390217775834065,2.056943617284849,10.284718086424245,0.6227383881940044,0.010542743710685696,622738.3881940044,6.558805171012205e-05,1.0
0.6290500938943091,4.596405872589883e-05,3.0130156617473698e-05,0.19395785222085038,2.0587060899233824,10.293530449616911,0.6224857170830735,0.010401421524774322,622485.7170830736,6.535731130022581e-05,1.0
0.0,4.573530427508517e-05,3.0224957981092877e-05,0.1941803201459086,2.056567692825792,10.28283846412896,0.6227922946408281,0.011152934932645277,622792.294640828,6.562256085318566e-05,0.0
0.0,4.549241274280941e-05,3.055559056490783e-05,0.19525624065688632,2.0692307606990963,10.346153803495481,0.6209790147113159,0.011491496025088511,620979.0147113159,6.553355934099259e-05,0.0
0.6260965925394608,4.52997451137757e-05,3.0889027343183776e-05,0.19619563526910022,2.0803387680228336,10.401693840114167,0.6193927579434184,0.011784028481618846,619392.7579434185,6.607027288722086e-05,1.0
0.0,4.594334598927409e-05,3.060953126383196e-05,0.1966120985431882,2.0907516258739154,10.453758129369577,0.6179094503746178,0.011133647460994137,617909.4503746177,6.64839195801812e-05,0.0
0.0,4.633887721629376e-05,3.0668913471570465e-05,0.19411711593934983,2.0500585499402404,10.250292749701202,0.6237264265818473,0.011960658460546955,623726.4265818472,6.530802276366886e-05,0.0
0.0,4.7267071648973924e-05,3.0401185737822504e-05,0.1941408413740142,2.05345914519882,10.2672957259941,0.6232382299711684,0.011519912719196761,623238.2299711684,6.551168864996824e-05,0.0
0.0,4.8455552317944075e-05,3.0336687911559983e-05,0.1946355020327375,2.0545111342255433,10.272555671127716,0.6230872816158314,0.012358285681306373,623087.2816158314,6.544711446992739e-05,0.0
0.0,4.797108275561903e-05,3.0426491564043332e-05,0.19501423373396037,2.0530722790001774,10.265361395000888,0.6232937500282223,0.01332221749614303,623293.7500282223,6.503915446545467e-05,0.0
0.6382802824123425,4.804687066417029e-05,2.9395348109820957e-05,0.19547037145004822,2.058108629759901,10.290543148799504,0.6225713585123056,0.013512101412402057,622571.3585123057,6.480368618823748e-05,1.0
0.6363818006471541,4.749783309256517e-05,3.0130814359516444e-05,0.19579669363576457,2.059552025889748,10.29776012944874,0.6223644786614646,0.013957865932993727,622364.4786614646,6.500938413753977e-05,1.0
0.0,4.7159073466839736e-05,3.029812067554536e-05,0.1953864517838585,2.065139059545225,10.325695297726124,0.6215643451650884,0.012337248732805419,621564.3451650884,6.529971940622628e-05,0.0
0.6330180883866783,4.690085074237511e-05,3.011344727941043e-05,0.19502921654484617,2.0611566602767706,10.305783301383853,0.6221345694607118,0.012193002550404121,622134.5694607118,6.523933799045877e-05,1.0
0.6359097854694558,4.643425629045847e-05,3.068938926039129e-05,0.19626674575094563,2.074915333373,10.374576666865,0.6201667338174646,0.012700225319355808,620166.7338174646,6.543164142639157e-05,1.0
0.6354837505080779,4.597962752820009e-05,3.057137212403761e-05,0.19691972874740216,2.081206468623268,10.40603234311634,0.6192690184523214,0.013108475947125735,619269.0184523214,6.550061518571763e-05,1.0
0.6382210394989594,4.598789278837596e-05,3.059970049730527e-05,0.1968546003461097,2.085007605155951,10.425038025779756,0.6187272440669139,0.012436444759133282,618727.244066914,6.546856858248278e-05,1.0
0.0,4.545977572341524e-05,3.044157174423988e-05,0.1969872955603271,2.088244505389901,10.441222526949504,0.6182662637233625,0.01224085484401668,618266.2637233625,6.499854027870677e-05,0.0
0.6497654130819445,4.597164368851575e-05,3.0928337860588084e-05,0.19702814110682398,2.0980524283570388,10.490262141785193,0.6168715727808878,0.010927854994535774,616871.5727808878,6.524626577508292e-05,1.0
0.0,4.559333404603668e-05,3.087827569148456e-05,0.1977078825248464,2.106308257659253,10.531541288296264,0.6157000292650386,0.011115794314731435,615700.0292650387,6.5593498864678e-05,0.0
0.6507170687166483,4.708625185016414e-05,3.090555540787672e-05,0.19699515408845408,2.103054371970605,10.515271859853025,0.6161615060509152,0.010151814227823394,616161.5060509152,6.551371851363132e-05,1.0
0.0,4.691883458767866e-05,3.124857894562682e-05,0.19783205210001317,2.110896388339426,10.554481941697128,0.6150499126646344,0.010714016864660713,615049.9126646344,6.622176649017027e-05,0.0
0.0,4.701646671688361e-05,3.139914920395261e-05,0.198086786100809,2.1104189829730577,10.552094914865288,0.6151175267561082,0.011291098957726203,615117.5267561082,6.58794755769284e-05,0.0
0.6504814104982087,4.642846679031292e-05,3.135486180033333e-05,0.19915407756930456,2.1273798712286,10.636899356143,0.6127199384327593,0.01102809357136843,612719.9384327593,6.60827866481968e-05,1.0
0.6532699138898731,4.735294333357048e-05,3.16608818560339e-05,0.1998681853324728,2.1358095519144977,10.679047759572487,0.6115317990002225,0.011268169665168104,611531.7990002225,6.63154685666997e-05,1.0
0.6562733867281536,4.796563480730053e-05,3.238920918774161e-05,0.1991688805140781,2.1268372676905907,10.634186338452952,0.6127964958816783,0.011134256909834488,612796.4958816783,6.6145886908783e-05,1.0
0.6669953082458233,4.8154780046522574e-05,3.24366481386266e-05,0.20067988223142696,2.1476076292312816,10.738038146156407,0.6098727615062913,0.011232525969145231,609872.7615062913,6.607528425546203e-05,1.0
0.0,4.751828317120234e-05,3.242294320221584e-05,0.19869287458346624,2.1236350782867577,10.618175391433788,0.6132484965712083,0.010634245738140752,613248.4965712082,6.564907801131802e-05,0.0
0.0,4.7673250946640606e-05,3.2425672463257254e-05,0.19911744243536478,2.1275359241277125,10.637679620638563,0.6126979222642683,0.010932807134997892,612697.9222642684,6.580993018812559e-05,0.0
0.0,4.715907040469917e-05,3.2770287864241565e-05,0.19802602718399465,2.1180227323507057,10.590113661753527,0.6140415040091964,0.010093558377185726,614041.5040091964,6.492385186885183e-05,0.0
0.6764364388484706,4.794706662834186e-05,3.2535122786446855e-05,0.19872912725155872,2.1344840806404215,10.672420403202107,0.6117184676253599,0.00917672212847732,611718.4676253599,6.530090712422757e-05,1.0
0.0,4.839272266170161e-05,3.240092506280442e-05,0.19869549530987174,2.134322459680566,10.67161229840283,0.6117412329078308,0.009132223527574278,611741.2329078307,6.505552804148523e-05,0.0
0.0,4.847258772771145e-05,3.1891673676810344e-05,0.19790217678475083,2.1236980558360834,10.618490279180417,0.6132396038477155,0.009043957417217153,613239.6038477154,6.465997163508963e-05,0.0
0.0,4.728494814153356e-05,3.1498679844482145e-05,0.19761678163555282,2.118559147597166,10.59279573798583,0.613965665863043,0.009199229134148685,613965.665863043,6.413871828892957e-05,0.0
0.681757575082811,4.684754118937337e-05,3.131336624678311e-05,0.1967894224462781,2.1090486500585666,10.545243250292833,0.6153116459137914,0.008890490806347547,615311.6459137914,6.404231766208665e-05,1.0
0.6717211045706388,4.725447093138584e-05,3.1270317823629316e-05,0.1969006020499151,2.1038099072716947,10.519049536358473,0.6160543227232832,0.00985552682311339,616054.3227232832,6.445355997837347e-05,1.0
0.6733772695887217,4.79158233586197e-05,3.1775636464887765e-05,0.1965616107351583,2.098447232967366,10.492236164836829,0.6168154973110243,0.009938718781340844,616815.4973110242,6.440183394708471e-05,1.0
0.6870566664527652,4.851209179719337e-05,3.190092157706758e-05,0.19594646481800823,2.0889667296210077,10.444833648105039,0.6181634556589557,0.01005638529497214,618163.4556589557,6.351819307043866e-05,1.0
0.0,4.774584346012877e-05,3.1589279592469286e-05,0.19606077045230666,2.089888033144414,10.44944016572207,0.6180323336231629,0.01015387452777622,618032.3336231629,6.364102397312539e-05,0.0
0.6824453094258773,4.794170274433265e-05,3.1339099855010666e-05,0.19646037549144368,2.092002514115593,10.460012570577964,0.6177315009888074,0.010652251971694735,617731.5009888074,6.364761789685484e-05,1.0
0.0,4.849062629768746e-05,3.1724742462879646e-05,0.19575729031762523,2.0801993999205215,10.400996999602606,0.6194126350042526,0.010927215639503073,619412.6350042525,6.303528518067253e-05,0.0
0.6871430765744174,4.769164598894259e-05,3.202823071821081e-05,0.1945588657114501,2.062012724291671,10.310063621458355,0.622011948853667,0.01112968027656715,622011.9488536669,6.270609943571539e-05,1.0
0.0,4.773386081147712e-05,3.199611107691386e-05,0.19486540073390177,2.063882034327333,10.319410171636665,0.6217442772556651,0.011475078723468602,621744.277255665,6.303364597847667e-05,0.0
0.6858576200265258,4.79161047944018e-05,3.182343091571393e-05,0.1946836607883607,2.0679235991519818,10.339617995759909,0.6211659482537543,0.010533269830475634,621165.9482537543,6.294540515211908e-05,1.0
0.0,4.7807400406090396e-05,3.2124442148111045e-05,0.19465638510918715,2.0738672947885544,10.369336473942772,0.6203164103901989,0.009629180608573233,620316.4103901989,6.261593139632344e-05,0.0
0.704801761425776,4.6925171470267986e-05,3.1783955167131414e-05,0.19492906767694226,2.0779016927087244,10.389508463543622,0.6197404322698665,0.009598567623751046,619740.4322698666,6.213790469193263e-05,1.0
0.7081938799312555,4.682381898582576e-05,3.1865885183206045e-05,0.19589298744654582,2.09207082661192,10.4603541330596,0.6177217844368434,0.009507759329935073,617721.7844368435,6.232862026395263e-05,1.0
0.7096318773855602,4.672368989098173e-05,3.2510365176809926e-05,0.1966204572136601,2.1002000889489945,10.501000444744971,0.6165665946380403,0.009807509065360476,616566.5946380403,6.252466378962846e-05,1.0
0.0,4.671517989088822e-05,3.2521764577949166e-05,0.1983823901621981,2.1249943691341704,10.624971845670851,0.6130565870107488,0.00982136733514502,613056.5870107488,6.302932589384854e-05,0.0
0.0,4.649914058035792e-05,3.22386464426117e-05,0.20053506988762387,2.1535009537198166,10.767504768599082,0.6090457326804215,0.010115872455669226,609045.7326804216,6.35789165473811e-05,0.0
0.7097424633787848,4.6347651692130024e-05,3.231698412456092e-05,0.198771033899661,2.1328499087689727,10.664249543844864,0.6119486895724532,0.009490757371775198,611948.6895724531,6.327818242766073e-05,1.0
0.705683134420254,4.6400845517113934e-05,3.21296418263651e-05,0.1970333625355618,2.108221524281235,10.541107621406175,0.6154288448680117,0.009495569939135346,615428.8448680118,6.284218193514235e-05,1.0
0.7037098505310361,4.669405590925651e-05,3.1668814236711776e-05,0.19654450649100527,2.105983180817143,10.529915904085716,0.6157461171893632,0.008835130171373747,615746.1171893632,6.288336849280588e-05,1.0
0.6982017027108642,4.660796140964305e-05,3.184574876003917e-05,0.1968599885330134,2.108905841499604,10.544529207498018,0.6153318794691052,0.009051856535131972,615331.8794691052,6.323670556572308e-05,1.0
0.7028793282676051,4.6470977717266185e-05,3.2144184105003306e-05,0.1961917656704879,2.1059688745795544,10.529844372897772,0.6157481455422719,0.008131676883247672,615748.1455422719,6.299610799631858e-05,1.0
0.7085721119469519,4.658773518204809e-05,3.200802842128147e-05,0.19664585780580593,2.110885301548541,10.554426507742704,0.6150514827832413,0.008343198394853158,615051.4827832413,6.282371317738908e-05,1.0
0.708972449599639,4.569552251545954e-05,3.185469715062696e-05,0.19594658231473952,2.105965174763586,10.52982587381793,0.6157486701070285,0.007641834736507539,615748.6701070284,6.25829782927235e-05,1.0
0.7118162373861995,4.602012962876358e-05,3.152913359027787e-05,0.19523142646588024,2.0969063636341736,10.484531818170867,0.617034381213406,0.007497234145166491,617034.381213406,6.222044020451097e-05,1.0
0.0,4.609944548762683e-05,3.1453570238332037e-05,0.19495639720239502,2.0895393277629792,10.447696638814897,0.6180819589031977,0.007994753307987785,618081.9589031978,6.146492184864388e-05,0.0
0.7253595072585702,4.6197303341173074e-05,3.1255788318688435e-05,0.19476330721477683,2.0857468575170777,10.428734287585389,0.6186219338065736,0.008148548236127238,618621.9338065736,6.126191072754086e-05,1.0
0.7181024403776508,4.675372442814684e-05,3.092736274630369e-05,0.19484865819053598,2.092467043807338,10.462335219036689,0.6176654307784706,0.007362747159542543,617665.4307784706,6.181900576555974e-05,1.0
0.0,4.584224217455978e-05,3.1476466140497493e-05,0.19422892563494268,2.085750295964533,10.428751479822663,0.6186214440241193,0.007079295294004679,618621.4440241193,6.194119650526744e-05,0.0
0.7060473893675115,4.4938480396139104e-05,3.1586884662712395e-05,0.19355466133297883,2.081145603016075,10.405728015080374,0.6192776974594285,0.006387020125386184,619277.6974594285,6.202768555651975e-05,1.0
0.0,4.517661271087808e-05,3.1726865501866954e-05,0.19345780361904893,2.0852248593961966,10.426124296980984,0.618696293234978,0.005611900473075864,618696.293234978,6.220917146937153e-05,0.0
0.0,4.5269522029096264e-05,3.195734806250934e-05,0.1932679743988324,2.081532398232821,10.407661991164105,0.6192225452540165,0.005758494051681333,619222.5452540165,6.258995849844041e-05,0.0
0.0,4.54492200601103e-05,3.21495119662871e-05,0.19412957822177787,2.0910688557746187,10.455344278873092,0.617864316898872,0.006123473342427758,617864.316898872,6.253928659767256e-05,0.0
0.7079224910732014,4.530917212132187e-05,3.198258874112234e-05,0.19349385396944765,2.0800524163367755,10.400262081683877,0.6194335988970417,0.006421306835937048,619433.5988970418,6.200917617107149e-05,1.0
0.0,4.57351655160154e-05,3.2024702753191337e-05,0.19275434054744384,2.067087730445385,10.335438652226925,0.6212855130117705,0.006794194106658182,621285.5130117704,6.206219029064025e-05,0.0
0.7012827619816917,4.628678162719065e-05,3.190349955284931e-05,0.1929053192376018,2.068792266176661,10.343961330883303,0.6210417163238785,0.006852354799082109,621041.7163238785,6.214538521238363e-05,1.0
0.0,4.6603037141622596e-05,3.199696864922532e-05,0.19305908308999054,2.0714593054757753,10.357296527378876,0.6206604464137444,0.0067786125937254835,620660.4464137444,6.20421961315889e-05,0.0
0.7022448437558237,4.654056216958785e-05,3.205953654202826e-05,0.1921020021642737,2.0613805244254255,10.306902622127128,0.6221025013497724,0.0063065056783198166,622102.5013497724,6.19906897234632e-05,1.0
0.7014477967029245,4.555590623238889e-05,3.190354773292843e-05,0.1929020777432624,2.0735888679501913,10.367944339750956,0.6203561802423534,0.006160335728878171,620356.1802423534,6.21952346908194e-05,1.0
0.0,4.602940621175967e-05,3.1466687161393325e-05,0.19387723799863235,2.09136645868889,10.456832293444448,0.6178219788243728,0.005576454821637522,617821.9788243729,6.242130655080376e-05,0.0
0.7130173825240487,4.671968242063328e-05,3.1481224535255114e-05,0.19313307803753257,2.0832605873867047,10.416302936933523,0.6189761868865762,0.005242342961641311,618976.1868865762,6.199631132271737e-05,1.0
0.0,4.71075679782126e-05,3.139031919820782e-05,0.19414267396959503,2.0964683823662824,10.482341911831412,0.6170966115984374,0.005381959537627506,617096.6115984374,6.246467507275363e-05,0.0
0.0,4.6725595404964594e-05,3.079540113993104e-05,0.19232448812921024,2.0707176929989495,10.353588464994747,0.620766441044684,0.005415417303104495,620766.441044684,6.192159317728757e-05,0.0
0.6958939994464293,4.712798069369918e-05,3.093179164779903e-05,0.1938037960600705,2.080064461806151,10.400322309030754,0.6194318808558488,0.007039472975989793,619431.8808558488,6.264721341041812e-05,1.0
0.0,4.761568593380592e-05,3.120275844851588e-05,0.19277019436087453,2.0698855448587437,10.349427724293719,0.6208853969959685,0.006425785717717494,620885.3969959684,6.23328016754472e-05,0.0
0.7050938056041909,4.8442780339029343e-05,3.193721022210825e-05,0.19337189232331586,2.07824856078129,10.39124280390645,0.6196909359963155,0.006434720642947253,619690.9359963156,6.247801897779192e-05,1.0
0.6951774279254798,4.803586977013478e-05,3.1781106766669886e-05,0.1922531147005931,2.067070829706098,10.335354148530488,0.6212879307733002,0.005794160174486446,621287.9307733002,6.266002966090498e-05,1.0
0.0,4.7961925082460013e-05,3.158387106237177e-05,0.19205325535914747,2.065044537765708,10.32522268882854,0.6215778733147168,0.005684384033011742,621577.8733147169,6.292540122201347e-05,0.0
0.6872672797315166,4.837632260638254e-05,3.121936733199256e-05,0.19133608203376265,2.0556424910449755,10.278212455224876,0.6229249856937686,0.005597149761293914,622924.9856937686,6.274783378956657e-05,1.0
0.0,4.843750118997397e-05,3.1257572557298816e-05,0.19135804450976096,2.052390834246255,10.261954171231276,0.6233915577596627,0.006107646779184605,623391.5577596627,6.221110312255531e-05,0.0
0.6991818625872289,4.791008736514885e-05,3.129311656032035e-05,0.1925202406422313,2.0696422578506346,10.348211289253172,0.6209201792895294,0.0059606605739919525,620920.1792895293,6.242080563265185e-05,1.0
0.0,4.815919376035922e-05,3.102386532867792e-05,0.19233602429163907,2.067170034727688,10.335850173638438,0.6212737389792059,0.005945787562484034,621273.738979206,6.206917663163414e-05,0.0
0.0,4.8485340702059624e-05,3.095090905750321e-05,0.19367911829452605,2.086929650272392,10.43464825136196,0.6184534762409462,0.005811712829998244,618453.4762409461,6.260630403805273e-05,0.0
0.0,4.855961533618393e-05,3.033829117628634e-05,0.19297198329917112,2.0813329316560156,10.406664658280079,0.6192509861030274,0.005194952701369674,619250.9861030275,6.2345222482656e-05,0.0
0.0,4.869821549305022e-05,3.0609438377110584e-05,0.19380312616612327,2.0946239200609638,10.473119600304818,0.6173587501291992,0.004965002461445727,617358.7501291991,6.319213067680727e-05,0.0
0.0,4.8594898232346354e-05,3.0366045831666723e-05,0.1924653047093343,2.0764745155946165,10.382372577973081,0.6199441246360063,0.004874734054674903,619944.1246360063,6.229043374751073e-05,0.0
0.7129156183963343,4.9362139735557455e-05,3.0348328009609496e-05,0.1922211975744243,2.0720799347289423,10.36039967364471,0.620571757166436,0.005014152315284597,620571.757166436,6.186459589364214e-05,1.0
0.0,4.8924550848989965e-05,2.991335342302797e-05,0.19192438666964912,2.06527723618111,10.32638618090555,0.6215445695732931,0.005393342912591317,621544.5695732931,6.180666511490193e-05,0.0
0.0,4.8652399450628276e-05,2.974038027472894e-05,0.19291710329032785,2.0793487474654593,10.396743737327295,0.6195339712188282,0.0053681777994839764,619533.9712188282,6.235138902773242e-05,0.0
0.7180763194765558,4.868484421837947e-05,2.9661695323179103e-05,0.19291931496993509,2.0796142603765104,10.398071301882553,0.6194960961716335,0.005334726111503624,619496.0961716335,6.161453257441803e-05,1.0
0.7300287351583653,4.9150624347862326e-05,2.966507416262727e-05,0.19092877980627887,2.0571411434725055,10.285705717362527,0.6227100653974723,0.004567625010030025,622710.0653974724,6.057959808276823e-05,1.0
0.7290166047174707,4.841892527585781e-05,2.9815692434031478e-05,0.190095169201558,2.04289702405582,10.214485120279098,0.6247558013653416,0.0049461397684576,624755.8013653416,6.020139259948979e-05,1.0
0.7191513836324012,4.779539839545793e-05,3.0251101110396713e-05,0.18918063928304954,2.0319124610809096,10.159562305404547,0.6263379894634143,0.004699268029513428,626337.9894634143,6.039101227460064e-05,1.0
0.7041921296055242,4.682062617368142e-05,3.0465892371019585e-05,0.1900473171323167,2.0406147148004132,10.203073574002065,0.6250842100234046,0.005178844288038047,625084.2100234047,6.122303286820176e-05,1.0
0.0,4.690056126283442e-05,3.0745223886543065e-05,0.19094507523132298,2.0478524953409676,10.239262476704837,0.6240433369135584,0.005933487376204384,624043.3369135584,6.13154748347029e-05,0.0
0.0,4.640339712897446e-05,3.116415064179514e-05,0.19065404800703373,2.0438914511045367,10.219457255522684,0.6246127641012663,0.005920860115333794,624612.7641012663,6.120287138654242e-05,0.0
0.7116867875189913,4.6283054131386016e-05,3.1311779993416046e-05,0.1899811105023692,2.0375285241462704,10.187642620731351,0.6255285662679058,0.005490787272644172,625528.5662679058,6.0830626783221786e-05,1.0
0.0,4.668808214370415e-05,3.1274532234862024e-05,0.19048355228223401,2.0439418360718453,10.219709180359226,0.6246055176561801,0.005572622220648139,624605.5176561801,6.122307322773569e-05,0.0
0.0,4.643354914043864e-05,3.15517751620413e-05,0.1897383317199577,2.031767768426089,10.158838842130443,0.6263588573353291,0.005835520775244496,626358.8573353292,6.141478986542116e-05,0.0
0.0,4.662051916900155e-05,3.1842642444588973e-05,0.18998518599033104,2.0357091028370706,10.178545514185352,0.6257906783784541,0.005761050359116246,625790.6783784542,6.191771753381434e-05,0.0
0.0,4.653843983174566e-05,3.2000359347087004e-05,0.19010342350878429,2.0387201007490314,10.193600503745156,0.6253569631296757,0.005563810147244259,625356.9631296757,6.200379249855899e-05,0.0
0.0,4.6943728192658964e-05,3.152396388103443e-05,0.1900351152389956,2.035199802803383,10.175999014016915,0.6258640695716569,0.005934300049648081,625864.0695716569,6.168350973878055e-05,0.0
0.6941680302707915,4.724241766247979e-05,3.1241046557485346e-05,0.19043589925903795,2.0384725863977726,10.192362931988862,0.6253926046679263,0.006264403186002217,625392.6046679263,6.179171813655931e-05,1.0
0.0,4.695160246114289e-05,3.1133769395126496e-05,0.1904047899501952,2.038724078200564,10.193620391002819,0.6253563904017282,0.006165970302118594,625356.3904017282,6.223564337342687e-05,0.0
0.6879728042858207,4.692824453521981e-05,3.1344980313444736e-05,0.19033183354405422,2.042923791584118,10.214618957920589,0.6247519507253374,0.005415617813445877,624751.9507253374,6.223513025014348e-05,1.0
0.0,4.751155134337566e-05,3.1311676781454675e-05,0.18946876986890399,2.0287242926676345,10.143621463338173,0.6267979548120587,0.005735494549866686,626797.9548120587,6.135227335921626e-05,0.0
0.7027963150208546,4.775800875163519e-05,3.162650383586075e-05,0.18972131065307607,2.034294826619569,10.171474133097844,0.6259944997559965,0.005437121062148664,625994.4997559965,6.141085061116887e-05,1.0
0.0,4.710436754772692e-05,3.198854474776682e-05,0.19051020544625105,2.0438749433822,10.219374716911,0.6246151382860887,0.005635549178590845,624615.1382860887,6.159557620527456e-05,0.0
0.7153504117124225,4.7490089227358074e-05,3.230852499341464e-05,0.19075929290958096,2.0462069587202008,10.231034793601003,0.6242798309916966,0.005798416810858547,624279.8309916966,6.113751308792933e-05,1.0
0.0,4.699798213159279e-05,3.262401666289044e-05,0.19069454831474889,2.0512949780557115,10.256474890278557,0.6235488781316223,0.004937974761120043,623548.8781316223,6.137467798851811e-05,0.0
0.7104276588162349,4.776427902394144e-05,3.2260438158235015e-05,0.19061284397514416,2.0491698853205,10.245849426602499,0.6238540681578151,0.005079756108103429,623854.068157815,6.151150599837193e-05,1.0
0.7000144312902655,4.8321042863383125e-05,3.236002004490705e-05,0.19135971786106123,2.05709981327672,10.2854990663836,0.6227159915265061,0.005435427248628589,622715.9915265061,6.230207680441575e-05,1.0
0.7068091421637741,4.849956474407466e-05,3.213056093172228e-05,0.19152955428381135,2.0566102882909845,10.283051441454921,0.6227861863436885,0.00584529491131126,622786.1863436885,6.191263396326947e-05,1.0
0.700422725617542,4.860818987091127e-05,3.159322981368008e-05,0.1906948640166277,2.0439986697006183,10.219993348503092,0.6245973438553778,0.005987071888633191,624597.3438553778,6.184655239277705e-05,1.0
0.6945432331846022,4.853150994547934e-05,3.1475123877789726e-05,0.19076678752072973,2.0513208578554387,10.256604289277194,0.6235451623874263,0.005078737428885732,623545.1623874262,6.23447262289951e-05,1.0
0.6925655338223414,4.8900141722269766e-05,3.184304248992211e-05,0.18988596364834165,2.0339529782232524,10.16976489111626,0.626043775914718,0.005815703211401336,626043.775914718,6.208518142181884e-05,1.0
0.6977307367734915,4.873674980309334e-05,3.194440424315921e-05,0.19018539630768966,2.036101716101671,10.180508580508354,0.6257341078655653,0.006104900480944599,625734.1078655652,6.185213223960131e-05,1.0
0.0,4.887979974235142e-05,3.251085896977779e-05,0.18959453375677965,2.0315374532791677,10.157687266395838,0.6263920752930812,0.005581142806640469,626392.0752930811,6.143955587807479e-05,0.0
0.7062704269493443,4.933817093076412e-05,3.251381083396267e-05,0.1890729067782261,2.0264254467165372,10.132127233582686,0.6271298248739763,0.005275638430428523,627129.8248739763,6.136789234877226e-05,1.0
0.0,4.907050424038604e-05,3.3197875443361284e-05,0.189263963359807,2.0276168252814686,10.138084126407342,0.6269578110468532,0.005485737766467213,626957.8110468532,6.145058498723226e-05,0.0
0.0,4.8780997785582975e-05,3.318717430214918e-05,0.18892672509301267,2.019971606867659,10.099858034338295,0.6280624649217617,0.005915915107786996,628062.4649217617,6.111642109239449e-05,0.0
0.6986376912738839,4.8208195089509085e-05,3.3130174904952314e-05,0.18918687512733937,2.024694234871584,10.12347117435792,0.6273798651227787,0.005753615377457406,627379.8651227787,6.164963527813854e-05,1.0
0.0,4.7711794814655814e-05,3.268375438047682e-05,0.18944107117924414,2.0247683165003725,10.123841582501862,0.6273691634151095,0.006251305773597795,627369.1634151095,6.155061625598365e-05,0.0
0.0,4.6843361262641945e-05,3.296324811495511e-05,0.18854835443687243,2.018100010656243,10.090500053281215,0.6283331873698309,0.00542989624357575,628333.1873698309,6.083717021977521e-05,0.0
0.0,4.727140843189687e-05,3.2753345613973865e-05,0.18927387624890504,2.0311198061435816,10.155599030717907,0.6264523163153473,0.005000068813157342,626452.3163153472,6.112775475353984e-05,0.0
0.7082659077362053,4.823043753430032e-05,3.250416440987177e-05,0.1889105739584653,2.032545236123705,10.162726180618524,0.6262467375150426,0.004067885431973154,626246.7375150425,6.134047731551763e-05,1.0
0.7086926076659258,4.8978493255349466e-05,3.2838450290803105e-05,0.1891531516828491,2.0382023407354755,10.191011703677377,0.6254315217862007,0.003737825151898844,625431.5217862007,6.161395634818171e-05,1.0
0.0,4.818588114592922e-05,3.312914808562583e-05,0.19055631106291435,2.05160418121571,10.258020906078551,0.6235044851153042,0.0046171072411329145,623504.4851153042,6.207609117973368e-05,0.0
0.6960358925459443,4.8584590858788736e-05,3.340618053407652e-05,0.19205421371978992,2.0645738829493396,10.322869414746698,0.6216452387740231,0.0057536662136029575,621645.2387740231,6.28728106943946e-05,1.0
0.0,4.932395221657474e-05,3.322939958317849e-05,0.19247767678332364,2.069080259828915,10.345401299144573,0.6210005345567988,0.00595588812344612,621000.5345567989,6.266586367246011e-05,0.0
0.7047154693702781,4.910906818187391e-05,3.3149518831923344e-05,0.19204318580321755,2.0646720726222383,10.323360363111192,0.6216311841509078,0.00571755575734292,621631.1841509078,6.244976934425326e-05,1.0
0.695397107613969,4.917761053356146e-05,3.3068572135976124e-05,0.19091281672893667,2.0490815932944217,10.245407966472108,0.6238667512338972,0.0056923846917705904,623866.7512338973,6.2546864221887e-05,1.0
0.7042541820952511,4.819011179748789e-05,3.3241956147458323e-05,0.1911521683436026,2.050166868433331,10.250834342166653,0.6237108702561465,0.00601520694335169,623710.8702561464,6.199739464647992e-05,1.0
0.7062232779155763,4.835967764552645e-05,3.364318642505743e-05,0.1915143996187752,2.060109374222838,10.30054687111419,0.6222846131411147,0.005313412378665115,622284.6131411147,6.225498449834384e-05,1.0
0.0,4.786070422789856e-05,3.36807666631158e-05,0.19158580933934852,2.062450334932314,10.31225167466157,0.6219492758644042,0.00512089454310121,621949.2758644042,6.270713984779638e-05,0.0
0.691631697934158,4.8003307652296347e-05,3.419961865546069e-05,0.18942687754043255,2.0267554877359886,10.133777438679942,0.6270821681085992,0.00593592318946431,627082.1681085991,6.21960559136787e-05,1.0
0.0,4.726264003815598e-05,3.438478460776139e-05,0.18979505017137313,2.0349209995295334,10.174604997647666,0.6259042493482646,0.005494349691010842,625904.2493482647,6.260768524596565e-05,0.0
0.0,4.758881634963166e-05,3.422664909737184e-05,0.1902731440988824,2.0435375710867,10.2176878554335,0.6246636620497951,0.005209950247559854,624663.662049795,6.303403812026878e-05,0.0
0.0,4.814929636035237e-05,3.4390729537263093e-05,0.1900449661001908,2.039654597727703,10.198272988638514,0.6252224158702178,0.005312348070599378,625222.4158702177,6.262574487251529e-05,0.0
0.0,4.779472050228774e-05,3.481469703013046e-05,0.19081629244768014,2.048745122525684,10.24372561262842,0.6239150873435795,0.005547672238939745,623915.0873435795,6.327227351905711e-05,0.0
0.0,4.727036480153677e-05,3.531788978453025e-05,0.19108537706892037,2.0540498742191042,10.27024937109552,0.6231534626332205,0.005324216771061214,623153.4626332205,6.304380088888857e-05,0.0
0.0,4.6246945984231044e-05,3.556759939221937e-05,0.1905814967945837,2.046113808811902,10.230569044059509,0.6242932210380986,0.0054562146272659675,624293.2210380986,6.250942426722829e-05,0.0
0.6911338272157602,4.618880029750883e-05,3.5463949740472386e-05,0.19162522234949922,2.0579045437978407,10.289522718989202,0.6226006154025919,0.005851060101590368,622600.6154025919,6.293342330028725e-05,1.0
0.6917619324962028,4.597422732441785e-05,3.5289662769446164e-05,0.1911639608280698,2.044071683690823,10.220358418454113,0.6245868431553008,0.006914764811440384,624586.8431553008,6.244998125478984e-05,1.0
0.6886644587176257,4.527923307175547e-05,3.535669036512566e-05,0.19105868863660658,2.042617803306617,10.213089016533084,0.624795970052281,0.006913347325494186,624795.970052281,6.248867947164623e-05,1.0
0.6878879120526088,4.560015778847645e-05,3.575174890640446e-05,0.1909049349370497,2.0401954241127638,10.200977120563818,0.6251445618472147,0.00695443172131402,625144.5618472147,6.256888542780435e-05,1.0
0.6770327076336654,4.54631694417746e-05,3.57668446649407e-05,0.1906646262143909,2.031137134108621,10.155685670543104,0.6264498168310957,0.007779069259877495,626449.8168310957,6.288458110301373e-05,1.0
0.0,4.501603807361649e-05,3.5787867333202534e-05,0.19072368608816218,2.033552330102938,10.16776165051469,0.6261015327692065,0.007548904945530897,626101.5327692066,6.307295532353562e-05,0.0
0.676915648867358,4.483843110932393e-05,3.568752934283361e-05,0.19131200447415325,2.0459849724966097,10.229924862483049,0.6243117413819327,0.0069357503302391885,624311.7413819326,6.319352815071064e-05,1.0
0.6743834585874935,4.5477314756602264e-05,3.547541143718757e-05,0.19223483373488415,2.0575426917652915,10.287713458826458,0.6226524923416956,0.007122159811463886,622652.4923416956,6.368453944311761e-05,1.0
0.0,4.586923693334783e-05,3.531726285645064e-05,0.19296861325081982,2.063628480077405,10.318142400387025,0.6217805776261389,0.0077178041277785655,621780.5776261389,6.35822384479161e-05,0.0
0.6738884016642719,4.588683916393163e-05,3.525154539489529e-05,0.1917738282077248,2.045396685407054,10.22698342703527,0.6243963151973733,0.007943971612822837,624396.3151973733,6.340055970955053e-05,1.0
0.675770183096713,4.6278654889885424e-05,3.5661944485869325e-05,0.19074281359970047,2.031129228690142,10.155646143450708,0.6264509571523919,0.007936584351792758,626450.9571523919,6.305794881601102e-05,1.0
0.6724718048654674,4.5772625813894346e-05,3.54767914625927e-05,0.1904762837602475,2.0321683353139264,10.160841676569632,0.6263010884576945,0.007253655978189484,626301.0884576945,6.319849526447757e-05,1.0
0.0,4.587335834797997e-05,3.538303925611426e-05,0.1904180711205394,2.0311826181968127,10.155913090984063,0.6264432559949127,0.007279398235991508,626443.2559949127,6.263177040578274e-05,0.0
0.0,4.6029552346263605e-05,3.501576517287002e-05,0.1903491010690108,2.025578167557893,10.127890837789465,0.6272521855964083,0.007950387734429847,627252.1855964083,6.181939136223804e-05,0.0
0.7021432847053095,4.587404304508897e-05,3.5130439189354566e-05,0.19139720168240754,2.0441198361812836,10.220599180906417,0.6245799180741566,0.007374321438971639,624579.9180741566,6.184890706463297e-05,1.0
0.0,4.61742913521659e-05,3.543783415918296e-05,0.19137494185075193,2.044296040989369,10.221480204946845,0.6245545777217867,0.007304461423290571,624554.5777217867,6.240212521834263e-05,0.0
0.6997945909021395,4.5860588797800356e-05,3.581642682978632e-05,0.19163117310799074,2.04883424758149,10.244171237907448,0.6239022836127641,0.007164629828745579,623902.2836127641,6.218523945241935e-05,1.0
0.6962611989060573,4.619828737573241e-05,3.576110765059931e-05,0.19212388933932995,2.0577365014393445,10.288682507196722,0.6226247062681919,0.006872484946851795,622624.7062681919,6.264820107420475e-05,1.0
0.700488777115492,4.655025101398341e-05,3.5818191782571095e-05,0.19217376398400823,2.057131355907282,10.28565677953641,0.6227114687821578,0.007058996750174262,622711.4687821578,6.245640432546556e-05,1.0
0.697162487738072,4.5160666053355205e-05,3.565576285026866e-05,0.19408462124181164,2.08189935046826,10.409496752341301,0.6191702269521755,0.00733946943579878,619170.2269521755,6.302303275116857e-05,1.0
0.6987516715891517,4.585260558404316e-05,3.5701053197171646e-05,0.19343132788243025,2.070857640434538,10.35428820217269,0.620746437734619,0.007609093499479523,620746.437734619,6.27540629440155e-05,1.0
0.0,4.4411737189685915e-05,3.5681221678977976e-05,0.19267616023026315,2.063379771726906,10.316898858634529,0.6218161862871561,0.00716850674768237,621816.1862871561,6.30805973160051e-05,0.0
0.681935685867126,4.4215477933114135e-05,3.5585076561573866e-05,0.19152632767126487,2.0526839191095427,10.263419595547713,0.6233494894230321,0.0064021447655618815,623349.4894230322,6.29986305993518e-05,1.0
0.0,4.484384239158073e-05,3.5514701138025527e-05,0.19267198622082266,2.067256823591625,10.336284117958124,0.6212613236468707,0.006605296088516008,621261.3236468707,6.348483250106769e-05,0.0
0.0,4.47883221811229e-05,3.5539983800283114e-05,0.19305657010048566,2.073932545861979,10.369662729309894,0.6203070904450331,0.006420230646004362,620307.090445033,6.404466684923436e-05,0.0
0.6744648443250872,4.415946274626567e-05,3.5340938393823784e-05,0.19305734458259616,2.0670123758175536,10.335061879087768,0.6212962930577354,0.007410982222927668,621296.2930577354,6.367777647494156e-05,1.0
0.0,4.3729404960482026e-05,3.51613705883239e-05,0.19283974901652584,2.0570333645516548,10.285166822758272,0.6227255193934249,0.008405017426476587,622725.5193934249,6.374875474478945e-05,0.0
0.6636740640865559,4.436826973443269e-05,3.557035178065889e-05,0.19426314300419886,2.0697416022666473,10.348708011333237,0.6209059759667473,0.009432261975145077,620905.9759667474,6.433039305359194e-05,1.0
0.6589889262073398,4.352015207446972e-05,3.627210877569963e-05,0.1941925936860035,2.071963647374703,10.359818236873515,0.6205883739131178,0.00897356128512482,620588.3739131178,6.464117693032787e-05,1.0
0.6606087526652715,4.4214244583461334e-05,3.578535651562542e-05,0.19524876291678983,2.0846285541133724,10.423142770566862,0.6187812487692137,0.009278774602793369,618781.2487692137,6.489445287300195e-05,1.0
0.6617454924147383,4.4302408642270965e-05,3.52918080240001e-05,0.19531024137110456,2.0823344895232894,10.411672447616446,0.6191081926271541,0.009728675369363244,619108.192627154,6.46903320091133e-05,1.0
0.0,4.3820162804204326e-05,3.489882601517765e-05,0.19574968200478207,2.0858031529571597,10.429015764785797,0.618613914969184,0.01011327897874818,618613.9149691841,6.45034621059886e-05,0.0
0.667546763974823,4.3652202011968895e-05,3.476986297036253e-05,0.19575154100928344,2.0870893664504564,10.435446832252282,0.6184307324085094,0.009933814427076287,618430.7324085095,6.428629506818987e-05,1.0
0.6713727292085135,4.32705458011787e-05,3.4943199864266454e-05,0.1955030931025451,2.079106465777707,10.395532328888534,0.6195685343849272,0.010574720590017425,619568.5343849272,6.3809437387915e-05,1.0
0.0,4.383824748558439e-05,3.5021711749595604e-05,0.19528171683563503,2.0760828948740624,10.380414474370312,0.6200000300001303,0.010563463671400338,620000.0300001303,6.384726692900227e-05,0.0
0.0,4.4327696440754124e-05,3.497288685563783e-05,0.19435266581892066,2.062718203533598,10.313591017667989,0.6219109158225987,0.010616247460440051,621910.9158225987,6.344574486036662e-05,0.0
0.6698906950536121,4.358156194500102e-05,3.5032109782612443e-05,0.19422590150747737,2.066404907700198,10.33202453850099,0.6213832027703879,0.009835005785342679,621383.202770388,6.36697767283951e-05,1.0
0.0,4.350813464684133e-05,3.472384173997168e-05,0.1948379989153016,2.072689297009663,10.363446485048314,0.6204846903238191,0.01016068815442232,620484.6903238192,6.397305798630976e-05,0.0
0.0,4.3206379122732366e-05,3.455612807364646e-05,0.1953741809424632,2.0811371230705227,10.405685615352613,0.6192789066496213,0.010027268534547667,619278.9066496213,6.386321031032339e-05,0.0
0.6783130638535073,4.3989006524507404e-05,3.4458977147660794e-05,0.19584942476632755,2.0861798295408227,10.430899147704112,0.6185602630622519,0.010259112594906977,618560.2630622518,6.366565176777691e-05,1.0
0.0,4.343417683495405e-05,3.389453270304602e-05,0.1956914890554125,2.083174131584976,10.415870657924879,0.6189885090820861,0.010371487192911146,618988.5090820862,6.353168808334362e-05,0.0
0.6818086179790778,4.436760785059747e-05,3.346824898756832e-05,0.19671888035143692,2.0970303554040464,10.485151777020231,0.617016765034511,0.010454525737384809,617016.765034511,6.365651076586187e-05,1.0
0.0,4.446360832382705e-05,3.3062414189433656e-05,0.19719852021744164,2.1040128331732606,10.520064165866303,0.6160255380015205,0.01042257843640377,616025.5380015204,6.358233403061913e-05,0.0
0.6745570022523124,4.399336895416047e-05,3.323039837275012e-05,0.1982270629307078,2.1158180395263666,10.579090197631833,0.6143533008735903,0.010807426735005923,614353.3008735903,6.440653002814348e-05,1.0
0.0,4.377486448307262e-05,3.323939688986684e-05,0.19903071468407957,2.128014545780543,10.640072728902714,0.6126304025637042,0.010691831931863271,612630.4025637042,6.426121467213498e-05,0.0
0.6709698246848401,4.3498557773026946e-05,3.335792731209169e-05,0.19839070953865484,2.1241982583118633,10.620991291559315,0.6131689775061898,0.009950396583499515,613168.9775061898,6.479150979304896e-05,1.0
0.6658266723448008,4.2991277416558654e-05,3.273887226890912e-05,0.19863189481462012,2.125593087714558,10.62796543857279,0.6129720768257763,0.010235866455016491,612972.0768257763,6.491931237641901e-05,1.0
0.0,4.317886529809267e-05,3.2239024817715456e-05,0.1987964161951656,2.1308268777952417,10.654134388976209,0.6122338139731291,0.009826646363460341,612233.8139731291,6.535043890967038e-05,0.0
0.6546728366781349,4.2701330216784896e-05,3.2393208953438096e-05,0.19747105368922963,2.116718922363993,10.583594611819963,0.6142258751363908,0.009167982514850065,614225.8751363908,6.525664452979244e-05,1.0
0.0,4.1757120508080105e-05,3.151174388186952e-05,0.19626028506493065,2.103114812192925,10.515574060964624,0.6161529310676205,0.008673501197481765,616152.9310676205,6.509485609928171e-05,0.0
0.6387071062797519,4.1732139862494415e-05,3.184889781151207e-05,0.1952745406022401,2.088059399489116,10.440296997445579,0.6182926161587304,0.008841697363210591,618292.6161587305,6.520668060554025e-05,1.0
0.6406857406524775,4.0996068967035586e-05,3.126492471222499e-05,0.1950596105661548,2.0852172106141347,10.426086053070673,0.6186973828820893,0.008816604014398955,618697.3828820894,6.479079696475646e-05,1.0
0.6426359253344466,4.080006715366111e-05,3.1492629685557984e-05,0.19417924255462765,2.080179695809736,10.40089847904868,0.6194154453100192,0.007773930419274552,619415.4453100192,6.46047382473249e-05,1.0
0.0,4.0529514366286215e-05,3.119620170441974e-05,0.19296532099684693,2.0642193956105888,10.321096978052944,0.6216959818456689,0.007626623839362726,621695.9818456689,6.393787175155436e-05,0.0
0.0,4.0283316042947584e-05,3.1486948784882816e-05,0.19329633537337546,2.0644285899753636,10.322142949876818,0.621666036228312,0.008258706975062854,621666.036228312,6.342763001413823e-05,0.0
0.6651282929497563,4.147813127288371e-05,3.2419658083360106e-05,0.19304022094383388,2.0621838290086907,10.310919145043453,0.6219874431124272,0.008067885000094909,621987.4431124271,6.317680034910885e-05,1.0
0.6530718444745894,4.167677443101082e-05,3.1689311632656564e-05,0.19377478249683944,2.072762554129287,10.363812770646433,0.6204742240297003,0.008023789023379215,620474.2240297003,6.401058871811307e-05,1.0
0.6550447194600529,4.196592444688827e-05,3.186413854436163e-05,0.1953864392623852,2.091437093838026,10.457185469190128,0.6178119304368048,0.008584808961575208,617811.9304368048,6.442158170430861e-05,1.0
0.6401519218438807,4.123840680977936e-05,3.128440695939628e-05,0.1957939920780747,2.0941728553654073,10.470864276827037,0.6174228732552965,0.009010857411445972,617422.8732552965,6.508231736932606e-05,1.0
0.6291114945687747,4.108665710676531e-05,3.13867494968736e-05,0.19542960839389542,2.085323093044437,10.426615465222184,0.6186822990192521,0.009541515807042909,618682.2990192521,6.547226154063095e-05,1.0
0.6164085022418495,4.137257527960076e-05,3.1296982857870564e-05,0.19507997206754335,2.0900838749570188,10.450419374785094,0.6180044645507885,0.008164408685875198,618004.4645507885,6.646303651326392e-05,1.0
0.0,4.1032859317552245e-05,3.13099778974517e-05,0.19541011382601225,2.0883752266910833,10.441876133455416,0.6182476543793543,0.00906788203137875,618247.6543793542,6.694774941955825e-05,0.0
0.5974726819782713,4.166623355296019e-05,3.1010272456604196e-05,0.19528166723334192,2.084206469619447,10.421032348097233,0.6188413901417813,0.009404724608465139,618841.3901417813,6.749620267732186e-05,1.0
0.5956355733684293,4.1231560588950476e-05,3.1224229340321065e-05,0.19516826664445347,2.07390632901526,10.369531645076298,0.620310835034401,0.01064736832330791,620310.835034401,6.72684286057972e-05,1.0
0.5944831494691424,4.1263746309238876e-05,3.076523740212353e-05,0.19452881451702156,2.0677860020427348,10.338930010213673,0.6211856289074115,0.01024325794145461,621185.6289074115,6.711550349398175e-05,1.0
0.5955893796377004,4.114544556306632e-05,3.112242383295068e-05,0.19386133172046502,2.064652371889142,10.323261859445708,0.621634004038871,0.009356667479801064,621634.004038871,6.705719747964825e-05,1.0
0.5968849664954414,4.1404696981495954e-05,3.0977200264308614e-05,0.19435213130735923,2.071400288373013,10.357001441865066,0.6206688807438492,0.009373143358567631,620668.8807438492,6.715709628947976e-05,1.0
0.0,4.125635800593832e-05,3.053684905580152e-05,0.19455256835294177,2.0750825384096316,10.375412692048158,0.6201428576206341,0.009247994326517697,620142.8576206341,6.72266096993424e-05,0.0
0.0,4.1295784032284086e-05,3.100459312168769e-05,0.19591738634553316,2.091836649070724,10.45918324535362,0.6177550937407285,0.009589866431794753,617755.0937407285,6.78041263106337e-05,0.0
0.5972724878396141,4.135180330574941e-05,3.0964298463411196e-05,0.19653899175823414,2.0967432968277744,10.48371648413887,0.6170575497589837,0.010135533275452037,617057.5497589838,6.771688294629369e-05,1.0
0.605682715345313,4.115757336093877e-05,3.151730328527558e-05,0.19667973873941805,2.0990513801368422,10.495256900684211,0.6167296980586672,0.010089175537503247,616729.6980586671,6.729533174716579e-05,1.0
0.0,4.157696882796855e-05,3.185336405836407e-05,0.19626036714082074,2.0940080488793797,10.470040244396898,0.6174463037222053,0.00996703800384682,617446.3037222053,6.722195316012609e-05,0.0
0.0,4.1864623638827894e-05,3.157685306576086e-05,0.19551900078730716,2.081753258083325,10.408766290416624,0.6191910555789136,0.010229057153527947,619191.0555789137,6.665030690116444e-05,0.0
0.0,4.198302419342475e-05,3.151981906416462e-05,0.19492936749186152,2.0744192585031267,10.372096292515634,0.6202375766938881,0.01009631167761114,620237.5766938882,6.623804535343646e-05,0.0
0.6163768831505532,4.1928134542825275e-05,3.15257340647804e-05,0.19423679726593993,2.0659324867054454,10.329662433527226,0.6214507998617307,0.009924394393610522,621450.7998617307,6.593549881158299e-05,1.0
0.6215098062549508,4.248784386722877e-05,3.195311034348072e-05,0.1925642499622437,2.0390047687920183,10.19502384396009,0.6253159740505886,0.010444473975075955,625315.9740505886,6.510491916500822e-05,1.0
0.0,4.25201698679771e-05,3.204530345062124e-05,0.19209147360432915,2.028138355590436,10.14069177795218,0.6268825262153679,0.011065473424026221,626882.5262153678,6.512367558381953e-05,0.0
0.0,4.251641782670459e-05,3.2057285167937754e-05,0.1934655657784927,2.0435976860922866,10.217988430461434,0.6246550155204919,0.011586147077477243,624655.0155204919,6.541173205062762e-05,0.0
0.0,4.271843448511456e-05,3.1956175588449505e-05,0.19360995662029457,2.046411734500031,10.232058672500155,0.6242503960389758,0.011470309279564935,624250.3960389758,6.578378235421783e-05,0.0
0.6170603368834807,4.3712359136897695e-05,3.190188496592412e-05,0.1927228064487311,2.04171826125658,10.208591306282898,0.6249253957026348,0.010371008600097044,624925.3957026348,6.567578061797985e-05,1.0
0.6178950153473426,4.316793385014914e-05,3.2255224892309137e-05,0.19290862746526785,2.0448686942528482,10.224343471264241,0.624472230454363,0.01028948538489868,624472.2304543629,6.567532626057456e-05,1.0
0.6195812367237199,4.368950361967384e-05,3.22112319997022e-05,0.19124385957890574,2.0244372751104978,10.122186375552488,0.6274169865130507,0.009904705670862182,627416.9865130506,6.516093474981677e-05,1.0
0.6236456022603178,4.286912796666131e-05,3.20485081783187e-05,0.1913808025794536,2.026769506772912,10.133847533864559,0.6270801438890324,0.009841749047939644,627080.1438890324,6.47807515247298e-05,1.0
0.0,4.3120381986442396e-05,3.1838185865068225e-05,0.19209700472573119,2.0390090392689286,10.195045196344642,0.6253153591691597,0.009509368620622047,625315.3591691597,6.514593271686329e-05,0.0
0.6216587909034741,4.4045515760517915e-05,3.163529260161601e-05,0.1919533324541474,2.037017699012656,10.18508849506328,0.625602146412182,0.009508811320476806,625602.146412182,6.530749186464818e-05,1.0
0.0,4.440893970754121e-05,3.118195795077086e-05,0.19036599414333835,2.0185574497699172,10.092787248849586,0.6282670089927748,0.008998997279451488,628267.0089927748,6.509559977384693e-05,0.0
0.0,4.460607345266028e-05,3.0933206199257494e-05,0.18972939830655594,2.014046895426752,10.07023447713376,0.6289198620023914,0.008378658615503269,628919.8620023914,6.452455041906245e-05,0.0
0.633610063106162,4.443372724920554e-05,3.136406815796744e-05,0.1909559151798908,2.026558577468048,10.13279288734024,0.627110600824697,0.009022431184478649,627110.6008246971,6.43381808487541e-05,1.0
0.6372445250693168,4.4560576304465704e-05,3.127480701663785e-05,0.19087161887443638,2.028613702487664,10.143068512438319,0.6268139160052325,0.008557153754105248,626813.9160052325,6.419502908847919e-05,1.0
0.0,4.454333337067471e-05,3.146063437687192e-05,0.18981950329547845,2.013858327489975,10.069291637449874,0.6289471699006944,0.00858617649165132,628947.1699006944,6.421194969040906e-05,0.0
0.6272329701410448,4.425947839929554e-05,3.068779473396423e-05,0.19176204979755446,2.037257452732014,10.18628726366007,0.6255676107900108,0.009091710385119712,625567.6107900108,6.482591060947093e-05,1.0
0.6317616890166556,4.4229351023572195e-05,3.084453223197471e-05,0.19104157062721172,2.0239742185149225,10.119871092574613,0.6274838869861087,0.009567028240532103,627483.8869861087,6.422353169629577e-05,1.0
0.639697839215258,4.444395458341397e-05,3.077923577602448e-05,0.1910344102460261,2.021065488328492,10.10532744164246,0.6279042912861269,0.009973111778179137,627904.291286127,6.368244807688743e-05,1.0
0.0,4.417146695748037e-05,3.061921905363684e-05,0.19032904058476546,2.0102703185554005,10.051351592777001,0.6294670016303354,0.010125082799866323,629467.0016303355,6.318425582385056e-05,0.0
0.0,4.3884896707988416e-05,3.066112265979044e-05,0.18974218130148104,1.9997048920351563,9.998524460175782,0.6310002201951753,0.010484582798137422,631000.2201951753,6.267610486509123e-05,0.0
0.0,4.332707705503256e-05,3.0499152630451027e-05,0.18975239333160096,1.9951892830371016,9.975946415185508,0.6316566485452758,0.01116143520847775,631656.6485452758,6.283023030444918e-05,0.0
0.0,4.365589802697636e-05,2.98520071018755e-05,0.19031630469849717,2.0016469989748202,10.008234994874101,0.6307181084043115,0.01135071780130588,630718.1084043116,6.327642651313783e-05,0.0
0.6406082804096116,4.405544169742036e-05,3.013164134218957e-05,0.19077682902533907,2.01451937344752,10.0725968672376,0.6288514442211945,0.010405102271872671,628851.4442211946,6.32585602825227e-05,1.0
0.0,4.4290163085590217e-05,3.0201913783750237e-05,0.1903398944783893,2.0103673042582453,10.051836521291225,0.6294529446665815,0.01013273362336017,629452.9446665816,6.336279685233861e-05,0.0
0.0,4.4886945070242743e-05,3.0103692771650877e-05,0.18976471090506136,2.0000585226312313,10.000292613156155,0.6309488421766313,0.010478263986754012,630948.8421766313,6.327823209634824e-05,0.0
0.0,4.503313998737825e-05,2.9811763304596128e-05,0.18995056463527946,2.004843745345205,10.024218726726023,0.6302540214696053,0.01015515074016423,630254.0214696053,6.301842303915735e-05,0.0
0.0,4.532848265631356e-05,2.9374570783672063e-05,0.19071538482991293,2.0098265062275926,10.049132531137962,0.6295313311352644,0.010962100795090267,629531.3311352644,6.309989986345814e-05,0.0
0.0,4.557383171600607e-05,2.945424718011904e-05,0.190849902906254,2.012033739458575,10.060168697292875,0.6292114630525972,0.010911268865105246,629211.4630525972,6.324024194652455e-05,0.0
0.6425149338888474,4.561658507197685e-05,2.9949194524584267e-05,0.1910443626621648,2.014550462798471,10.072752313992353,0.6288469425491533,0.010935667873482859,628846.9425491533,6.333334268643595e-05,1.0
0.6511668514755764,4.5438842456472484e-05,3.0011160577114893e-05,0.19121360999590395,2.0131337890790646,10.065668945395322,0.6290521066236562,0.01147932661546407,629052.1066236562,6.276537189807874e-05,1.0
0.6523837211491603,4.663714191523899e-05,2.9596108883744746e-05,0.19120515946948813,2.013852621843042,10.069263109215209,0.6289479961955239,0.011358315134500143,628947.9961955239,6.281395691011112e-05,1.0
0.648989074171641,4.6478423587007454e-05,2.9671721724181372e-05,0.191084013425448,2.0117590581199454,10.058795290599726,0.6292512604987782,0.011419287349674232,629251.2604987782,6.29431444571825e-05,1.0
0.0,4.621591625970709e-05,2.9662284401023726e-05,0.1920519910972132,2.0222263142279178,10.111131571139587,0.6277364811502539,0.011840463344680304,627736.4811502539,6.366572075045839e-05,0.0
0.6460811968856514,4.6508602846238e-05,2.992825180082552e-05,0.1932399566402568,2.044066382950418,10.220331914752089,0.6245876054893562,0.011067518769869856,624587.6054893562,6.398888385058155e-05,1.0
0.0,4.670435799696074e-05,3.0111706718032528e-05,0.1932237607367886,2.0449815868084813,10.224907934042406,0.6244559978397015,0.010903519313278683,624455.9978397015,6.383038351453804e-05,0.0
0.0,4.6067875063216364e-05,2.92137258234389e-05,0.1933526037946014,2.044016232592598,10.22008116296299,0.6245948179854999,0.01130002557470267,624594.8179854999,6.372947275249266e-05,0.0
0.0,4.670785668923391e-05,2.939302396829866e-05,0.19347666457236534,2.0456945215976465,10.228472607988232,0.6243534959926492,0.011306825137379913,624353.4959926492,6.384621341526038e-05,0.0
0.6459202398142453,4.672660226777381e-05,2.910411966608146e-05,0.19329135008642664,2.0382014131558606,10.191007065779303,0.6254316553678178,0.012014355540671054,625431.6553678177,6.36739140269962e-05,1.0
0.0,4.6236604674810476e-05,2.869551865032522e-05,0.19337264497149087,2.0450871686037915,10.225435843018957,0.6244408168077824,0.011186106750764174,624440.8168077824,6.401297273562261e-05,0.0
0.0,4.69062646384912e-05,2.8665066254206647e-05,0.1931905218411054,2.048597189322527,10.242985946612635,0.623936340049565,0.010317383731775823,623936.340049565,6.37454514205159e-05,0.0
0.6486807900143102,4.728097713151946e-05,2.881505626183152e-05,0.1930076922360554,2.0434205434556496,10.217102717278248,0.6246804948433409,0.010695879315451667,624680.4948433408,6.372448094688388e-05,1.0
0.649371271243719,4.670308659291511e-05,2.834653475350884e-05,0.19380293750144278,2.0515728007769614,10.257864003884807,0.6235089903337234,0.01111486533660902,623508.9903337234,6.369284341863913e-05,1.0
0.6536488303256593,4.765761628118567e-05,2.859097698355593e-05,0.19368305996415802,2.050731242444876,10.25365621222438,0.6236298230981449,0.010995943026460923,623629.8230981448,6.3620733821736e-05,1.0
0.6464442088107889,4.8033862639745056e-05,2.8848159098144292e-05,0.19300291958962054,2.040016051211235,10.200080256056173,0.6251703821867135,0.011176221365954567,625170.3821867135,6.385820907385957e-05,1.0
0.6540777473972788,4.806808732913763e-05,2.8885288775071254e-05,0.193372863299602,2.0427317746412395,10.213658873206198,0.6247795738282472,0.011525300427451179,624779.5738282473,6.34894731611083e-05,1.0
0.0,4.890183498536577e-05,2.8647295910501714e-05,0.19326312087427322,2.044247064182408,10.22123532091204,0.6245616210674299,0.011087862815976282,624561.6210674299,6.343509158320416e-05,0.0
0.66380374190082,4.900344717757327e-05,2.8380536591034893e-05,0.1937018609084098,2.0529663043598663,10.26483152179933,0.6233089595553125,0.010712681372132106,623308.9595553125,6.326410055637454e-05,1.0
0.6641449137265008,4.900933669646979e-05,2.8720705498688264e-05,0.1942624396880225,2.0602224477734175,10.301112238867086,0.6222684114582437,0.010793290834288783,622268.4114582437,6.34926256751313e-05,1.0
0.6557556759421925,4.86989999045294e-05,2.8292924582765726e-05,0.19431594605617303,2.0579257355116614,10.289628677558307,0.6225975773852038,0.011229469497549866,622597.5773852038,6.374993645358849e-05,1.0
0.6575035553516392,4.901594512609235e-05,2.8646407229356166e-05,0.19359044722205887,2.052046351437293,10.260231757186464,0.6234410072003022,0.010621901644419876,623441.0072003022,6.364781252606662e-05,1.0
0.6588652513946965,4.9273927707232494e-05,2.862391933702991e-05,0.1934612703507639,2.051022861909125,10.255114309545625,0.6235879490940361,0.010510489795563968,623587.9490940361,6.358027745705903e-05,1.0
0.6520411235997211,4.92957892230327e-05,2.8622690600396457e-05,0.19358261910844066,2.0536354934676293,10.268177467338147,0.6232129234669191,0.01037816168380047,623212.9234669191,6.403801982655064e-05,1.0
0.6476454183334497,4.8914880261638245e-05,2.813781047676453e-05,0.193953337198299,2.057400327375927,10.287001636879635,0.6226729036060479,0.010579578002645843,622672.9036060479,6.421734875489253e-05,1.0
0.0,4.9001547583488516e-05,2.8131039278190664e-05,0.19407911593117835,2.05926644290977,10.296332214548848,0.6224054053952318,0.010563637257588509,622405.4053952318,6.449422464872224e-05,0.0
0.0,4.898661723893768e-05,2.8352494147430262e-05,0.19378699797584714,2.0571734946168565,10.285867473084283,0.622705426768841,0.010279422720535308,622705.426768841,6.46362268859334e-05,0.0
0.6536687104446404,4.834014773479182e-05,2.798452123812606e-05,0.19472835984878753,2.065998194924752,10.329990974623758,0.6214413974589282,0.010898117156503306,621441.3974589283,6.396983448197352e-05,1.0
0.0,4.763743860443389e-05,2.8174421573539093e-05,0.19400715361611015,2.0579352120853236,10.289676060426618,0.6225962188403426,0.01061052607256283,622596.2188403426,6.373886167712443e-05,0.0
0.6606406571733562,4.79672665217501e-05,2.8237636818172018e-05,0.19561758036507962,2.0815705423651654,10.407852711825827,0.6192171066394416,0.010452267369600846,619217.1066394417,6.400051296595625e-05,1.0
0.0,4.670697703378925e-05,2.8079757397658886e-05,0.1956425776340984,2.0875698353193997,10.437849176596998,0.6183623179360522,0.009647473204249017,618362.3179360522,6.39024752334285e-05,0.0
0.6557271622692769,4.68755427565941e-05,2.83745641756531e-05,0.1945389447400281,2.0745435845813116,10.372717922906558,0.6202198213216848,0.00929771080174109,620219.8213216849,6.402493021016502e-05,1.0
0.0,4.6698990372585305e-05,2.7746395861446472e-05,0.1947007930489886,2.0749050061990495,10.374525030995247,0.6201682085258986,0.009569794623875793,620168.2085258986,6.391829727509903e-05,0.0
0.6467616114251598,4.7419133868573556e-05,2.7895472168840654e-05,0.19522965541620754,2.08113374125539,10.405668706276948,0.6192793888771606,0.009738699709575707,619279.3888771606,6.46408726678469e-05,1.0
0.6558772351518042,4.7224017086625145e-05,2.8423393272885827e-05,0.19501715027876784,2.076017375375085,10.380086876875424,0.6200093836528814,0.010043684210417073,620009.3836528814,6.407840641202878e-05,1.0
0.6643395525186969,4.760927885201859e-05,2.888690834915831e-05,0.19397645016995418,2.0595455873918165,10.297727936959081,0.6223654013292732,0.010318301669181566,622365.4013292732,6.333795103781082e-05,1.0
0.6593738897552633,4.745863635435932e-05,2.90261121983367e-05,0.19366424149417338,2.047964036227991,10.239820181139955,0.6240273096655987,0.011355792653945512,624027.3096655987,6.328013122994047e-05,1.0
0.6616083971807175,4.756633770401521e-05,2.8955085721530714e-05,0.19378409605958727,2.0524256849468867,10.262128424734433,0.6233865552679686,0.010954747387143146,623386.5552679686,6.328764038550049e-05,1.0
0.6609750079120756,4.7983429215394934e-05,2.878524324013581e-05,0.19203229097640617,2.033831006522265,10.169155032611325,0.6260613586148706,0.01012594056768289,626061.3586148706,6.29154316606287e-05,1.0
0.0,4.7792482772924745e-05,2.8718660637161402e-05,0.19067305373853813,2.0186609406733598,10.093304703366798,0.6282520377812172,0.00959814525829347,628252.0377812171,6.25010948365437e-05,0.0
0.6644098079112535,4.833491055971545e-05,2.8907429598793547e-05,0.19086225022803974,2.0236560693292316,10.118280346646157,0.6275298559791324,0.009254356435211806,627529.8559791323,6.25825087551565e-05,1.0
0.6645579719289911,4.78713634099679e-05,2.868710786517985e-05,0.19043109748901524,2.0209574557741785,10.104787278870893,0.6279199108601686,0.008782105838199114,627919.9108601686,6.242395045522204e-05,1.0
0.6648476422990107,4.806123256304773e-05,2.8940592853291366e-05,0.18993294412948183,2.013580502762647,10.067902513813236,0.6289874058862939,0.008853294145257559,628987.4058862939,6.229537435683873e-05,1.0
0.6643419518242286,4.85613277731807e-05,2.9601729151626535e-05,0.18987941959447874,2.008361571234169,10.041807856170845,0.6297437165261734,0.009502555715130919,629743.7165261734,6.235827531912969e-05,1.0
0.0,4.892011996361225e-05,2.9591129598055786e-05,0.18918896675526875,1.9934862016810424,9.967431008405212,0.6319044006267758,0.010282334137313259,631904.4006267758,6.246773300482776e-05,0.0
0.0,4.989994000270771e-05,2.919598856510968e-05,0.189673934172981,1.9984610119519712,9.992305059759856,0.6311809733595283,0.010528841705490295,631180.9733595282,6.25187379417421e-05,0.0
0.6570545739161304,4.952022154399823e-05,2.8808645369912563e-05,0.18961956588839013,1.9904263561627573,9.952131780813787,0.6323497692023272,0.011588900979107497,632349.7692023272,6.218863580546213e-05,1.0
0.0,4.884024248744397e-05,2.9065442128027786e-05,0.18913826135809955,1.9852603071936636,9.926301535968317,0.633102413715043,0.011378936431242138,633102.4137150431,6.189418657626918e-05,0.0
0.0,4.8366270083447534e-05,2.9066209431779098e-05,0.18899047743978273,1.9890229524156622,9.94511476207831,0.6325541433020506,0.010535098181616083,632554.1433020507,6.242393428540034e-05,0.0
0.6494636661426374,4.8729165965052804e-05,2.9347934511962733e-05,0.18907747271682607,1.9866762180128068,9.933381090064033,0.6328960398182757,0.011050985251927846,632896.0398182757,6.255839618496292e-05,1.0
0.6606823654090288,4.900354411288644e-05,2.9200885546975672e-05,0.18811290057082194,1.979896160556207,9.899480802781035,0.6338848672093709,0.010110668351014757,633884.8672093708,6.180135490592363e-05,1.0
0.0,4.9074601560452416e-05,2.946605490029811e-05,0.1864973229084688,1.9604038530978436,9.802019265489218,0.636736307655707,0.00973095347264456,636736.307655707,6.0725031990785264e-05,0.0
0.6757992272718601,4.8531631004689804e-05,2.942924405025723e-05,0.18695727539791968,1.9648700344945649,9.824350172472824,0.6360818397235637,0.009996390519403067,636081.8397235636,6.059337044858708e-05,1.0
0.6745812629079632,4.8944432031260536e-05,2.92209079526549e-05,0.18704099767103038,1.9663625634807578,9.831812817403788,0.6358632766269299,0.009945271968990615,635863.2766269299,6.071029491473376e-05,1.0
0.0,4.8353191001810054e-05,2.9116190249961086e-05,0.1866641244328621,1.961861437634309,9.809307188171545,0.6365226412824508,0.00985089014817505,636522.6412824509,6.059670111025264e-05,0.0
0.6705555668811976,4.8965601972962305e-05,2.8774750138334894e-05,0.18566530504464365,1.9522502178269545,9.761251089134772,0.6379328672395143,0.009263477328801546,637932.8672395142,6.051985087723398e-05,1.0
0.0,5.041500914507299e-05,2.939606300314268e-05,0.18574947253539847,1.9533328382569506,9.766664191284752,0.6377738615167119,0.009272806587508847,637773.8615167119,6.0500011446697695e-05,0.0
0.0,5.058993453545731e-05,2.937922719901228e-05,0.186428707197541,1.959070899097069,9.795354495485345,0.6369317673050455,0.009789181700127566,636931.7673050455,6.106935478930886e-05,0.0
0.0,5.086968991257703e-05,2.9584996881636694e-05,0.18656749239879972,1.9608670699283708,9.804335349641853,0.6366683972267936,0.009803382024393025,636668.3972267936,6.134404082748596e-05,0.0
0.6651671883361856,5.060586622987771e-05,2.943223620414272e-05,0.1876174759122853,1.9780303837347248,9.890151918673624,0.634157249619514,0.009392201444084635,634157.249619514,6.178994937319399e-05,1.0
0.6564736020344835,4.968864224473675e-05,2.912801313346592e-05,0.1878578346425969,1.9855175210860807,9.927587605430404,0.6330649188997105,0.008780588184904277,633064.9188997105,6.23139458405416e-05,1.0
0.6649847320026097,4.9393509718326906e-05,2.907528871752122e-05,0.1876105433517112,1.984734339767619,9.923671698838094,0.633179092426306,0.008400179129728402,633179.092426306,6.17861742840177e-05,1.0
0.0,4.8859191903410996e-05,2.9424140703184555e-05,0.1882845720699489,1.9924224405332323,9.96211220266616,0.6320591982834433,0.008628342423341014,632059.1982834432,6.194949807356191e-05,0.0
0.0,4.815850577713527e-05,2.9279438351701378e-05,0.18843062476506145,1.9930606145064784,9.965303072532391,0.6319663271759312,0.008827576706054049,631966.3271759312,6.200392737352684e-05,0.0
0.6606228887786385,4.905651563259039e-05,2.9032689992848525e-05,0.18828519844963323,1.9936513297615754,9.968256648807877,0.6318803747223687,0.008450771621635133,631880.3747223687,6.219575796467273e-05,1.0
0.6716405431076096,4.921181657895147e-05,2.9098675466302298e-05,0.18869888177801455,2.0067419411394543,10.033709705697271,0.6299786129221823,0.0073763764782114015,629978.6129221823,6.200138395385844e-05,1.0
0.0,4.941742403767943e-05,2.9266408737191575e-05,0.18816829505975557,1.99762652353526,9.9881326176763,0.6313022652109721,0.007638855330483256,631302.265210972,6.16987197331838e-05,0.0
0.6733652264362207,4.927456437432772e-05,2.97739350131037e-05,0.18798787091699,1.9979070895451045,9.989535447725522,0.6312614826904059,0.007237224524385966,631261.4826904059,6.18307109894392e-05,1.0
0.6705774059218395,4.920263754561945e-05,2.9884581456353376e-05,0.18905425638827056,2.0098460477806985,10.049230238903492,0.6295284984968648,0.007637011273405888,629528.4984968648,6.227467290823202e-05,1.0
0.6662790916700357,4.970086013582673e-05,3.0080087630785678e-05,0.189098464316036,2.0127390324068335,10.063695162034167,0.6291092875948019,0.0073062162268738955,629109.2875948019,6.270226604204736e-05,1.0
0.6634362759485637,4.969067437376259e-05,3.029426844924606e-05,0.18859254277125917,2.008793721905009,10.043968609525045,0.6296810561329832,0.006866141675501513,629681.0561329832,6.282440907458624e-05,1.0
0.6632661225809566,4.9962207855299704e-05,2.994247846568135e-05,0.18741006556671613,1.9915562498131671,9.957781249065835,0.632185273662189,0.007005404795621275,632185.273662189,6.236312713693936e-05,1.0
0.657662558969073,4.9864961549271204e-05,2.965462927522686e-05,0.1863850379815618,1.9690216553949669,9.845108276974834,0.6354740703515984,0.008244146314722034,635474.0703515984,6.199076998333677e-05,1.0
0.6571182857694893,4.969658587291976e-05,2.933636780284063e-05,0.1881503067006108,1.990403034184675,9.952015170923374,0.6323531649827643,0.00865377838398588,632353.1649827643,6.244959079044383e-05,1.0
0.6534493243005473,4.899919707266043e-05,2.8949996720076323e-05,0.1884363112369199,1.9936800917134896,9.968400458567448,0.6318761899920693,0.008748812465909089,631876.1899920693,6.256175911577652e-05,1.0
0.6479934477577911,4.803033860002366e-05,2.9209634748135917e-05,0.18812255930711153,1.9879657584883572,9.939828792441785,0.6327081433705584,0.00895326198478139,632708.1433705584,6.264294635373362e-05,1.0
0.0,4.793895087748999e-05,2.9312457080672326e-05,0.18796721864480057,1.9917010122098884,9.958505061049442,0.6321642015247418,0.008098638814342965,632164.2015247418,6.270386141098501e-05,0.0
0.0,4.8008420205936804e-05,2.9350056757986313e-05,0.1870272774958493,1.9823902505826572,9.911951252913285,0.6335209408609812,0.007575495852679828,633520.9408609812,6.256146255204902e-05,0.0
0.0,4.740518678346367e-05,2.8585240668205906e-05,0.18620783712156144,1.9794304327970413,9.897152163985206,0.6339528472599798,0.006368521503102661,633952.8472599798,6.275582561245407e-05,0.0
0.6390582686717702,4.7439845615277085e-05,2.9230178912427374e-05,0.18601920596242613,1.9704324202111707,9.852162101055853,0.6352676760954766,0.00730608802032892,635267.6760954766,6.271912346017846e-05,1.0
0.0,4.7517924984466794e-05,2.897729373293276e-05,0.18543605763212495,1.956891035961302,9.78445517980651,0.6372515440102503,0.008123659274500216,637251.5440102502,6.272146415159818e-05,0.0
0.6208826240825635,4.648956248174777e-05,2.961329168505579e-05,0.18406848341225884,1.9367033657836972,9.683516828918485,0.6402206285276,0.008357595352117667,640220.6285276,6.287932312149261e-05,1.0
0.6156917462564403,4.610220890237307e-05,2.918625340715928e-05,0.18303255400695567,1.9219927245457349,9.609963622728674,0.6423928929827061,0.008458000996617416,642392.8929827061,6.267320064301264e-05,1.0
0.6191024681435662,4.638379667119334e-05,2.8958807991449134e-05,0.1835296091592106,1.933765747694195,9.668828738470975,0.6406538276570151,0.007713045975436277,640653.8276570151,6.277667080571532e-05,1.0
0.6157104596396988,4.664965010246735e-05,2.8318777016867263e-05,0.18286683513195784,1.925221613128211,9.626108065641054,0.6419154648118865,0.007649135075802206,641915.4648118865,6.266796381364446e-05,1.0
0.6128824660160491,4.6139819642218124e-05,2.8461038969312726e-05,0.18384387332989088,1.9320661019836753,9.660330509918376,0.6409046016537063,0.008592348313488108,640904.6016537063,6.29289730902694e-05,1.0
0.6099987291736515,4.629624727462363e-05,2.81614411436831e-05,0.18469592348852884,1.9429912538424539,9.71495626921227,0.6392943623692585,0.008686209346316203,639294.3623692585,6.333360868397844e-05,1.0
0.6044796690930149,4.688152594181139e-05,2.7876312274579932e-05,0.1846640067875547,1.9442972256176796,9.721486128088397,0.6391021483511745,0.008430161926283932,639102.1483511745,6.375958630577194e-05,1.0
0.6134883953879209,4.733243190247061e-05,2.7507031763936014e-05,0.1841024454821194,1.9424256089821155,9.712128044910576,0.6393776323935176,0.007582523357756447,639377.6323935176,6.314451932388104e-05,1.0
0.6078773076663689,4.733814037091423e-05,2.779009764747865e-05,0.18465432634121354,1.9449073260077498,9.724536630038749,0.6390123730720396,0.008321025754466721,639012.3730720396,6.360903606493426e-05,1.0
0.6009823313869034,4.71573894068338e-05,2.804773478999934e-05,0.18442807434522365,1.9418429758223537,9.709214879111768,0.6394634146484163,0.008319563338863559,639463.4146484162,6.402782531242198e-05,1.0
0.6017101119587073,4.689956937652987e-05,2.863039026152299e-05,0.18497618029397134,1.9550452089264727,9.775226044632364,0.6375224445574622,0.007474805145404873,637522.4445574622,6.445866732066876e-05,1.0
0.6004684314583886,4.71954878804541e-05,2.845207046997064e-05,0.18621042315995628,1.9747096434893885,9.873548217446942,0.6346423298815485,0.007063176201461005,634642.3298815484,6.505626796715844e-05,1.0
0.6037837299508676,4.734913010941646e-05,2.854867487188527e-05,0.18701479066817048,1.9897135689233103,9.948567844616552,0.6324535623324118,0.00648314366875272,632453.5623324118,6.528510212323017e-05,1.0
0.6043021582918601,4.7716849510279235e-05,2.8190900815226977e-05,0.18546155293713767,1.9684036651971084,9.842018325985542,0.6355645031582463,0.00648760903252168,635564.5031582463,6.46834064690172e-05,1.0
0.0,4.7828449426634224e-05,2.8126571092101843e-05,0.18527485169273236,1.9646653243045653,9.823326621522826,0.6361118229512129,0.0066615263366776555,636111.822951213,6.472986729766626e-05,0.0
0.6011343354733599,4.828126241327526e-05,2.8008386076275452e-05,0.1852372281471925,1.9654136092062853,9.827068046031426,0.6360022309834198,0.00647668727780484,636002.2309834198,6.486637545423933e-05,1.0
0.5996812246405593,4.8362933431488606e-05,2.818755334199857e-05,0.18585619668059142,1.970735916626385,9.853679583131925,0.6352232834693093,0.006935676830492184,635223.2834693093,6.514102535426118e-05,1.0
0.0,4.878801912092468e-05,2.8528908817084057e-05,0.18468376278335616,1.9540480529168367,9.770240264584183,0.6376688388474062,0.0070363644141185604,637668.8388474062,6.483437678423144e-05,0.0
0.0,4.924767012368951e-05,2.8855650647991825e-05,0.1837642019308146,1.9375326552548104,9.687663276274051,0.640098389456843,0.007626793318472254,640098.389456843,6.461134532569727e-05,0.0
0.0,4.886045340610331e-05,2.8625693953366706e-05,0.1847519939687501,1.9518498996459681,9.75924949822984,0.6379916724755622,0.00749566041306245,637991.6724755622,6.512181045758538e-05,0.0
0.0,4.797917231454587e-05,2.8952720445686273e-05,0.18519823994962567,1.947221708466951,9.736108542334755,0.6386719301015554,0.009068410000806774,638671.9301015554,6.461228981920318e-05,0.0
0.5992174788745811,4.8791335296262225e-05,2.896044049564021e-05,0.18404874378784333,1.9334032109130797,9.667016054565398,0.640707309863367,0.00880479743905366,640707.309863367,6.443787285125818e-05,1.0
0.59287158744973,4.894383795569311e-05,2.88838526169583e-05,0.18311822073248632,1.9236987386175883,9.618493693087942,0.642140595029422,0.008377036494394651,642140.595029422,6.467078117722714e-05,1.0
0.591806559593651,4.8107718248831184e-05,2.8693622118573458e-05,0.18327911673616173,1.9291295102783588,9.645647551391793,0.6413381120171354,0.007896345489458879,641338.1120171354,6.470699618892402e-05,1.0
0.0,4.778865413524521e-05,2.8551768937893523e-05,0.18274433814229374,1.9223214432081566,9.611607216040783,0.6423442719318051,0.007832948216392549,642344.2719318051,6.489706332792442e-05,0.0
0.5944117205193373,4.821881819872522e-05,2.9103427712994524e-05,0.18262956963785845,1.9262912707658342,9.63145635382917,0.6417573819309149,0.007016521206631807,641757.3819309149,6.462433988193847e-05,1.0
0.5958249071359536,4.811460341918427e-05,2.9213582388682842e-05,0.18211824317874623,1.9179781717230524,9.589890858615261,0.6429869858469206,0.007223472204413076,642986.9858469206,6.431824245772994e-05,1.0
0.6001124925751186,4.789628064114102e-05,2.9281694295159545e-05,0.1804978156141772,1.9021766070147512,9.510883035073755,0.645330719647188,0.006326350875542411,645330.719647188,6.364348013118638e-05,1.0
0.5968713424362305,4.8638795958474686e-05,2.921738635169527e-05,0.1817763501462981,1.9183768765066693,9.591884382533346,0.642927959027464,0.006480659320060178,642927.959027464,6.438047194509512e-05,1.0
0.593287703431502,4.814237646611329e-05,2.9966832208092773e-05,0.18188903613052765,1.9239912380894257,9.619956190447128,0.6420973480005555,0.005875420261610797,642097.3480005555,6.492455295033812e-05,1.0
0.0,4.778045225791361e-05,3.0358998710584843e-05,0.1817005855674118,1.9221739047152562,9.61086952357628,0.6423660940178649,0.005767265152688535,642366.0940178649,6.475286533999556e-05,0.0
0.0,4.793053645027947e-05,3.013550010193351e-05,0.18162347315142513,1.918516809404135,9.592584047020674,0.6429072437463507,0.006154190049200944,642907.2437463506,6.49187860595738e-05,0.0
0.0,4.8167153187300825e-05,3.0050705583483454e-05,0.18344059047803077,1.9347954769068048,9.673977384534023,0.6405019441340936,0.007383125090155102,640501.9441340936,6.572182341902214e-05,0.0
0.0,4.8451981640725175e-05,2.9985418108802512e-05,0.18372917844115902,1.9420148678239557,9.710074339119778,0.6394381054456434,0.006896462327961422,639438.1054456434,6.578539380463537e-05,0.0
0.0,4.8938561030195145e-05,3.0029471340111242e-05,0.18465092044562628,1.954642700783834,9.77321350391917,0.6375815334654364,0.006883374356688997,637581.5334654364,6.60353146699907e-05,0.0
0.588277878106253,4.9059079119932e-05,2.9818514115519587e-05,0.1841390745310053,1.9497129199932652,9.748564599966326,0.6383056784701568,0.006583827532167446,638305.6784701569,6.602876981810668e-05,1.0
0.5944863609899507,4.9322589507002566e-05,2.9953788790217706e-05,0.1840668925717766,1.9512253269951956,9.756126634975978,0.6380834306766905,0.006217215820243699,638083.4306766905,6.570809966233335e-05,1.0
0.5969082850665958,4.920653308720497e-05,3.0390339454025146e-05,0.18429289135105303,1.956222809615257,9.781114048076285,0.637349602136748,0.005935384838854053,637349.6021367479,6.576751667665019e-05,1.0
0.0,4.925375157707923e-05,2.9988444232243396e-05,0.18419999120345637,1.9515976623298135,9.757988311649067,0.6380287279729827,0.006428710379895442,638028.7279729827,6.61974851976493e-05,0.0
0.5903060953327166,4.932244363556446e-05,2.9650231326470907e-05,0.18411462490565586,1.9516103879931805,9.758051939965902,0.6380268584288706,0.0062561082401823434,638026.8584288707,6.593964841037031e-05,1.0
0.0,4.944354383076269e-05,2.9512279133352298e-05,0.1843565869847903,1.9467420768344845,9.733710384172422,0.6387424684549335,0.007455642424514124,638742.4684549335,6.597110072940405e-05,0.0
0.5868745120381963,4.9840942857938816e-05,2.9390994882652902e-05,0.18485759854705994,1.951797827272817,9.758989136364084,0.6379993221098513,0.007714519203971208,637999.3221098513,6.614858484803262e-05,1.0
0.0,5.0121696841752456e-05,3.0002714747423622e-05,0.18372689625552102,1.9395479290888546,9.697739645444273,0.6398014309782627,0.007255223489304747,639801.4309782627,6.568613483749843e-05,0.0
0.0,5.01413714063675e-05,3.03031732184796e-05,0.1841726309688001,1.946476670699548,9.73238335349774,0.6387815044908459,0.007126766428446113,638781.504490846,6.582190117343304e-05,0.0
0.5886791686186347,4.973398098576963e-05,3.058040645974549e-05,0.18430798462583756,1.9506542693029862,9.75327134651493,0.6381673383531821,0.006783307604857196,638167.3383531821,6.634892742776194e-05,1.0
0.5874321982731262,4.97731369950856e-05,3.048948862249656e-05,0.18446329548532295,1.9496080986318534,9.748040493159266,0.6383210848085875,0.007247675779233409,638321.0848085876,6.637720089105366e-05,1.0
0.5862383749002243,4.9763665362736015e-05,3.0393804828010584e-05,0.18448528073693615,1.955111108115737,9.775555540578685,0.6375127709614938,0.006483332435366114,637512.7709614938,6.661498174662399e-05,1.0
0.5804980370726235,4.9864982845387896e-05,2.9950417107320752e-05,0.18398318615557835,1.9523594813160923,9.761797406580461,0.6379168177852842,0.0058831900964408865,637916.8177852842,6.691170568463379e-05,1.0
0.0,5.097094584205034e-05,3.018593083358868e-05,0.1834540019673756,1.9466109842764976,9.733054921382488,0.6387617493003863,0.005669753235137498,638761.7493003863,6.655911575450984e-05,0.0
0.5920200156461176,5.068964053593872e-05,3.0329528598359542e-05,0.18414606488809684,1.9531160261388543,9.765580130694271,0.6378057017908102,0.006097831567003911,637805.7017908102,6.628979050516547e-05,1.0
0.0,5.0886992234782626e-05,3.070873723579583e-05,0.18499285887061617,1.959923845667621,9.799619228338104,0.6368066873318429,0.006792405073075218,636806.6873318428,6.688125241382782e-05,0.0
0.5893448680186362,5.140348342370912e-05,3.0631313577073066e-05,0.18505677448438212,1.9556526663661782,9.77826333183089,0.6374332790982359,0.007546828067000136,637433.2790982359,6.669776634063453e-05,1.0
0.5870334731655784,5.142441471228463e-05,3.057615356167148e-05,0.1848434075459632,1.950609090116424,9.75304545058212,0.6381739771737075,0.007860792265633899,638173.9771737074,6.672362819580579e-05,1.0
0.5942404724857927,5.256484897762502e-05,3.061564414900625e-05,0.184782213527456,1.9497671734764908,9.748835867382454,0.6382977045972302,0.007862131652142211,638297.7045972302,6.635471350526375e-05,1.0
0.5943043331234047,5.232453235220678e-05,3.087090053867825e-05,0.18467025408400248,1.9452517734788206,9.726258867394103,0.6389616937572514,0.008302201925256363,638961.6937572514,6.624617571352881e-05,1.0
0.5990653074377079,5.2440086316322667e-05,3.041241784127544e-05,0.1856013220307155,1.9615979291080672,9.807989645540335,0.6365612635166044,0.00776390757803538,636561.2635166043,6.621345214127025e-05,1.0
0.0,5.1991881717549725e-05,3.0624986324571445e-05,0.18545061050258768,1.965530727667848,9.827653638339239,0.6359850798102912,0.0068863008154665594,635985.0798102912,6.622742397891182e-05,0.0
0.6038617830200202,5.1776281715627084e-05,3.0606337929428165e-05,0.18565206850753857,1.966366115449963,9.831830577249814,0.6358627565729233,0.007166893588000473,635862.7565729234,6.59521486021669e-05,1.0
0.6081347218759059,5.186522303651287e-05,3.0276619990453494e-05,0.18479477815386697,1.9577115434040733,9.788557717020366,0.6371311601999321,0.006720716507666038,637131.160199932,6.537662808622754e-05,1.0
0.6091238881036349,5.2251070606936474e-05,2.9645705864848205e-05,0.18541477785891516,1.9659472070063584,9.829736035031791,0.6359240930935997,0.006753648811429977,635924.0930935997,6.540290608545238e-05,1.0
0.0,5.2365596611809534e-05,2.9611849633987736e-05,0.18507898434495929,1.960512213866787,9.802561069333935,0.6367204206532192,0.006878389343137785,636720.4206532192,6.449392954586676e-05,0.0
0.6295465429176623,5.294784210424071e-05,3.00539265362902e-05,0.18475134815739183,1.9547744964786409,9.773872482393203,0.6375621850210805,0.007064881335864178,637562.1850210805,6.39328933958459e-05,1.0
0.0,5.284140260685956e-05,3.055525340558682e-05,0.18564802613962053,1.963405153179834,9.817025765899169,0.6362964271991683,0.007592479478409421,636296.4271991684,6.432211344057624e-05,0.0
0.0,5.261849028980287e-05,3.065076120067611e-05,0.18621729585478622,1.968010277326156,9.84005138663078,0.6356220757734147,0.008056667482987098,635622.0757734147,6.4476801768877e-05,0.0
0.6377643423963925,5.3918113037646505e-05,3.1226347675815264e-05,0.18449528508194651,1.9436155956882772,9.718077978441386,0.6392024640030182,0.008193034166911202,639202.4640030182,6.347914774712678e-05,1.0
0.6364048010721457,5.403686960161459e-05,3.1188938397411934e-05,0.18436973185900862,1.9431655761368685,9.715827880684342,0.639268702125321,0.008008165843338275,639268.702125321,6.357448417208269e-05,1.0
0.6412510007247512,5.3596391436593025e-05,3.145115069495653e-05,0.18459258144934826,1.9455574608196073,9.727787304098037,0.6389167206721131,0.008101883570809671,638916.7206721131,6.331091047213238e-05,1.0
0.6374404223261778,5.317733172673713e-05,3.128675841438547e-05,0.18429275845695564,1.9432503500454037,9.716251750227018,0.6392562237771447,0.007841740691056018,639256.2237771448,6.341638238486846e-05,1.0
0.637064009309843,5.264244513493672e-05,3.110664359431252e-05,0.1844667254635953,1.9459889797013936,9.729944898506968,0.6388532404890412,0.007786691416231812,638853.2404890412,6.3393453931555e-05,1.0
0.6385275916952776,5.3057880910166376e-05,3.0881257987362076e-05,0.1838893595131995,1.9289723200782758,9.644861600391378,0.6413613252732984,0.009140044299697383,641361.3252732983,6.281562590707895e-05,1.0
0.6368496325910229,5.281453464551643e-05,3.024547414347754e-05,0.18195182987464584,1.902082667683303,9.510413338416514,0.6453446785148536,0.009248338264145206,645344.6785148536,6.206423915198395e-05,1.0
0.0,5.282192519043434e-05,3.0626692338592063e-05,0.18149213494913535,1.8942863319459342,9.47143165972967,0.6465042241091103,0.009488494007381075,646504.2241091103,6.258694584635142e-05,0.0
0.6308228745791656,5.273373234940652e-05,3.0421668760078818e-05,0.18168812062915451,1.8992230765246871,9.496115382623435,0.6457697425444092,0.009145983802718272,645769.7425444092,6.241812825400947e-05,1.0
0.6300630676788129,5.3044803906388855e-05,3.017280375095068e-05,0.17969602809832597,1.8689890527089845,9.344945263544922,0.6502810446382269,0.00967310083487884,650281.0446382269,6.167149423167898e-05,1.0
0.6247208114485819,5.256053578181907e-05,2.9815356171447867e-05,0.17945370753572834,1.8631738109824096,9.315869054912048,0.6511523599580563,0.010059775029512975,651152.3599580564,6.170158844308323e-05,1.0
0.6282711062779562,5.197153892311118e-05,2.9757741217058024e-05,0.1784063156801396,1.8466827250707674,9.233413625353837,0.6536296244459711,0.010442255806250259,653629.6244459711,6.093814257719504e-05,1.0
0.0,5.2044256798239755e-05,3.0291634085884787e-05,0.17850378140382162,1.8473228288440386,9.236614144220193,0.6535332935058588,0.010540856313501984,653533.2935058587,6.0420446331296515e-05,0.0
0.6446437403271982,5.230385130462491e-05,3.0913935059413904e-05,0.18045538103463613,1.8699553648467164,9.349776824233581,0.6501363721658431,0.01104713423511533,650136.372165843,6.0761182776270894e-05,1.0
0.0,5.242404043508123e-05,3.0397396295485e-05,0.18079494986948316,1.870384497603141,9.351922488015704,0.6500721344097641,0.01166203414873039,650072.1344097641,6.0959504082412114e-05,0.0
0.0,5.197083276183094e-05,3.0283113970782418e-05,0.18096264129872602,1.8719017791977697,9.359508895988847,0.6498450603279784,0.01177034292543043,649845.0603279783,6.085083725391267e-05,0.0
0.6418228347555452,5.2270158527640016e-05,2.996714436033866e-05,0.1817348089520259,1.8828560530216967,9.414280265108482,0.6482080119833699,0.01167762988742166,648208.0119833698,6.101429646462317e-05,1.0
0.6379143502560435,5.18528248935394e-05,3.0264302795495342e-05,0.18213236355669002,1.8854119975393684,9.427059987696842,0.6478266356713506,0.012091362784730608,647826.6356713505,6.131256807017098e-05,1.0
0.6424761971913362,5.155499907327542e-05,3.0344994803773615e-05,0.1818959975703839,1.8855538398866878,9.427769199433438,0.6478054777349883,0.011597472875756125,647805.4777349883,6.103066584237177e-05,1.0
0.641971841347864,5.105192232944891e-05,3.0147124109484193e-05,0.1825612034185869,1.8971092223304042,9.48554611165202,0.6460841364407596,0.011206543277933339,646084.1364407595,6.125508741321674e-05,1.0
0.6515758126725195,5.168146305718595e-05,3.0165953551471815e-05,0.18303949139810946,1.9038859093889142,9.51942954694457,0.6450767794447133,0.011155762240932222,645076.7794447133,6.0933805140185325e-05,1.0
0.0,5.1964544566555904e-05,3.0019408894020065e-05,0.18294951368216145,1.9086944488168005,9.543472244084002,0.6443629410975716,0.010261968461894505,644362.9410975716,6.112350119599098e-05,0.0
0.6525313841504018,5.2227750363064225e-05,3.050329454445213e-05,0.18318630717628223,1.90913275831479,9.545663791573949,0.6442979123768738,0.010670526729438327,644297.9123768739,6.117518825629981e-05,1.0
0.0,5.2806801066374166e-05,3.06573165080679e-05,0.18281695425933397,1.9074894561012234,9.537447280506116,0.6445417507324487,0.010175659251116648,644541.7507324487,6.134382920444221e-05,0.0
0.6612452804928808,5.4156989669166044e-05,3.084511720418147e-05,0.18351417622515412,1.9185113758315155,9.592556879157577,0.6429080481050352,0.009936400555343438,642908.0481050352,6.124266850215986e-05,1.0
0.6578385011465253,5.3219236823827645e-05,3.0028139616687973e-05,0.18333305709252182,1.9167765221160935,9.583882610580467,0.643164918561353,0.009831032746396684,643164.918561353,6.111613320291514e-05,1.0
0.6637610160190786,5.278566379691254e-05,3.000754022070557e-05,0.18437786100645331,1.9307535204673318,9.653767602336659,0.6410983334893474,0.009854055502254025,641098.3334893474,6.105808265055839e-05,1.0
0.6668483727893462,5.2421862978887025e-05,3.063235270400917e-05,0.18362203546999584,1.9216669863950924,9.608334931975461,0.6424410768140058,0.009685147753997423,642441.0768140057,6.0741302400128165e-05,1.0
0.6597885032213937,5.194801590811794e-05,3.101754437093999e-05,0.18478254650697423,1.9375714862122484,9.687857431061241,0.6400926662613539,0.0096577592753023,640092.6662613539,6.156945876338441e-05,1.0
0.6585480299959259,5.137026396615372e-05,3.0443066607745103e-05,0.1852106335869853,1.9435404573188877,9.717702286594438,0.6392135230996304,0.009634790273601047,639213.5230996304,6.159985378209663e-05,1.0
0.0,5.1193032154802966e-05,3.0340177525785123e-05,0.1844722409583697,1.9349842989419899,9.674921494709949,0.6404740970725761,0.009418578989315463,640474.097072576,6.095594702841823e-05,0.0
0.6667963569939436,5.056086965406221e-05,2.9972918135493804e-05,0.18475559885871923,1.941374399308673,9.706871996543365,0.6395324124632713,0.00904361018070977,639532.4124632713,6.0900108966995505e-05,1.0
0.6772871576800332,5.071717344474967e-05,3.048679024089279e-05,0.1846428102276046,1.9360438823393267,9.680219411696633,0.6403178544840642,0.009603474939273377,640317.8544840642,6.02762455130511e-05,1.0
0.0,5.072867913656898e-05,3.0550337920757705e-05,0.18423959092259914,1.937657285236015,9.688286426180074,0.6400800207441563,0.008559202589354558,640080.0207441562,5.993034575273478e-05,0.0
0.681370433398978,5.095461988621943e-05,3.0308992494423118e-05,0.1839357370824004,1.934037868159842,9.67018934079921,0.6406136867932619,0.008485160958062727,640613.6867932619,6.005137813764239e-05,1.0
0.6900778378379331,5.1189391714314164e-05,3.0313060027596893e-05,0.18383293199408185,1.9340279891553145,9.670139945776572,0.6406151440147957,0.008281008002959365,640615.1440147957,5.962323756264765e-05,1.0
0.0,5.146710730674122e-05,2.952458916832441e-05,0.184745494260045,1.9447617373103068,9.723808686551534,0.6390337950661734,0.00852478358626342,639033.7950661734,5.9999829086953624e-05,0.0
0.6843650911186755,5.1251060692194456e-05,2.9208608993920948e-05,0.18485909422200827,1.9510516190855676,9.755258095427838,0.6381089530722621,0.007827141516278648,638108.9530722621,6.0177183221016e-05,1.0
0.6896587803708079,5.22866111796674e-05,2.923536993179042e-05,0.18400015295309852,1.9407769327861655,9.703884663930827,0.6396204001091342,0.007620706015331272,639620.4001091343,5.977283973392541e-05,1.0
0.0,5.2358094514315105e-05,2.950436514369061e-05,0.18329827764610665,1.9312804297138577,9.656402148569288,0.6410205567358165,0.007617112028029769,641020.5567358165,5.961856382284962e-05,0.0
0.0,5.13796902477164e-05,2.8931883604637597e-05,0.18389074676638317,1.9353625772222338,9.676812886111168,0.6404183130598881,0.008199806592654403,640418.3130598881,5.945258799615478e-05,0.0
0.6828385913861555,5.085090856987897e-05,2.8838899340234117e-05,0.1843399559128097,1.9400871969467468,9.700435984733733,0.6397219911185796,0.008401902944199027,639721.9911185796,5.984158633820374e-05,1.0
0.6862742530729957,4.996363890396748e-05,2.9165027074985082e-05,0.18365132275285986,1.934541003213941,9.672705016069704,0.6405394752741609,0.007842120779880616,640539.4752741609,5.950664127702119e-05,1.0
0.6868933553943544,4.997303344046379e-05,2.87462905361734e-05,0.18481857561657505,1.9517633379794823,9.758816689897412,0.6380043887717726,0.007641540004922674,638004.3887717726,5.983842725564421e-05,1.0
0.6892587307877731,4.9912670159627843e-05,2.8840119575885182e-05,0.18573137201413867,1.9608630205925888,9.804315102962944,0.6366689908528772,0.008131734881154566,636668.9908528771,5.99334271432296e-05,1.0
0.6849205051187517,4.968020390748556e-05,2.888310953529928e-05,0.18504843963437184,1.955389996526889,9.776949982634445,0.6374718334818262,0.00756871275056994,637471.8334818262,6.002520657834113e-05,1.0
0.0,5.069206288553611e-05,2.9419761440700274e-05,0.18458815757129715,1.9490596434381915,9.745298217190957,0.638401701218778,0.0075780163613723564,638401.701218778,6.004747179187299e-05,0.0
0.7009909635071762,5.0952713064863845e-05,2.9362325353952778e-05,0.18451752510764957,1.9478003184322952,9.739001592161475,0.6385868455925826,0.007621895807881772,638586.8455925826,5.9243058702830074e-05,1.0
0.0,5.1296707984289736e-05,2.9323598667361202e-05,0.18427759157224538,1.9455257679529077,9.727628839764538,0.638921383217273,0.007476566361763754,638921.3832172729,5.929150680688839e-05,0.0
0.7081842936383616,5.080523708063289e-05,2.9593614619963386e-05,0.1859793393926623,1.9591768275311674,9.795884137655836,0.6369162321406033,0.008874910925927936,636916.2321406034,5.913633819463589e-05,1.0
0.7072820877437566,5.028955989335473e-05,2.9203837727149316e-05,0.18666824591222733,1.9698385207104927,9.849192603552464,0.6353545551532309,0.008691046977685603,635354.5551532309,5.9337345660335144e-05,1.0
0.0,5.030217144503611e-05,2.9153496010641072e-05,0.18686354665618007,1.9707924454312966,9.853962227156483,0.6352150153054557,0.00894210861781579,635215.0153054557,5.9366913918979775e-05,0.0
0.7082758323989705,5.03826315859615e-05,2.90337085871761e-05,0.18722057885311902,1.978155652131563,9.890778260657815,0.6341389581791118,0.008580115885349833,634138.9581791118,5.948343456196293e-05,1.0
0.7020159054928741,4.9446823170685045e-05,2.9011360871621045e-05,0.18799881730556814,1.986822291352377,9.934111456761885,0.6328747529525063,0.008872387563642538,632874.7529525063,5.988975544393948e-05,1.0
0.6972773856096153,4.9367733195846576e-05,2.9285655588877475e-05,0.18828943767664633,1.9876684528079949,9.938342264039974,0.632751458257503,0.009330333610795655,632751.458257503,6.0162548486951195e-05,1.0
0.0,4.93874145733664e-05,2.946619092262458e-05,0.1884602573582833,1.991941270545526,9.959706352727629,0.6321292302036401,0.009049744920206692,632129.2302036401,6.006791244920865e-05,0.0
0.0,4.929209169901351e-05,2.9252262411613483e-05,0.18889993155507648,1.9980443206755383,9.990221603377691,0.6312415360040403,0.009041399114193292,631241.5360040403,6.0012161987998353e-05,0.0
0.0,4.88995546588599e-05,2.9308226924379377e-05,0.1890427024923865,2.0029594914985163,10.01479745749258,0.630527526262191,0.00861293124696399,630527.526262191,6.016302931305485e-05,0.0
0.7149765880179848,4.865179597472213e-05,2.9769194870121947e-05,0.18820031000021084,1.995112263383788,9.97556131691894,0.6316678507155781,0.008068470715999764,631667.8507155781,5.954194814550496e-05,1.0
0.0,4.8590330458441285e-05,2.9524401263080316e-05,0.1879927055803785,1.9884329205426519,9.942164602713259,0.6326400878571729,0.008625499017929873,632640.0878571728,5.9278588350702044e-05,0.0
0.7066682911377791,4.866392386107748e-05,2.9577463271937815e-05,0.18767454207913195,1.9857783155149382,9.92889157757469,0.6330269044063656,0.008375988564629452,633026.9044063656,5.96652912682827e-05,1.0
0.7169381956356352,4.899304117513121e-05,2.952796580341747e-05,0.18659270612868012,1.9789961064141703,9.894980532070852,0.6340162503717226,0.007201662629082828,634016.2503717226,5.9083429203592104e-05,1.0
0.0,4.955360845410403e-05,2.9518504982598087e-05,0.1860156962763956,1.9646851785595303,9.823425892797651,0.6361089149019568,0.008140307454747982,636108.9149019568,5.867145026856732e-05,0.0
0.0,4.941536242325832e-05,2.9038937596271305e-05,0.18638005681964276,1.9721509945978302,9.86075497298915,0.6350163400048362,0.007776453644121719,635016.3400048362,5.8729319009554205e-05,0.0
0.0,4.919897707673548e-05,2.948138770063954e-05,0.18663453857762646,1.9761720559745637,9.880860279872818,0.6344286608941123,0.007697738049365269,634428.6608941123,5.94829150254967e-05,0.0
0.708514304972933,4.943382537196792e-05,2.9259454376360297e-05,0.18612290107997004,1.9632549490921472,9.816274745460735,0.6363184343811851,0.008564236541125122,636318.4343811851,5.903705671891273e-05,1.0
0.7124418999248296,4.975057132273399e-05,2.958208687987915e-05,0.18597914470779847,1.9615806829930287,9.807903414965143,0.6365637913476119,0.0085220807632088,636563.7913476119,5.889214314099505e-05,1.0
0.7170255112788413,4.953845967964987e-05,2.9404032159867314e-05,0.18587433506724912,1.960506211160642,9.80253105580321,0.6367213007123455,0.008469970846843693,636721.3007123454,5.8598999345521466e-05,1.0
0.7167844342255074,4.9942887224539954e-05,2.9228300121101238e-05,0.1857738115041047,1.9631155312225286,9.815577656112643,0.6363388618994221,0.007886484907631552,636338.8618994221,5.8715302006808704e-05,1.0
0.0,5.043382215062714e-05,2.9607671093818855e-05,0.1846467947548423,1.9530339961116014,9.765169980558007,0.6378177488499805,0.007111338359665138,637817.7488499805,5.8591565471017716e-05,0.0
0.0,5.107098894044394e-05,2.9913683052985856e-05,0.1837074588299508,1.9404333738294253,9.702166869147126,0.6396710008002722,0.007085918460173771,639671.0008002722,5.805548964831289e-05,0.0
0.7186629665117068,5.193872961499497e-05,2.9978009161615334e-05,0.18429744201248804,1.9468219513131757,9.734109756565879,0.6387307209530316,0.007325604978007743,638730.7209530317,5.8560927819571696e-05,1.0
0.0,5.146674695336535e-05,3.0206794143324924e-05,0.18334902722419472,1.932545892164226,9.66272946082113,0.6408338011341635,0.007531855582552974,640833.8011341635,5.832753783539965e-05,0.0
0.0,5.14443611189643e-05,3.0116092426381504e-05,0.18318126269029925,1.9315683393903946,9.657841696951973,0.6409780625500688,0.007340587930667307,640978.0625500688,5.8598390986057546e-05,0.0
0.0,5.142111274489434e-05,3.0111260289538208e-05,0.18307325984983855,1.9296762007450046,9.648381003725023,0.6412573853720503,0.007403905071727432,641257.3853720503,5.848646321154487e-05,0.0
0.0,5.13436537057302e-05,2.99105477660083e-05,0.18265273691715542,1.929849833547837,9.649249167739184,0.6412317481383181,0.0065372219726288995,641231.7481383181,5.859886816702467e-05,0.0
0.7090423834172338,5.0992149171810526e-05,3.018355629547821e-05,0.18309241887845795,1.9337800130886587,9.668900065443292,0.6406517232866081,0.006836561043524061,640651.7232866081,5.866614126051642e-05,1.0
0.0,5.022952518675878e-05,2.997186117021844e-05,0.18443861822074642,1.9510901190049994,9.755450595024996,0.6381032963035458,0.006980532745038602,638103.2963035458,5.9569765554606285e-05,0.0
0.6966920040008542,5.02712744060381e-05,3.0417970850295427e-05,0.1838571246442999,1.9360733946189903,9.680366973094952,0.6403135032486295,0.008027752537229258,640313.5032486295,5.9253376434577753e-05,1.0
0.0,4.988167108814338e-05,3.0314861182793573e-05,0.1846183188675396,1.946117742553938,9.73058871276969,0.63883429957462,0.008070937309699197,638834.29957462,5.953008048606388e-05,0.0
0.0,4.9927034406754326e-05,3.03147165283426e-05,0.18262864223136996,1.9220738086415456,9.610369043207728,0.6423808994246922,0.0076381838874321735,642380.8994246923,5.881396680010349e-05,0.0
0.0,4.9531471947769816e-05,3.053604060397205e-05,0.18378354568988328,1.937569443956888,9.68784721978444,0.6400929672628726,0.007660058642639121,640092.9672628726,5.90713261621641e-05,0.0
0.696945719723098,4.899101333589225e-05,3.053247911824948e-05,0.18230842341950632,1.9183893616723786,9.591946808361893,0.6429261107307658,0.00754295756977842,642926.1107307657,5.869049892623368e-05,1.0
0.6914138642259383,4.912834224936286e-05,3.04324570415989e-05,0.1843601486386495,1.944385520819279,9.721927604096395,0.639089155075469,0.007809452352768051,639089.155075469,5.961166384502952e-05,1.0
0.6951285407572141,4.922123616777885e-05,3.041480086642438e-05,0.18418376846017315,1.941600132108122,9.708000660540609,0.639499172416229,0.007866709336575283,639499.172416229,5.9356621181386614e-05,1.0
0.6959789114628042,4.952645243008374e-05,3.067465035516317e-05,0.18492447725892083,1.9556719600736898,9.778359800368449,0.6374304472814758,0.0072794017993174556,637430.4472814758,5.977005830610498e-05,1.0
0.0,5.062885526469088e-05,3.046230168141889e-05,0.1854022766722367,1.9674000811063246,9.837000405531622,0.6357113887747607,0.006515942119234097,635711.3887747608,6.0140946993141324e-05,0.0
0.6944104316437363,5.0754922925002484e-05,3.0415184545608534e-05,0.18523098529730078,1.963687188571154,9.81843594285577,0.6362551067835643,0.006717077378165923,636255.1067835643,6.017651483536508e-05,1.0
0.0,5.09823653500345e-05,3.0409966872897605e-05,0.18539920105929947,1.9608159526178548,9.804079763089273,0.6366758909825383,0.007474293101137224,636675.8909825383,5.961079831355266e-05,0.0
0.0,5.042393737860015e-05,3.066114309409795e-05,0.18488761506644455,1.9532280439341747,9.766140219670874,0.6377892510482512,0.007564481181140339,637789.2510482513,5.9171872796585235e-05,0.0
0.7139273855276712,4.977200491075996e-05,3.0617966620054556e-05,0.1857614783796555,1.962037184719934,9.81018592359967,0.6364968834751666,0.008019840234477636,636496.8834751666,5.901552452622803e-05,1.0
0.0,5.056797953593143e-05,3.114809701600158e-05,0.18577970325611415,1.958561759983351,9.792808799916754,0.6370064414946616,0.008565848006889884,637006.4414946616,5.897921233764438e-05,0.0
0.0,5.009488005524615e-05,3.1078173502367024e-05,0.18532043822018773,1.9512006895031764,9.756003447515882,0.638087050529274,0.00872792696964942,638087.0505292739,5.856459019791172e-05,0.0
0.7201679542607902,4.9571010418406904e-05,3.09853049407981e-05,0.1855955900360794,1.9575494358326744,9.787747179163372,0.6371549426141669,0.008346122686325728,637154.942614167,5.861874506141449e-05,1.0
0.0,4.956004074943049e-05,3.091428920549682e-05,0.1850645523013929,1.9494266827019633,9.747133413509816,0.6383477496723362,0.008476854275121995,638347.7496723362,5.810379189266151e-05,0.0
0.7258881090213726,4.9523743727753184e-05,3.050101099278948e-05,0.1852140659301078,1.9471483261304041,9.73574163065202,0.6386827217732042,0.009110853633419796,638682.7217732042,5.797849952071994e-05,1.0
0.0,4.908201559997647e-05,3.0179972718906087e-05,0.1855118725807068,1.9492764182565179,9.74638209128259,0.6383698366741377,0.009393581835551357,638369.8366741377,5.774847491615796e-05,0.0
0.722462859400121,4.8947888678620395e-05,3.0017173197606238e-05,0.18530715516583246,1.9438665949987748,9.719332974993874,0.6391655225385897,0.009779832870254659,639165.5225385897,5.790027057812937e-05,1.0
0.7209066546729409,4.958361876387304e-05,3.0357578688309153e-05,0.18491449754417646,1.9400737762896,9.700368881448,0.6397239680036507,0.009552963092003652,639723.9680036508,5.800314638727547e-05,1.0
0.7180871434872816,4.9188949584179684e-05,3.0340489296734366e-05,0.18608486242868785,1.9566221327752027,9.783110663876013,0.6372910020929151,0.009460726950290838,637291.0020929151,5.851189804425713e-05,1.0
0.7170497189682439,4.8508334350313004e-05,3.0188286253914967e-05,0.1859743660035268,1.9554473381168471,9.777236690584235,0.6374634167487813,0.009412148755834838,637463.4167487812,5.844001870439653e-05,1.0
0.7312831409342709,4.900946447375664e-05,3.0552480952518644e-05,0.18576881047805915,1.952742121756674,9.76371060878337,0.6378606158233314,0.009398236779449743,637860.6158233314,5.781000556047188e-05,1.0
0.0,4.927542364025053e-05,3.100678447333595e-05,0.18600761555336714,1.9519360279408535,9.759680139704267,0.6379790200951326,0.009994251201866929,637979.0200951326,5.771256217709681e-05,0.0
0.7393998601211249,4.897965585712119e-05,3.136326352214156e-05,0.18582502680764404,1.9574418572670274,9.787209286335136,0.6371707256983724,0.008820779313660506,637170.7256983725,5.768348771757343e-05,1.0
0.0,4.8208979231915305e-05,3.108007125252818e-05,0.1851477202955902,1.9479543832949482,9.73977191647474,0.6385641922884978,0.008859632879678215,638564.1922884978,5.758553430773316e-05,0.0
0.7272462664514441,4.787248796905772e-05,3.0909895241419515e-05,0.18552961396949016,1.953267449633633,9.766337248168165,0.6377834640952569,0.008842692034237223,637783.4640952569,5.79665396223344e-05,1.0
0.0,4.7887685991251926e-05,3.143581815768554e-05,0.18545468023524864,1.956760302541553,9.783801512707765,0.6372707271523331,0.008180087622830404,637270.7271523331,5.8208553676150456e-05,0.0
0.7181837100895851,4.85127683163688e-05,3.1479443702131834e-05,0.18438950951066746,1.9397385426499807,9.698692713249903,0.6397733504573326,0.008552369478667528,639773.3504573327,5.821613024934689e-05,1.0
0.719662366503829,4.802422196260659e-05,3.1369566708620377e-05,0.1856301175415407,1.9588863278310686,9.794431639155343,0.6369588369100403,0.008219071993121715,636958.8369100404,5.8569877274896615e-05,1.0
0.7231649921051418,4.8021477582598726e-05,3.155767976284722e-05,0.1866882128006133,1.9743167368820793,9.871583684410396,0.6346997486273561,0.0080761742285827,634699.7486273561,5.882075035519329e-05,1.0
0.716366987203114,4.83986203608942e-05,3.1828715887797706e-05,0.18662171744660278,1.9668247728169892,9.834123864084946,0.6357956068046825,0.009039041697888068,635795.6068046825,5.899555808357399e-05,1.0
0.7106635575882652,4.7240014283615355e-05,3.162070669876327e-05,0.1861098460919108,1.9562640119836765,9.781320059918382,0.6373435555048782,0.009563247688699834,637343.5555048782,5.8824905205839625e-05,1.0
0.7125048066264518,4.78121070819125e-05,3.165412455237398e-05,0.1864892725748052,1.9594192467142553,9.797096233571276,0.636880681054888,0.009859226204498394,636880.6810548881,5.887132035381647e-05,1.0
0.6997180493188524,4.726463965417103e-05,3.1899010082091616e-05,0.18559836279396597,1.9459722289016572,9.729861144508286,0.6388557045597987,0.01005243014773063,638855.7045597987,5.9131384468250754e-05,1.0
0.0,4.7485344607816075e-05,3.151294373666183e-05,0.1866377543198938,1.9606956138606468,9.803478069303234,0.6366935328937657,0.009969041533553345,636693.5328937657,5.970314668152611e-05,0.0
0.6952366594252849,4.765897929046512e-05,3.148638849915643e-05,0.18685201556676953,1.95679716422591,9.78398582112955,0.6372653182020283,0.010969349335567329,637265.3182020283,5.957480706177727e-05,1.0
0.0,4.8248092900387744e-05,3.112234383325809e-05,0.188293681833871,1.9738792902244802,9.8693964511224,0.6347636824968341,0.011351046164576101,634763.6824968341,5.9822979208524735e-05,0.0
0.0,4.855859323282676e-05,3.080482280751488e-05,0.18752798699983303,1.966157670716128,9.830788353580639,0.6358932762846359,0.010949250284301952,635893.2762846359,6.005837258323284e-05,0.0
0.0,4.7398776122305234e-05,3.0619796328120496e-05,0.18713587608477872,1.9657124964461379,9.828562482230689,0.6359584619699497,0.010230214139507086,635958.4619699497,6.01312537164434e-05,0.0
0.6848886777689757,4.705841097628113e-05,3.075053626292193e-05,0.18825181016787992,1.9790703725829886,9.895351862914943,0.6340054085219518,0.010509028857711579,634005.4085219518,6.04927868696204e-05,1.0
0.6806102962899131,4.718634532143215e-05,3.063891874907205e-05,0.18802729938934315,1.9762565703349406,9.881282851674703,0.6344163149369318,0.010470913715618126,634416.3149369318,6.064500419055482e-05,1.0
0.6751592768557504,4.714512847194362e-05,3.0431614936600085e-05,0.18789868966942738,1.9794523563599993,9.897261781799996,0.6339496470189779,0.009747026357832679,633949.6470189779,6.1004153399593837e-05,1.0
0.0,4.744103126738313e-05,3.0438449006865572e-05,0.18883477021717426,1.9907898967891793,9.953949483945896,0.6322968384791833,0.009966378913531816,632296.8384791833,6.146219601585874e-05,0.0
0.6674902197398294,4.788689391987032e-05,3.0085591208248333e-05,0.18837623689668098,1.9854136243450542,9.92706812172527,0.6330800639617434,0.00983253775510542,633080.0639617434,6.15991329055226e-05,1.0
0.0,4.823338190968775e-05,3.021252034943354e-05,0.18761093297398443,1.9730879609526761,9.86543980476338,0.6348793535147982,0.010101219462767047,634879.3535147982,6.142712778244604e-05,0.0
0.6638787013443753,4.816157680021676e-05,3.054768597103236e-05,0.18669181680795474,1.9590390957705468,9.795195478852733,0.6369364315648927,0.01032006518080216,636936.4315648926,6.124037475274929e-05,1.0
0.6658842820918197,4.7275176758652186e-05,3.051297103931531e-05,0.18702408120588676,1.9656926413495146,9.828463206747573,0.6359613694546407,0.010009531866414196,635961.3694546407,6.118193408860073e-05,1.0
0.6552534447182667,4.710193259905174e-05,3.0441916920538942e-05,0.18751691376611224,1.9702665723925006,9.851332861962502,0.6352919360790735,0.010325763611298014,635291.9360790736,6.18385961680634e-05,1.0
0.0,4.736807802114018e-05,3.054511068809283e-05,0.1882081245586039,1.9814778726754616,9.907389363377307,0.6336540466805468,0.010070295797754604,633654.0466805468,6.17371370402752e-05,0.0
0.0,4.6875492834442135e-05,2.9925667648681514e-05,0.18792625708901464,1.9791078680321263,9.895539340160632,0.6339999347671798,0.009852448945209025,633999.9347671798,6.176669640407329e-05,0.0
0.0,4.725362034281408e-05,3.0088199532687245e-05,0.1867792180866892,1.9652183380954786,9.826091690477393,0.6360308280896158,0.009589264262994156,636030.8280896158,6.10126480441381e-05,0.0
0.6719786457036084,4.7762744584591454e-05,3.101700128315696e-05,0.18538978422418786,1.9423864482707534,9.711932241353766,0.6393833977432617,0.010162966191637408,639383.3977432617,6.0414768385034156e-05,1.0
0.6752820480148384,4.7870923181047545e-05,3.095985839115941e-05,0.1875064641883371,1.972218344648855,9.861091723244275,0.6350064922971033,0.01001942067377748,635006.4922971033,6.0992075559560976e-05,1.0
0.6699473334436301,4.6381614784270396e-05,3.0904923713221324e-05,0.18827493841013143,1.978043207941253,9.890216039706266,0.6341553770303212,0.010705253850584056,634155.3770303212,6.118469156440733e-05,1.0
0.6664298191769147,4.581493830722909e-05,3.1109907338986805e-05,0.1888456623174077,1.9798502613432511,9.899251306716256,0.6338915665738504,0.011582891208665805,633891.5665738503,6.133772297654705e-05,1.0
0.6760983823477873,4.6841734120362544e-05,3.1581308992666456e-05,0.18887782831907046,1.9830396537195243,9.91519826859762,0.6334262171779244,0.011181873816065264,633426.2171779244,6.113372834619619e-05,1.0
0.6776065173541987,4.66316305414411e-05,3.184217316614337e-05,0.1871150397833651,1.9690654711628093,9.845327355814046,0.6354676591156653,0.009697738682395492,635467.6591156652,6.078439470572868e-05,1.0
0.6647845141893236,4.5706926319047786e-05,3.115864763924544e-05,0.1868424652929588,1.9617354418299227,9.808677209149613,0.6365411080944656,0.010226038680383218,636541.1080944656,6.102809108061022e-05,1.0
0.0,4.641041148682196e-05,3.130449433775935e-05,0.18808559633665156,1.9799340342732366,9.899670171366182,0.6338793392847923,0.010050531958095483,633879.3392847923,6.10896822617454e-05,0.0
0.6819579373557922,4.648888105285736e-05,3.204998349457666e-05,0.188377871280249,1.9869188264462938,9.934594132231469,0.6328606855518696,0.009616428112367577,632860.6855518696,6.1016259307224917e-05,1.0
0.6791407846658418,4.711157367627908e-05,3.2195716138712966e-05,0.18769676993156204,1.9795444733410887,9.897722366705443,0.6339362006339196,0.00932974049704374,633936.2006339197,6.110326110104804e-05,1.0
0.6780404940309664,4.730782154036318e-05,3.180542124195718e-05,0.18673305875218518,1.9676854305934346,9.838427152967173,0.6356696212720495,0.009135738776419851,635669.6212720495,6.0837758490980195e-05,1.0
0.6773661528447079,4.7590944677662e-05,3.185386170444362e-05,0.18673571999681093,1.9631747808921203,9.8158739044606,0.6363301805526165,0.009801620546238324,636330.1805526165,6.0777426272871816e-05,1.0
0.0,4.7820630407966016e-05,3.143257829495243e-05,0.18660050357494268,1.960756978802049,9.803784894010244,0.636684536605087,0.009885543754972316,636684.536605087,6.102971079021636e-05,0.0
0.6766728726592408,4.82129619557672e-05,3.177376783583404e-05,0.18847830973570304,1.982033299584475,9.910166497922374,0.6335730127235208,0.010529632194926936,633573.0127235209,6.132318247283421e-05,1.0
0.6810453112703826,4.9387417940929904e-05,3.1451527702708985e-05,0.18848543230391587,1.9805099598331257,9.902549799165628,0.6337952850028359,0.010766149610667646,633795.2850028359,6.113385141035677e-05,1.0
0.0,4.98851727500909e-05,3.144477023906241e-05,0.18755979651524612,1.969004242795133,9.845021213975665,0.6354766182259868,0.010596211256479051,635476.6182259867,6.066099387617632e-05,0.0
0.0,4.909729963616631e-05,3.1158540833683606e-05,0.18745872466099728,1.9690381343031296,9.845190671515647,0.6354716591077503,0.010389108429744841,635471.6591077503,6.05686624935496e-05,0.0
0.0,4.933868440108244e-05,3.0971435599745536e-05,0.1878338440491088,1.972300756300847,9.861503781504235,0.6349944425383072,0.010662130636524745,634994.4425383072,6.106523048625741e-05,0.0
0.6887201407458758,4.99226510971124e-05,3.1397852081508776e-05,0.1871354025112112,1.9600492753989565,9.800246376994782,0.6367882958160382,0.011059100838460604,636788.2958160383,6.0253465203478076e-05,1.0
0.0,5.052554847843822e-05,3.140093218934671e-05,0.18772723118390258,1.9648699452355034,9.824349726177516,0.6360818527967367,0.011536315164541826,636081.8527967366,6.003067163974864e-05,0.0
0.702711775380635,5.0301735017339905e-05,3.1205152803442056e-05,0.18858186665938872,1.9776617058535089,9.888308529267544,0.6342110862867857,0.011374819605563118,634211.0862867857,5.99625822748336e-05,1.0
0.6940778825136803,5.0878172539587174e-05,3.08374813561072e-05,0.18874576541202248,1.9794951845689461,9.89747592284473,0.6339433953176091,0.011434926141654093,633943.3953176091,6.045850663535541e-05,1.0
0.6960851410295584,5.132448028857103e-05,3.0259221283065225e-05,0.18832513527813313,1.9719346293590705,9.859673146795352,0.6350479772671824,0.011698247823448674,635047.9772671824,6.010575023427594e-05,1.0
0.699094740983373,5.258424940128448e-05,2.9878652667347116e-05,0.1878663410761719,1.9672072323961876,9.836036161980937,0.6357396182016675,0.01147230035401127,635739.6182016674,5.991341552637239e-05,1.0
0.7078865016657432,5.215756354513453e-05,2.9914667386433486e-05,0.18639960590474286,1.9512747279816454,9.756373639908226,0.6380761725205439,0.01087538433002966,638076.1725205439,5.9056047968303203e-05,1.0
0.0,5.186071198603163e-05,3.0210444169321617e-05,0.1861625545327236,1.9509108810809872,9.754554405404935,0.6381296320446308,0.010454741110078006,638129.6320446308,5.900275238956173e-05,0.0
0.7028101613060529,5.167043822208102e-05,3.0038129838208523e-05,0.18639805775126547,1.9550004630276665,9.775002315138332,0.6375290130640715,0.010325128566602454,637529.0130640715,5.940034884723057e-05,1.0
0.7013942234871673,5.139191838262001e-05,3.0508530321660057e-05,0.18596775328462506,1.9469341279184584,9.734670639592292,0.6387142229956304,0.010649729564880556,638714.2229956305,5.9304070838551476e-05,1.0
0.0,5.091906964008581e-05,3.0283109588558386e-05,0.18777685873088262,1.9673924468703654,9.836962234351827,0.6357125062596037,0.011266223721368995,635712.5062596038,5.9810555244147763e-05,0.0
0.7053073681278496,4.9519350494447225e-05,3.0206043879923256e-05,0.1880521581642804,1.9759673928874695,9.879836964437347,0.6344585593140135,0.010562875642574304,634458.5593140135,5.958294835549207e-05,1.0
0.0,4.931161374769671e-05,2.9878049986223617e-05,0.18662020937422025,1.9585202716402357,9.792601358201178,0.6370125268743173,0.010252945622757827,637012.5268743173,5.908470942745273e-05,0.0
0.7052472341060438,4.951006050259273e-05,3.01777175068695e-05,0.18528688738261215,1.9416272406223556,9.708136203111778,0.6394951806965468,0.010068955461771044,639495.1806965468,5.874402402845455e-05,1.0
0.7116181860148418,4.927324836978792e-05,3.080341634094548e-05,0.18484570889693702,1.9329544577828703,9.664772288914351,0.6407735170748149,0.010464934868688946,640773.5170748149,5.826559014009951e-05,1.0
0.7075122159012478,5.0255473994156715e-05,3.0258802925845712e-05,0.18596604775008913,1.9500272226948057,9.750136113474028,0.6382594854034427,0.010191580903620916,638259.4854034426,5.8930042036380704e-05,1.0
0.0,5.025705242063151e-05,3.0149778246738387e-05,0.18658398131504766,1.9599358953464332,9.799679476732166,0.6368049204879794,0.009972883118074762,636804.9204879794,5.947969218728471e-05,0.0
0.7071055696605884,5.089742589981095e-05,3.052621663591863e-05,0.1874779756261721,1.9769742993950876,9.884871496975437,0.6343114779147939,0.009267429167138155,634311.4779147939,5.9777431779832355e-05,1.0
0.0,5.101018758817971e-05,3.0081608646772575e-05,0.18764723644922832,1.9775369062728132,9.887684531364066,0.6342293113433254,0.009523784241782022,634229.3113433254,6.0042185124007905e-05,0.0
0.7022788755824874,5.140318749136275e-05,3.024998164592845e-05,0.18749146478305226,1.9758912748677344,9.879456374338671,0.6344696794535436,0.009452609019648103,634469.6794535436,5.999604721029198e-05,1.0
0.6967602143139331,5.151474451850228e-05,3.061142367307215e-05,0.18645618163089842,1.9638983545097735,9.819491772548867,0.6362241710599685,0.009136534321765344,636224.1710599685,6.006839028904462e-05,1.0
0.686441329304344,5.216884194408401e-05,3.062266384391776e-05,0.18670881194188116,1.968117226668746,9.840586133343729,0.6356064231393267,0.009024047023088988,635606.4231393267,6.0804688662510355e-05,1.0
0.0,5.215343478026853e-05,3.0775289488321446e-05,0.18690341745183184,1.9667932004662008,9.833966002331003,0.6358002289299292,0.00960706383359284,635800.2289299292,6.045145320295092e-05,0.0
0.6903285068540823,5.235842643870755e-05,3.12880544143933e-05,0.18653293727092538,1.965110614552058,9.82555307276029,0.6360466045609103,0.009112479102761062,636046.6045609104,6.065460141233543e-05,1.0
0.6854502156282142,5.249442437675842e-05,3.184682129233578e-05,0.1875649556231722,1.9819889106715451,9.909944553357725,0.6335794884588096,0.008709399705154042,633579.4884588097,6.147751146420075e-05,1.0
0.6895439436730271,5.230039316015959e-05,3.179129470257872e-05,0.1878250327883188,1.9810856764294684,9.905428382147342,0.6337112723581462,0.009361337934783772,633711.2723581461,6.116517073209503e-05,1.0
0.0,5.245687645641874e-05,3.159575545373738e-05,0.1888474571055734,1.9947737773413559,9.973868886706779,0.6317170843789507,0.009411998590097526,631717.0843789506,6.134207647799945e-05,0.0
0.0,5.3524932050389205e-05,3.128784631134052e-05,0.18787129839862307,1.9789975551831025,9.894987775915512,0.6340160388694054,0.009758635666651534,634016.0388694054,6.0782303153685045e-05,0.0
0.6969939894356475,5.33192349383337e-05,3.1555178630242324e-05,0.1899607154455685,2.00629872640807,10.031493632040348,0.6300429080171843,0.009964338908321347,630042.9080171844,6.143885077726624e-05,1.0
0.697623377973275,5.346258268599365e-05,3.1112542390300184e-05,0.18967221945953322,2.002440047262355,10.012200236311774,0.6306029459349415,0.009947384854007946,630602.9459349415,6.124984649441589e-05,1.0
0.6994083192577972,5.40222205077085e-05,3.101451933109682e-05,0.19009513738909609,2.009463086549848,10.04731543274924,0.6295840128191613,0.009774287597353508,629584.0128191613,6.138216019392956e-05,1.0
0.69506560073374,5.451190273802647e-05,3.1025035875761226e-05,0.19091887213848618,2.0179365539383163,10.089682769691581,0.628356836579676,0.010194580856648348,628356.836579676,6.186248171652105e-05,1.0
0.7042449223330218,5.442752289212562e-05,3.0853634404430374e-05,0.1908215230760121,2.0126042555557957,10.063021277778978,0.6291288113713968,0.010771857523420959,629128.8113713968,6.117214938303092e-05,1.0
0.0,5.314727808280443e-05,3.09205077958475e-05,0.1916593003756613,2.02054247134527,10.10271235672635,0.627979913795138,0.011298514546460588,627979.913795138,6.110129589139264e-05,0.0
0.0,5.334268393047257e-05,3.1671451635418377e-05,0.19194939579626985,2.028841653684177,10.144208268420885,0.6267810168461678,0.010679808438707535,626781.0168461679,6.153799919057306e-05,0.0
0.0,5.2166093122551596e-05,3.1601543025606046e-05,0.1917120957892576,2.021133375600036,10.105666878000179,0.6278944762003403,0.011318667778855549,627894.4762003403,6.153478592608643e-05,0.0
0.7054541090214368,5.285773987557118e-05,3.1438890476865706e-05,0.19107144758428085,2.013697705846216,10.06848852923108,0.6289704316276179,0.011113326796179615,628970.4316276179,6.10512024933092e-05,1.0
0.0,5.288532201365639e-05,3.171471221464295e-05,0.1908845268366457,2.0138768199641395,10.069384099820697,0.6289444918181922,0.010713545491483605,628944.4918181922,6.124941573440531e-05,0.0
0.6962908812736986,5.332745258331926e-05,3.175229306359375e-05,0.19073131689919995,2.0124443440880033,10.062221720440016,0.6291519769348698,0.010614610733269697,629151.9769348698,6.16336140198418e-05,1.0
0.0,5.2809847962562345e-05,3.214904793368529e-05,0.19192246258058124,2.0261267581647386,10.130633790823692,0.6271729575750662,0.011017882736228668,627172.9575750662,6.19745163090677e-05,0.0
0.0,5.197739726666107e-05,3.2155473260957495e-05,0.19251668642530362,2.032630904850895,10.163154524254473,0.6262343843229109,0.011267757173518127,626234.3843229109,6.184830472250345e-05,0.0
0.0,5.2068226513398435e-05,3.2037836833347035e-05,0.1923423206610774,2.031274051059246,10.15637025529623,0.6264300675019658,0.01111470882412063,626430.0675019658,6.209621901258188e-05,0.0
0.6822690319526398,5.20100602631524e-05,3.1461962630251724e-05,0.19293234089782055,2.036709349625138,10.18354674812569,0.6256465657854361,0.011511247581077206,625646.5657854361,6.276272775129843e-05,1.0
0.6847334333087587,5.1724088644810765e-05,3.094680296950317e-05,0.1914213677081306,2.015508631854668,10.077543159273342,0.6287082175035742,0.01155095291983538,628708.2175035742,6.196996783579143e-05,1.0
0.6827727235566005,5.173193751228093e-05,3.0377157302984976e-05,0.1907944371377317,2.0090453494812577,10.045226747406288,0.6296445738532056,0.011233448128668985,629644.5738532057,6.182851635785267e-05,1.0
0.6802289732244011,5.308101670805144e-05,3.0483415906810547e-05,0.19080056200720727,2.011742652574821,10.058713262874106,0.6292536375102018,0.010854761524616358,629253.6375102018,6.223094797324144e-05,1.0
0.6787297622297469,5.343665914757494e-05,3.00650727447141e-05,0.19168459766070484,2.0226614545422494,10.113307272711246,0.6276735883949252,0.01104278371633484,627673.5883949251,6.253977800373868e-05,1.0
0.6905415185813693,5.38926752675551e-05,3.0440444499595632e-05,0.1917651290819331,2.024205918797962,10.12102959398981,0.6274504110102341,0.010980669174100344,627450.4110102342,6.205473587742543e-05,1.0
0.6892058337088499,5.4236790207980675e-05,3.0440709579060504e-05,0.19242822436187768,2.0383041904217793,10.191520952108897,0.6254168544901562,0.010273303213911518,625416.8544901562,6.255122622550708e-05,1.0
0.6951309190640717,5.4891785475747155e-05,3.0358639311748793e-05,0.19320655145664392,2.0462175051935967,10.231087525967983,0.6242783149828802,0.010691417896168039,624278.3149828803,6.246354407460639e-05,1.0
0.7010020982579082,5.469891392978184e-05,3.0098310002952516e-05,0.19266187823978606,2.0404098608490115,10.202049304245056,0.6251136955443604,0.010437452023932469,625113.6955443603,6.195097405739822e-05,1.0
0.0,5.3577554997348553e-05,3.0283021427374528e-05,0.19289654968870595,2.0382013571724933,10.191006785862466,0.6254316634300363,0.011224762807448217,625431.6634300363,6.139862251746607e-05,0.0
0.7002693696566167,5.341171083089858e-05,3.0036011652964314e-05,0.1927725350607139,2.041521546891429,10.207607734457145,0.6249537024372941,0.010498772558721897,624953.7024372941,6.186987767662609e-05,1.0
0.70442709077534,5.3749344469278856e-05,2.9739678018684065e-05,0.19233959072794576,2.036204760425037,10.181023802125184,0.6257192613534609,0.010398442809352454,625719.261353461,6.150990783917425e-05,1.0
0.0,5.318945738233574e-05,3.0101389434491987e-05,0.19320980575468055,2.050793566995702,10.25396783497851,0.6236208736015847,0.01004048511094579,623620.8736015847,6.200253308094428e-05,0.0
0.699005115385703,5.303748525944436e-05,3.0205747994034654e-05,0.1920953646112602,2.038690434312865,10.193452171564326,0.6253612349260178,0.009551964148538206,625361.2349260178,6.189898721492615e-05,1.0
0.0,5.263085068275432e-05,3.013115420567948e-05,0.1921499762075355,2.0410776901308516,10.205388450654258,0.6250175770921172,0.009317529507188253,625017.5770921173,6.202857978017826e-05,0.0
0.0,5.33292482950208e-05,3.0320961016986006e-05,0.19306918361414288,2.047610604464285,10.238053022321425,0.6240780954932772,0.010216462721562979,624078.0954932772,6.230084112196816e-05,0.0
0.694067254003574,5.3637391836823664e-05,3.0317221358579495e-05,0.19280909668198196,2.0435239224803885,10.217619612401942,0.6246656251882076,0.01028381855217147,624665.6251882076,6.233077697838337e-05,1.0
0.6942391515328067,5.389041431040917e-05,3.042578087654341e-05,0.19215791470835186,2.037265450704288,10.18632725352144,0.6255664587450256,0.009882288161729326,625566.4587450256,6.2230890911647e-05,1.0
0.0,5.412340668076147e-05,3.0172210888299904e-05,0.19159344350178634,2.0357593287257028,10.178796643628512,0.6257834411897534,0.008970328193326037,625783.4411897534,6.197920491500677e-05,0.0
0.7057779449562644,5.402231392087018e-05,3.078988625320709e-05,0.19170643101711368,2.04316412727904,10.2158206363952,0.6247173783220583,0.008130240356285673,624717.3783220584,6.192781929625744e-05,1.0
0.7055677832225433,5.4040645783716525e-05,3.060020253784008e-05,0.19116913119181903,2.037302364758181,10.186511823790903,0.6255611415934625,0.007899403977100592,625561.1415934626,6.177280644769755e-05,1.0
0.0,5.3367240577776036e-05,3.105500338516827e-05,0.19020705814286049,2.025867105593924,10.129335527969621,0.6272104556197683,0.0076245719054892505,627210.4556197682,6.147227080760157e-05,0.0
0.7006825901386728,5.2206674776845234e-05,3.0977242662673564e-05,0.19096727974457914,2.036855611251976,10.18427805625988,0.625625495625104,0.0075600551142622225,625625.4956251039,6.189926750542577e-05,1.0
0.0,5.223758184648084e-05,3.119982694411658e-05,0.19065805724319496,2.0401114637562925,10.200557318781462,0.6251566476253692,0.0064727621117590525,625156.6476253691,6.23316012937007e-05,0.0
0.6944562324039417,5.23548253376873e-05,3.139609745494209e-05,0.19133735066754484,2.0493878087860615,10.246939043930308,0.6238227647369109,0.006497466072000605,623822.7647369109,6.26801052336199e-05,1.0
0.7004655667736119,5.291236111514624e-05,3.171223103238826e-05,0.1921033608973329,2.055993369923015,10.279966849615073,0.6228746598434683,0.0070813816381341465,622874.6598434683,6.261307094602922e-05,1.0
0.0,5.36397818008845e-05,3.142579929959125e-05,0.19401764810442637,2.0766723956073743,10.38336197803687,0.6199158784202008,0.007951174629053561,619915.8784202008,6.249143510975994e-05,0.0
0.7195490699779598,5.435198540736628e-05,3.171997393398308e-05,0.19425008327027513,2.0862886680512918,10.43144334025646,0.6185447615219637,0.00704492806251392,618544.7615219636,6.252966825470257e-05,1.0
0.7275683594246506,5.376593390257202e-05,3.223950641057685e-05,0.19344009351302177,2.0773220990715178,10.386610495357589,0.6198231460956005,0.006703333121644063,619823.1460956006,6.193470789068187e-05,1.0
0.7306525193075939,5.35144827070457e-05,3.2117108388592756e-05,0.19348464831116946,2.0804783367624036,10.402391683812017,0.619372852906385,0.0063421495287239145,619372.852906385,6.183446906396789e-05,1.0
0.7284206489305952,5.368436020084547e-05,3.208517804096354e-05,0.19304492461337125,2.0732938828167202,10.3664694140836,0.6203983180251698,0.006488167251912261,620398.3180251698,6.177109059908721e-05,1.0
0.7293342749748792,5.487662533569965e-05,3.188644048740022e-05,0.19234573703924723,2.0672867435220073,10.336433717610037,0.6212570435944413,0.005948517672935789,621257.0435944414,6.168745439849761e-05,1.0
0.0,5.551914243084262e-05,3.1744780801996687e-05,0.1916983019932132,2.0518160046454144,10.259080023227071,0.623474074957414,0.006870678943840414,623474.0749574141,6.18980334954553e-05,0.0
0.7165282732748337,5.596845816322496e-05,3.22233120256365e-05,0.19146059074347904,2.0479185527338406,10.239592763669203,0.6240338451138484,0.006955026600806475,624033.8451138485,6.197346899570421e-05,1.0
0.7037020652276734,5.5655195022185814e-05,3.187757542728471e-05,0.19178281076509715,2.0524105245645106,10.262052622822553,0.6233887313939465,0.00695435292414074,623388.7313939465,6.268300837291821e-05,1.0
0.0,5.510049130616453e-05,3.155738827218379e-05,0.19208880722603056,2.0507020970218828,10.253510485109414,0.6236340082804882,0.007811622732549314,623634.0082804882,6.286738460037339e-05,0.0
0.0,5.539293542173286e-05,3.200951078766443e-05,0.19124334920444733,2.0386943710489582,10.193471855244791,0.625360668056962,0.007847366465856653,625360.668056962,6.290090683054525e-05,0.0
0.0,5.473474608118102e-05,3.215668509967765e-05,0.19021057499119673,2.022690290303296,10.113451451516479,0.6276694208573954,0.008090570839788865,627669.4208573954,6.239446317933098e-05,0.0
0.7009233695276168,5.452083298406725e-05,3.274966247239685e-05,0.19153171482799466,2.0433549438520355,10.216774719260178,0.6246899306303577,0.007753360286347063,624689.9306303577,6.259218261461572e-05,1.0
0.7029053030920156,5.437302734988494e-05,3.255953763160116e-05,0.19138300270544012,2.04573945250541,10.22869726252705,0.6243470366372127,0.00711304204809293,624347.0366372127,6.25269411833435e-05,1.0
0.7043572700748301,5.508202284744864e-05,3.254623122014041e-05,0.19060048617700143,2.036583971759303,10.182919858796515,0.6256646280373761,0.006865600391378956,625664.6280373761,6.230682420807327e-05,1.0
0.0,5.480303373901983e-05,3.229710351260606e-05,0.19145837763058038,2.040470126921146,10.202350634605729,0.625105021041863,0.008021776303023788,625105.021041863,6.222768592363602e-05,0.0
0.7075846238329049,5.348734824495312e-05,3.2294151792948246e-05,0.19314999807448885,2.061552585160784,10.30776292580392,0.6220778551021291,0.00837785125110679,622077.855102129,6.247008599727357e-05,1.0
0.7032839138055192,5.36698236038853e-05,3.171603974790399e-05,0.19359085342024537,2.066526157054027,10.332630785270135,0.6213658548041494,0.00854756164464018,621365.8548041494,6.27408511749658e-05,1.0
0.0,5.324691620525563e-05,3.188720531994241e-05,0.19126526803138091,2.0373249552226613,10.186624776113305,0.625557887653893,0.008088423716654776,625557.887653893,6.172764803435017e-05,0.0
0.716784616873526,5.320329339336939e-05,3.1946503438591266e-05,0.19336311618725163,2.0631013729980774,10.315506864990386,0.6218560482683103,0.008582280642813604,621856.0482683103,6.193612041122435e-05,1.0
0.0,5.3095875175080944e-05,3.189030697107967e-05,0.19162034898062688,2.043346880735212,10.21673440367606,0.6246910904315467,0.007931788392800437,624691.0904315467,6.1138460548758e-05,0.0
0.7234685880145589,5.289710567367044e-05,3.173539153427817e-05,0.1910386814398212,2.0404198236667397,10.202099118333697,0.6251122615204608,0.007189624400103237,625112.2615204608,6.103388170495965e-05,1.0
0.0,5.3234333851089384e-05,3.143225750738218e-05,0.19005196495136645,2.028277384193076,10.141386920965381,0.6268624584479274,0.006966388350660349,626862.4584479274,6.0472577263522885e-05,0.0
0.7270513494427939,5.2403214734891245e-05,3.162192623084436e-05,0.18999551951832389,2.0203118154094826,10.101559077047412,0.6280132670029801,0.008004306039627866,628013.2670029801,6.024969821976357e-05,1.0
0.7197975746878592,5.209664332771624e-05,3.1238160710516456e-05,0.19066616445123274,2.022749675951119,10.113748379755595,0.6276608381325661,0.008993167035031615,627660.8381325661,6.0535939968197715e-05,1.0
0.0,5.2396729417720605e-05,3.13669662699209e-05,0.18903024624951173,2.001584447344111,10.007922236720553,0.6307271927311823,0.00878768523020571,630727.1927311823,6.021979820569312e-05,0.0
0.7212833011107876,5.2041752441694006e-05,3.196196236296532e-05,0.18880597928048268,2.0006503025423323,10.003251512711662,0.6308628734555373,0.008474832016502605,630862.8734555373,6.003459307248006e-05,1.0
0.7285360446916348,5.119651403822514e-05,3.23683795622993e-05,0.1892424221745102,2.0121107207188995,10.060553603594498,0.6292003100068723,0.007685154355892662,629200.3100068723,5.996955434060412e-05,1.0
0.7302823089110112,5.150686142908901e-05,3.186947358825212e-05,0.1886560665508691,2.0034361030586463,10.01718051529323,0.6304583335297966,0.0077704666315348515,630458.3335297967,5.962666613310038e-05,1.0
0.7256454720814859,5.2038271515728e-05,3.1671062698384084e-05,0.187703116683242,1.9894645303980516,9.947322651990257,0.6324898303084142,0.007896063674898214,632489.8303084142,5.95232549883879e-05,1.0
0.719112793227271,5.197500848159194e-05,3.1764076666583004e-05,0.18783543753882817,1.9882821887685331,9.941410943842666,0.6326620454508424,0.008332920528498705,632662.0454508424,5.9804722481794584e-05,1.0
0.0,5.0955085512725335e-05,3.1707710556647036e-05,0.18785033118205613,1.9851331300926487,9.925665650463243,0.633120953510479,0.008821615874591314,633120.9535104791,5.986990963595585e-05,0.0
0.0,5.1288968675820235e-05,3.125373463002937e-05,0.18740029833944252,1.979478190787451,9.897390953937254,0.6339458759193821,0.008746472598267172,633945.8759193821,6.0124135340951746e-05,0.0
0.6927562833274781,5.043324536159399e-05,3.134425472287083e-05,0.18671336663013732,1.9680051662105258,9.840025831052628,0.635622823823407,0.00904955708368162,635622.823823407,6.0383326750989114e-05,1.0
0.0,5.057898009278619e-05,3.131436455987853e-05,0.1869741847540951,1.9738369086981764,9.869184543490881,0.6347698769998945,0.008718246508084719,634769.8769998945,6.0400487982827e-05,0.0
0.6874051474889373,5.0123668578559385e-05,3.186237489126209e-05,0.18759417257240313,1.98031280563863,9.90156402819315,0.6338240576997971,0.009012402844603367,633824.0576997971,6.1027263077226836e-05,1.0
0.6871842491627781,4.9541275564104716e-05,3.1749158782651615e-05,0.18672746669731277,1.9700500821812925,9.850250410906462,0.6353236053539935,0.00877853874861902,635323.6053539935,6.0702141275830657e-05,1.0
0.6815912432988053,4.9329495044282776e-05,3.206457662259656e-05,0.18621949183928152,1.961376544091629,9.806882720458145,0.636593713553067,0.009032697231630108,636593.7135530671,6.080223964834112e-05,1.0
0.675971061349801,4.925125636518349e-05,3.164315856920563e-05,0.1864804020971881,1.9635139331498537,9.817569665749268,0.636280489755264,0.009241293949640189,636280.489755264,6.107288959447756e-05,1.0
0.6850486508362156,4.89441271126866e-05,3.130189260845257e-05,0.18585108878466666,1.95459393790598,9.7729696895299,0.6375886923141616,0.009290869883494916,637588.6923141616,6.0257071362290307e-05,1.0
0.69127052109823,4.925959620954044e-05,3.1492353344226365e-05,0.1862545614265397,1.9572886789748283,9.78644339487414,0.6371931994918253,0.009702322344904694,637193.1994918253,6.004672729024066e-05,1.0
0.6990681917408369,4.905136959612022e-05,3.178762551152405e-05,0.18700252108851595,1.9728233706814924,9.864116853407461,0.6349180341852944,0.008923076362326258,634918.0341852944,6.008641800169675e-05,1.0
0.0,4.956043764003372e-05,3.1464655183471254e-05,0.18674306322632417,1.9727686764555792,9.863843382277896,0.634926030273321,0.008412156725969263,634926.030273321,5.9575119861867974e-05,0.0
0.0,4.9709815470054785e-05,3.1442585301747005e-05,0.18584297027297933,1.9611771392520752,9.805885696260376,0.6366229432087147,0.00830888375467336,636622.9432087147,5.95840078677895e-05,0.0
0.6900757792675014,4.936684055735554e-05,3.099925984365334e-05,0.18584317709287074,1.965874631440251,9.829373157201255,0.6359347202000017,0.007621074385743231,635934.7202000017,6.0350985141300164e-05,1.0
0.690165054898102,4.894653380429229e-05,3.092490869888863e-05,0.1856851403362195,1.9647805915162497,9.823902957581248,0.636094939968312,0.007465220640751014,636094.939968312,6.026225000468454e-05,1.0
0.6839040516111492,4.8143854978682724e-05,3.115748736059809e-05,0.18555844504453106,1.9639834093110116,9.819917046555057,0.6362117109913351,0.007328601080397218,636211.7109913351,6.051571274482793e-05,1.0
0.0,4.832634446804248e-05,3.100385006364529e-05,0.1863132470308619,1.969456969853579,9.847284849267895,0.6354103768903988,0.00803687095212262,635410.3768903988,6.110961680345828e-05,0.0
0.0,4.818252380505595e-05,3.0909062650589244e-05,0.18691824641469107,1.9769782044842907,9.884891022421453,0.6343109075548438,0.008147400384225898,634310.9075548438,6.136268332813853e-05,0.0
0.6684453219890437,4.7032775564923074e-05,3.055194277808864e-05,0.18725367523905917,1.977793662049338,9.888968310246689,0.634191816686455,0.00869916716457332,634191.8166864549,6.137671128346957e-05,1.0
0.0,4.682426261723991e-05,3.0346396398439393e-05,0.18733022436433003,1.9776309856412582,9.88815492820629,0.6342155724520266,0.008876021180686712,634215.5724520267,6.130030060030024e-05,0.0
0.6663345016404543,4.643726035026763e-05,3.086690174533491e-05,0.18874321440258077,1.9987137808331668,9.993568904165834,0.6311442383162954,0.008630667121456945,631144.2383162954,6.199144762557407e-05,1.0
0.0,4.7296353939347614e-05,3.087144117794335e-05,0.1896633568680462,2.0107450452055766,10.053725226027883,0.6293981984468087,0.008724912182901062,629398.1984468086,6.255416538779918e-05,0.0
0.657947516749715,4.6499037554614003e-05,3.05533200243893e-05,0.19044634775795596,2.018865605482117,10.094328027410583,0.6282224315902972,0.009115127106209127,628222.4315902973,6.289001008137125e-05,1.0
0.6532880585739073,4.58483814036547e-05,3.044782203892612e-05,0.19082114680951287,2.0198003528312767,10.099001764156382,0.6280872316082805,0.009729525227306236,628087.2316082806,6.303325028895893e-05,1.0
0.6537988395504948,4.6486398597134454e-05,2.995963731179763e-05,0.1900339626836401,2.009346913415701,10.046734567078506,0.6296008543240127,0.009668779691292895,629600.8543240126,6.274578860384363e-05,1.0
0.6641061459918112,4.7235052203923744e-05,2.9656196657919613e-05,0.19042801339780074,2.0204338390067274,10.102169195033635,0.6279956219799391,0.008851648775540566,627995.621979939,6.253483307072842e-05,1.0
0.6605210252503306,4.691785969048245e-05,3.0071174646475156e-05,0.19008481546990857,2.0214681036937727,10.107340518468863,0.6278460837315016,0.008015714671318803,627846.0837315016,6.282952486262033e-05,1.0
0.6669746680147992,4.6663459585268344e-05,3.002700642622967e-05,0.18957450155656472,2.015267051481666,10.07633525740833,0.6287431909597045,0.007892194072833984,628743.1909597046,6.228325457602768e-05,1.0
0.6672913490229109,4.703830809183963e-05,3.059368535053544e-05,0.18881293773305524,2.012530305916156,10.062651529580778,0.6291395239746929,0.0067653994408033175,629139.5239746929,6.240262006373596e-05,1.0
0.0,4.593399203153018e-05,3.055320729197591e-05,0.1885752589922775,2.002617874135451,10.013089370677255,0.6305771257003007,0.007727643684855666,630577.1257003007,6.237974301589959e-05,0.0
0.0,4.50847153486468e-05,3.0531349537278946e-05,0.18951008881674955,2.013138807082601,10.065694035413003,0.6290513797933593,0.00807155742685842,629051.3797933593,6.229435078498084e-05,0.0
0.667274645782368,4.50426543412485e-05,3.0712990794096005e-05,0.18984573679394234,2.0197064017721664,10.098532008860833,0.6281008191856879,0.00779229277357263,628100.8191856879,6.227688280288013e-05,1.0
0.6555449582183845,4.59167465374881e-05,2.9896954703548266e-05,0.18969322811759545,2.0211285983520066,10.105642991760034,0.6278951668859059,0.007281623121096779,627895.1668859059,6.295319562762154e-05,1.0
0.6555393975186897,4.578054656265496e-05,2.9960497406573373e-05,0.18991595898539645,2.020278170648714,10.10139085324357,0.62801813223587,0.0078500502066629,628018.13223587,6.289959065030198e-05,1.0
0.6630637589476063,4.591540402726944e-05,2.9946591512023618e-05,0.18913714661600384,2.0130659184632416,10.065329592316207,0.6290619373926964,0.007336230624704138,629061.9373926964,6.234536751535312e-05,1.0
0.6622382743118976,4.656399058300606e-05,3.039347134983769e-05,0.18734374736629067,1.9915038736563915,9.957519368281957,0.6321928978978282,0.006880392630409529,632192.8978978281,6.204620577602035e-05,1.0
0.6705957613415116,4.768615313798501e-05,3.067500574109002e-05,0.1861658067004724,1.977544527216663,9.887722636083314,0.6342281984068432,0.006559811807787992,634228.1984068432,6.146024737466296e-05,1.0
0.6794795076549732,4.744400583865115e-05,3.032139812060418e-05,0.18571884772564168,1.9705671832771365,9.852835916385683,0.635247963827636,0.0066856592789193954,635247.9638276361,6.070922388555365e-05,1.0
0.0,4.748670736001142e-05,3.068761174378037e-05,0.18529657952209597,1.9622261757914554,9.811130878957277,0.6364691857687228,0.007062344812914707,636469.1857687228,6.066772867675306e-05,0.0
0.0,4.844800082348261e-05,3.059516515123046e-05,0.1858914028282584,1.965875258521787,9.829376292608934,0.6359346283768474,0.007717434033364244,635934.6283768475,6.049172891463707e-05,0.0
0.0,4.7717941169417247e-05,3.0311925880317038e-05,0.18681892056526272,1.9746726907710845,9.873363453855422,0.6346477298716449,0.008285571002170311,634647.7298716449,6.0821124274504396e-05,0.0
0.0,4.8277372881305814e-05,3.036481833797206e-05,0.18677941869183376,1.9738948447666524,9.869474223833262,0.6347614090530768,0.008320246436744276,634761.4090530768,6.056878497285834e-05,0.0
0.6783660111890136,4.780266765749907e-05,3.0296691164513473e-05,0.1881173385820542,1.9885061172225336,9.942530586112667,0.6326294253307791,0.008864102494887557,632629.4253307792,6.116179976546243e-05,1.0
0.6791063263474487,4.7897850487900665e-05,3.075229693543176e-05,0.18740698916071966,1.9809070176822166,9.904535088411082,0.6337373423165623,0.008551320638001625,633737.3423165623,6.10378888376383e-05,1.0
0.694701619280178,4.7818583954442515e-05,3.083943760527049e-05,0.1868952224187112,1.9799335060610894,9.899667530305447,0.6338794163805882,0.00766986121801061,633879.4163805882,6.0246484202510774e-05,1.0
0.0,4.738320647500305e-05,3.088434652943088e-05,0.18674281976078946,1.9798249641470917,9.899124820735459,0.6338952589362162,0.007380898457795143,633895.2589362162,6.038341148585254e-05,0.0
0.0,4.694399138167386e-05,3.1136853723698894e-05,0.1873928926998239,1.991150328152494,9.95575164076247,0.6322443648318533,0.007030150231501097,632244.3648318533,6.060187043981498e-05,0.0
0.0,4.714331873616726e-05,3.144197813465273e-05,0.18735453997106102,1.9923861924102662,9.96193096205133,0.6320644737488494,0.0067735536909714865,632064.4737488495,6.108132009419646e-05,0.0
0.6853883095932652,4.7698222025525253e-05,3.1648220100248864e-05,0.18725522011805967,1.9938741577076422,9.96937078853821,0.6318479550164118,0.0063583952525311125,631847.9550164117,6.125164827565683e-05,1.0
0.6822023388749772,4.76793894834205e-05,3.2041094740088374e-05,0.18597920652535427,1.9774482434034102,9.887241217017051,0.6342422595079821,0.0062006725586906345,634242.2595079821,6.107975188451762e-05,1.0
0.0,4.7760858273118697e-05,3.218287756916074e-05,0.18554741351662474,1.9689002114432346,9.844501057216172,0.6354918406813141,0.006586667714563611,635491.8406813141,6.06600179292183e-05,0.0
0.6906602226271459,4.809122814080185e-05,3.218951545719554e-05,0.1868565790589829,1.9804817299513457,9.902408649756728,0.6337994047936378,0.007512562911603625,633799.4047936378,6.072378531381294e-05,1.0
0.0,4.764359419147933e-05,3.251747676667804e-05,0.18496075898233647,1.960118672716347,9.800593363581735,0.6367781204515691,0.006699638416242041,636778.1204515691,6.022277924231922e-05,0.0
0.6941457427385764,4.80605685618562e-05,3.2439858389319835e-05,0.18571316967446022,1.9743462257863265,9.871731128931632,0.6346954389855464,0.006121778334466828,634695.4389855464,6.048588698254233e-05,1.0
0.6874901370379366,4.850902873914895e-05,3.240103517643684e-05,0.1859564414068973,1.9798559461601422,9.89927973080071,0.6338907368246188,0.0058036196384134075,633890.7368246189,6.104248808079307e-05,1.0
0.0,4.984066131374118e-05,3.286948754809718e-05,0.18567328586322632,1.972783613953302,9.863918069766509,0.6349238464579108,0.006270418184363436,634923.8464579107,6.0828762269469274e-05,0.0
0.6998702666967538,4.9655795992186564e-05,3.32986750355218e-05,0.18509041132967954,1.965007451910163,9.825037259550815,0.6360617134398305,0.0062425360991896425,636061.7134398306,6.027672825498295e-05,1.0
0.703813270063985,4.943363917150877e-05,3.323024879273437e-05,0.18638334972831225,1.9846668558704428,9.923334279352213,0.6331889313090295,0.005955630765654038,633188.9313090296,6.0536908240738766e-05,1.0
0.6978661681420023,4.982944932386547e-05,3.3029578343688e-05,0.18765248319968852,1.9990875768178282,9.99543788408914,0.6310899182548166,0.006394884654193668,631089.9182548167,6.120853685292805e-05,1.0
0.7000703303150504,5.0242412421844225e-05,3.340793882687679e-05,0.18784216424790376,1.9979114175660369,9.989557087830184,0.6312608535984733,0.006945182094280779,631260.8535984732,6.114432871970475e-05,1.0
0.7008220462669152,4.997002059671898e-05,3.3579905557713815e-05,0.18796885882880626,1.9992991065092398,9.996495532546199,0.6310591808150708,0.006996898472683348,631059.1808150709,6.112887654728882e-05,1.0
0.6944759720002376,4.976903884631958e-05,3.3602981822818747e-05,0.1873260330080705,1.9928513107699524,9.964256553849761,0.6319967848737784,0.0066488508899194085,631996.7848737785,6.130280994688081e-05,1.0
0.6993790831196874,5.0044223488502204e-05,3.343436037330539e-05,0.1875355693360088,1.9943421243328143,9.971710621664071,0.6317798749837211,0.006851013655738716,631779.8749837212,6.107602078574005e-05,1.0
0.7110734856133589,4.962954689836483e-05,3.346518213945366e-05,0.18702643206375247,1.987716244960465,9.938581224802325,0.6327444951508927,0.0067973592783976584,632744.4951508928,6.025547155835473e-05,1.0
0.7149193089454933,4.9431688966390024e-05,3.3389365958698277e-05,0.1869588829567338,1.987176489819514,9.93588244909757,0.6328231395574694,0.006740905470936975,632823.1395574694,6.0014866377237094e-05,1.0
0.0,4.948785157074644e-05,3.3122277185652414e-05,0.18819817776821388,2.0055362538207713,10.027681269103855,0.6301535317157896,0.006549887252217318,630153.5317157896,6.0579778121197444e-05,0.0
0.713862963305337,4.999606388174264e-05,3.3098544340515534e-05,0.1883865150581449,2.0044693882788516,10.022346941394257,0.6303083510145442,0.007081381130834017,630308.3510145441,6.0509425591034466e-05,1.0
0.0,4.969384329601802e-05,3.311620066739711e-05,0.18771023329344255,1.9938997817005384,9.969498908502691,0.6318442270344956,0.007264693621380733,631844.2270344956,5.980910272287004e-05,0.0
0.0,4.8778774199082325e-05,3.2941258133973095e-05,0.18700989892280004,1.980358065586678,9.901790327933389,0.6338174523442979,0.007837250189897935,633817.4523442979,5.981614551582186e-05,0.0
0.0,4.784489998134157e-05,3.315358067787649e-05,0.18748700951366365,1.982022081848589,9.910110409242945,0.6335746492315117,0.00854866825883904,633574.6492315118,5.994065112867187e-05,0.0
0.0,4.725829544836167e-05,3.3477158782012256e-05,0.1870870341173583,1.9747726886666894,9.873863443333446,0.634633117043379,0.008807185278095578,634633.117043379,5.990831872588929e-05,0.0
0.0,4.665654568029447e-05,3.3698584914468634e-05,0.18718931354711874,1.9777432663131809,9.888716331565904,0.6341991759208536,0.00857780301509109,634199.1759208536,6.013768621480215e-05,0.0
0.7065965420688869,4.6646109387378625e-05,3.3541738700615064e-05,0.18631155256884277,1.9619933700556318,9.809966850278158,0.6365033049332136,0.009126410070899161,636503.3049332136,5.9380499443468994e-05,1.0
0.7029960343700038,4.611874712283225e-05,3.3697650377859274e-05,0.18699772853974694,1.969656004000278,9.84828002000139,0.6353812571411265,0.009376714220620355,635381.2571411264,5.969631566317244e-05,1.0
0.6950702613713818,4.5844994700465005e-05,3.36470857895401e-05,0.1869228343571868,1.9596612352023426,9.798306176011712,0.6368451951102382,0.010690863824611768,636845.1951102382,5.974958426692134e-05,1.0
0.6859125946279597,4.554105186396468e-05,3.3203420280179515e-05,0.18708653512932785,1.960930983091069,9.804654915455345,0.6366590277337112,0.010832097992366875,636659.0277337112,6.0148259965513445e-05,1.0
0.6812543068852921,4.5409976896261386e-05,3.3341170688125246e-05,0.18706188294659257,1.9583293312548478,9.791646656274239,0.6370405341588414,0.01116430005202658,637040.5341588415,6.031709795934707e-05,1.0
0.0,4.616302952409772e-05,3.331818676664982e-05,0.18844153371914818,1.9763466342525395,9.881733171262697,0.6344031585583377,0.011286225996634064,634403.1585583377,6.093429213830745e-05,0.0
0.6925935517953382,4.657074272833102e-05,3.4029887431937616e-05,0.18856366151022566,1.9785345933017842,9.89267296650892,0.634083629160316,0.011210952180767324,634083.629160316,6.0477252209467555e-05,1.0
0.6935734035626234,4.664739258140241e-05,3.438647094228243e-05,0.18993510154029006,1.9984186209168944,9.992093104584471,0.6311871342817781,0.011057337362358194,631187.1342817781,6.098959475647361e-05,1.0
0.0,4.648393158948394e-05,3.451208657051714e-05,0.19040760239478838,2.0040576724991808,10.020288362495902,0.6303681077478636,0.011183312537440314,630368.1077478635,6.086301615652881e-05,0.0
0.6900817306954633,4.633763662938275e-05,3.449659598949325e-05,0.19155296845458408,2.0182305782723216,10.091152891361608,0.6283142972534302,0.011420234162598434,628314.2972534302,6.162675767856026e-05,1.0
0.0,4.657475713177107e-05,3.445578074622079e-05,0.19164989884254494,2.015777984642646,10.078889923213229,0.6286692257440788,0.011969023429168679,628669.2257440788,6.192113682109644e-05,0.0
0.6883979826383274,4.693534652581179e-05,3.406555831020644e-05,0.19193456844318602,2.0189174554446963,10.09458727722348,0.6282149313533651,0.012084068239737187,628214.9313533652,6.172393120383102e-05,1.0
0.6859791303157182,4.654283084224526e-05,3.346255097584234e-05,0.19265087620328195,2.030725542225992,10.153627711129959,0.626509189880666,0.011810942287229828,626509.189880666,6.202032002189735e-05,1.0
0.6837784378281327,4.663021460320747e-05,3.3131532223601025e-05,0.1931588818427272,2.0391606308673125,10.195803154336561,0.6252935327577314,0.01161129644318574,625293.5327577314,6.232070644165753e-05,1.0
0.6764316363655245,4.568180052681181e-05,3.3054586473677875e-05,0.19313774154436322,2.0436873510318114,10.218436755159058,0.624642118954144,0.010917602042870435,624642.118954144,6.271727800961723e-05,1.0
0.0,4.587402140836087e-05,3.2361832960741625e-05,0.1932450580190537,2.039534255683298,10.19767127841649,0.6252397408856918,0.011729856923799182,625239.7408856918,6.211826326626772e-05,0.0
0.6969006549608872,4.6337615601173e-05,3.215129976384497e-05,0.1929212102692875,2.037155805631565,10.185779028157823,0.6255822524399878,0.011424672978562773,625582.2524399877,6.14133171833394e-05,1.0
0.6951716363519931,4.62708289757091e-05,3.203398985863074e-05,0.19391374172386444,2.047789309034967,10.238946545174834,0.6240524163013316,0.011879899749060471,624052.4163013316,6.172091088082568e-05,1.0
0.0,4.725367589426497e-05,3.192868209541249e-05,0.19486111115016208,2.060292635341589,10.301463176707944,0.6222583548824764,0.011980577182800529,622258.3548824764,6.130354542867959e-05,0.0
0.7082978749001678,4.686798315266165e-05,3.16915913740478e-05,0.19440570313227018,2.0531581553419604,10.265790776709801,0.6232814252900238,0.012092831554564223,623281.4252900238,6.121683056072968e-05,1.0
0.7039320230899304,4.7039343697260046e-05,3.155530540225242e-05,0.19374481907028224,2.044657402491571,10.223287012457856,0.6245026128452723,0.01199225098583677,624502.6128452723,6.122421653800118e-05,1.0
0.6976679575086124,4.708064444998187e-05,3.2041367442644535e-05,0.19281285442424195,2.034722916559038,10.173614582795189,0.6259327976733228,0.011558506521806696,625932.7976733227,6.138452273267193e-05,1.0
0.7017072069036732,4.708888272726052e-05,3.2199183678238825e-05,0.1931025200023055,2.0423254643851587,10.211627321925793,0.6248380286865136,0.011043068691124576,624838.0286865137,6.141748695657422e-05,1.0
0.6987420713211804,4.708994398871294e-05,3.1987109771604604e-05,0.19279382005891232,2.0321842048768306,10.160921024384152,0.6262987998938799,0.011886440011704552,626298.7998938799,6.124512295576767e-05,1.0
0.0,4.720169762394341e-05,3.192686323966393e-05,0.19334609766759753,2.039716554839511,10.198582774197556,0.625213496415694,0.011905691750889085,625213.496415694,6.166007430005584e-05,0.0
0.0,4.7681643043196395e-05,3.187983197417497e-05,0.19394379124725067,2.044379127173931,10.221895635869656,0.6245426292944638,0.01243021178896513,624542.6292944638,6.145057939731068e-05,0.0
0.0,4.841687830046984e-05,3.1611848704569425e-05,0.19380962506984128,2.038040626186795,10.190203130933973,0.6254548108823259,0.013074061022008452,625454.8108823259,6.15998991875985e-05,0.0
0.6930619629504103,4.8447415612208364e-05,3.134887266515488e-05,0.19474566119037343,2.0529184068015716,10.264592034007856,0.6233158339557718,0.012807156336518676,623315.8339557719,6.208116872987764e-05,1.0
0.6978125807237897,4.8886125336050016e-05,3.16250524179498e-05,0.19369613699871216,2.0372374495845276,10.186187247922637,0.6255704920953279,0.012962766092752225,625570.4920953279,6.153234672904303e-05,1.0
0.6952444121185313,4.8557519356195626e-05,3.146661605633576e-05,0.19481726309992076,2.0530880265904226,10.265440132952113,0.6232914899588013,0.012926016158642854,623291.4899588013,6.199899711606949e-05,1.0
0.0,4.896934669543483e-05,3.1108874819099785e-05,0.19465130072724576,2.055215124701069,10.276075623505346,0.62298628747947,0.012288888933961553,622986.28747947,6.203693829425555e-05,0.0
0.690098355756504,4.860896399961264e-05,3.107375521949696e-05,0.19301172004393813,2.033376158640461,10.166880793202305,0.6261269310794539,0.012150371167330195,626126.9310794539,6.175185512428013e-05,1.0
0.6929115088002847,4.918211468766445e-05,3.108768304104576e-05,0.19423456090680008,2.048627431825868,10.24313715912934,0.623931995225503,0.012401117039103205,623931.995225503,6.204664990370585e-05,1.0
0.6919953476108383,5.030379283260778e-05,3.047411811296669e-05,0.19471366652816863,2.057377008231551,10.286885041157753,0.6226762470144784,0.012103580070815712,622676.2470144784,6.235689717970039e-05,1.0
0.6951334448503853,5.023667503196993e-05,3.0452411843362198e-05,0.1942219338864859,2.0519473512327893,10.259736756163946,0.6234552190987417,0.011899086871713467,623455.2190987417,6.205642682980712e-05,1.0
0.0,4.9135669785926825e-05,3.070375758679943e-05,0.193391626892222,2.0412611985557194,10.206305992778598,0.6249911679221424,0.011774421706586375,624991.1679221424,6.153276530029313e-05,0.0
0.6958820280332264,4.887891992358588e-05,3.0825051250719994e-05,0.19271110532494484,2.0247453071462216,10.123726535731107,0.62737248728822,0.012794697938109698,627372.4872882201,6.120130314590062e-05,1.0
0.0,4.951727909225881e-05,3.147748876026408e-05,0.1939289039581247,2.048404862621401,10.242024313107004,0.6239639715945459,0.011821779510795284,623963.9715945459,6.155210832332963e-05,0.0
0.7010373371918276,4.980347190392626e-05,3.182327182975246e-05,0.19330236551946955,2.0382029466273544,10.191014733136772,0.6254314345311539,0.012036165570093007,625431.4345311539,6.157039477575723e-05,1.0
0.6986940825875989,4.993185926518525e-05,3.2221486600582665e-05,0.19225230993101797,2.024803002074798,10.12401501037399,0.6273641528580292,0.011868772720065065,627364.1528580291,6.1440759499395e-05,1.0
0.7063680025331397,5.0437556257858967e-05,3.301708264934531e-05,0.19223110197999374,2.0269861332768033,10.134930666384017,0.627048865851425,0.011511069811412547,627048.8658514251,6.128938975359146e-05,1.0
0.0,5.0671031852325997e-05,3.318418787489078e-05,0.19092275410473114,2.0100674759436563,10.05033737971828,0.6294964023521439,0.011341910561606163,629496.4023521439,6.09582627213913e-05,0.0
0.0,5.1266473809005045e-05,3.316942517977278e-05,0.1903493867249648,2.0000506424403377,10.000253212201688,0.6309499870223612,0.011648760472290751,630949.9870223611,6.0502800397252136e-05,0.0
0.7206720947617227,5.170085617114844e-05,3.3398158764206725e-05,0.19123588292972557,2.0099993215331358,10.049996607665678,0.6295062812004041,0.011978047059855217,629506.281200404,6.0300192846106714e-05,1.0
0.7242469264391448,5.242768927409395e-05,3.3162424658904096e-05,0.19158438293568134,2.014441441050667,10.072207205253333,0.6288627288085128,0.01203149467987549,628862.7288085128,6.027107408765531e-05,1.0
0.723423417796873,5.2558533530565194e-05,3.31314820615745e-05,0.19153646441819147,2.0102889126322596,10.051444563161297,0.6294643066081234,0.012537235444506294,629464.3066081234,6.019396506718554e-05,1.0
0.7191061783046809,5.2959992560700865e-05,3.287453412741952e-05,0.1918266544096535,2.010266201108928,10.05133100554464,0.6294675984138595,0.013120907233166456,629467.5984138595,6.0391085051548735e-05,1.0
0.7169292624380762,5.2747229172943956e-05,3.293643881213999e-05,0.19166382154745887,2.0056361717847495,10.028180858923747,0.6301390339645607,0.013466677059478434,630139.0339645607,6.0357489697108864e-05,1.0
0.7098699841357818,5.239155418370557e-05,3.268213730949125e-05,0.1914394465615956,2.004903470255364,10.02451735127682,0.6302453541695241,0.013124247292715257,630245.354169524,6.0647142835332894e-05,1.0
0.0,5.319710692024095e-05,3.242241601334291e-05,0.1909714330341902,1.9971872870246603,9.985936435123302,0.631366117053087,0.01330898312146739,631366.117053087,6.018939728156135e-05,0.0
0.7173503727491876,5.3241267119997475e-05,3.2498009681007704e-05,0.1906451875011679,1.9914411480888932,9.957205740444465,0.6322020287862715,0.013492403788607327,632202.0287862715,5.996753998967462e-05,1.0
0.7080488560053197,5.357888206052872e-05,3.240673605515338e-05,0.1899740375874046,1.9855055437516609,9.927527718758304,0.6330666648212027,0.013014739996011904,633066.6648212026,6.034882966602467e-05,1.0
0.7176234762330863,5.356917442652384e-05,3.178034499333529e-05,0.18904321116495656,1.9785368243580699,9.89268412179035,0.6340833034191514,0.012169725749064537,634083.3034191515,5.9621063843854984e-05,1.0
0.7184268979963365,5.320453311253338e-05,3.130807101707496e-05,0.18930823604449795,1.9894051978350733,9.947025989175366,0.6324984713344001,0.011114943423395968,632498.4713344001,5.979403402430421e-05,1.0
0.7228427917794547,5.314593389657391e-05,3.0937729649295016e-05,0.18989024830342524,1.9973182677985024,9.986591338992511,0.6313470756931336,0.011127572299984125,631347.0756931336,5.9709234507492594e-05,1.0
0.0,5.380101222752629e-05,3.065408348447492e-05,0.18927895899969605,1.9880482697586228,9.940241348793114,0.6326961227120258,0.011254040711417902,632696.1227120258,5.9463339478968784e-05,0.0
0.0,5.400261202011548e-05,3.0765328813629015e-05,0.18811721659910094,1.9763433664380248,9.881716832190124,0.6344036359101615,0.010638069108363337,634403.6359101614,5.908513999502293e-05,0.0
0.7197276896736283,5.306682319984794e-05,3.081570389147792e-05,0.18829201831241305,1.9752437326779582,9.87621866338979,0.6345642872676457,0.011148323892471753,634564.2872676457,5.9284764665766846e-05,1.0
0.717894566065094,5.28978645075629e-05,3.1118973625158126e-05,0.1899252667432779,1.9972917340072944,9.986458670036471,0.6313509330027147,0.011201466489270524,631350.9330027148,5.995454746984674e-05,1.0
0.0,5.3731054113764e-05,3.13224346995375e-05,0.18950666940430286,1.987068847290183,9.935344236450915,0.6328388246583371,0.011852163466942789,632838.824658337,5.9346844947952586e-05,0.0
0.7295856861220046,5.354953460056374e-05,3.161755689240154e-05,0.1894821439037916,1.985715226447339,9.928576132236694,0.6330361003250126,0.012000388132595729,633036.1003250126,5.9183153329613796e-05,1.0
0.7276740715098565,5.257830456268537e-05,3.176772461199125e-05,0.18928102715377654,1.9868881260555686,9.934440630277843,0.6328651592764512,0.011427213584004238,632865.1592764511,5.9261635251713226e-05,1.0
0.7238837066424738,5.347326291414294e-05,3.179527391247887e-05,0.18932126849092465,1.9860639417940058,9.930319708970028,0.6329852729371199,0.011627809918969226,632985.2729371199,5.951105626837938e-05,1.0
0.7099364522906191,5.374499391076647e-05,3.208917395691559e-05,0.1891587534692045,1.9817605642159308,9.908802821079654,0.6336128021296169,0.011930309068025892,633612.802129617,6.0176169559860904e-05,1.0
0.7061853269285302,5.363508760314474e-05,3.232321431529931e-05,0.18987056399419375,1.993676152653598,9.968380763267989,0.6318767631053344,0.011617891093721872,631876.7631053344,6.071225489839995e-05,1.0
0.7118772891932719,5.337667698304081e-05,3.238957863925952e-05,0.18983348733074434,1.9983472158299607,9.991736079149803,0.6311975121117038,0.010864486773192497,631197.5121117039,6.0547874480002965e-05,1.0
0.7137650341783512,5.3850319408275864e-05,3.272310862773237e-05,0.1904663566001571,2.006838324750812,10.03419162375406,0.6299646318695677,0.01089734506988195,629964.6318695678,6.076021474471942e-05,1.0
0.7097395751419437,5.350232131999725e-05,3.1964909982426706e-05,0.1906244377610943,2.0125953577524593,10.062976788762295,0.6291301003286376,0.010378975850826219,629130.1003286376,6.098664829575176e-05,1.0
0.7123374199199313,5.40064031058553e-05,3.183847283053604e-05,0.19152949321362736,2.02128293381547,10.106414669077349,0.6278728537380855,0.01093184016534026,627872.8537380856,6.107458514918516e-05,1.0
0.7092741025835305,5.419737268660032e-05,3.17099662342298e-05,0.19253094721213945,2.036701333468901,10.183506667344504,0.6256477205975413,0.010709615021820159,625647.7205975413,6.163027224622534e-05,1.0
0.0,5.423576619561199e-05,3.2021571772789675e-05,0.1938595744654608,2.0492777464674066,10.246388732337032,0.6238385743437088,0.011557723274630406,623838.5743437088,6.128901466647776e-05,0.0
0.0,5.422380827436755e-05,3.245255883641911e-05,0.19490780411490488,2.0715402311340174,10.357701155670087,0.6206488812455686,0.01046448947537838,620648.8812455686,6.20503802494456e-05,0.0
0.7207371905311789,5.405184809052311e-05,3.196845384862765e-05,0.1957035209133432,2.082282839325409,10.411414196627044,0.619115555661257,0.010522597487943385,619115.555661257,6.221079173807933e-05,1.0
0.7219686981128038,5.449363118881728e-05,3.235243492389988e-05,0.1954606019235891,2.0739427147736254,10.369713573868127,0.620305638011057,0.011226841858235177,620305.6380110569,6.200630263967721e-05,1.0
0.7110162921758205,5.397108714899002e-05,3.1953952669614e-05,0.19572485321753802,2.0809369808962113,10.404684904481057,0.6193074464280508,0.010757152863126824,619307.4464280508,6.265772147904307e-05,1.0
0.0,5.308070284259511e-05,3.157250904255347e-05,0.19606836090929572,2.0864225930681335,10.432112965340666,0.6185256875194594,0.010662409338050769,618525.6875194594,6.244372069152569e-05,0.0
0.7130870145539147,5.3326308847189445e-05,3.147077315100419e-05,0.1972028437530129,2.1038970902590926,10.519485451295463,0.616041955788082,0.010447643294107732,616041.955788082,6.299673578758438e-05,1.0
0.708298853923699,5.357540183427923e-05,3.134589574634433e-05,0.19619296838419228,2.092147563287148,10.460737816435739,0.6177108698387649,0.010096806607149436,617710.8698387649,6.297318791636554e-05,1.0
0.7054796143885336,5.374401437384953e-05,3.085145264750238e-05,0.19651877307790463,2.095884122835334,10.47942061417667,0.6171796356397543,0.010217181795563588,617179.6356397544,6.314431286587236e-05,1.0
0.0,5.387299827118156e-05,3.1029386986600104e-05,0.1955719229822003,2.0871557369309577,10.435778684654789,0.6184212813947522,0.009565127359152764,618421.2813947522,6.246690133070711e-05,0.0
0.0,5.3635268116589156e-05,3.121261997428608e-05,0.1957892526314744,2.09053807323334,10.4526903661667,0.6179398351583558,0.009518340421304596,617939.8351583558,6.299081856830841e-05,0.0
0.0,5.3956304106450135e-05,3.150458005364946e-05,0.1956413393853241,2.086579845122676,10.43289922561338,0.6185032919610726,0.00978597073172079,618503.2919610726,6.28539093156704e-05,0.0
0.7113898847503641,5.385439896094386e-05,3.1344451853643115e-05,0.19580774540100676,2.0896429362621314,10.448214681310656,0.6180672136593796,0.009682704461393053,618067.2136593795,6.279843607538131e-05,1.0
0.7123287305342786,5.35337542013174e-05,3.130568800207852e-05,0.19442765604692863,2.0737466956760744,10.368733478380372,0.620333636178315,0.009188948272172304,620333.636178315,6.233673794269544e-05,1.0
0.7129241573413228,5.330713346116335e-05,3.1270446092566156e-05,0.19515414343930154,2.080204026578112,10.40102013289056,0.6194119751274265,0.00972026200602961,619411.9751274266,6.241366588692885e-05,1.0
0.722272999688489,5.4251310641327995e-05,3.175143580315537e-05,0.19537205851968528,2.080660541198411,10.403302705992054,0.6193468682073469,0.010090985246717442,619346.8682073469,6.209985354616187e-05,1.0
0.0,5.329879638747872e-05,3.08661336523023e-05,0.1951043429477081,2.0805692591921616,10.402846295960808,0.619359886060715,0.009568571956131222,619359.8860607151,6.218538987150479e-05,0.0
0.7193193961294193,5.348271451187705e-05,3.056172767455952e-05,0.19605824249175408,2.098460157006792,10.492300785033958,0.6168136617509892,0.008930146734497327,616813.6617509892,6.249006924666233e-05,1.0
0.7130824742025499,5.257350500782765e-05,3.055215537390587e-05,0.1954192316529,2.0926661198839773,10.463330599419887,0.6176371182860104,0.008475581591810468,617637.1182860105,6.258591349380707e-05,1.0
0.7077444937755863,5.246791823850961e-05,3.02154411959531e-05,0.1956823661765562,2.094235451734018,10.471177258670089,0.6174139741896054,0.008778706542717866,617413.9741896054,6.281504022820849e-05,1.0
0.0,5.2201746131162325e-05,3.0133636264852702e-05,0.19570077113762582,2.09335344968973,10.46676724844865,0.6175393765860931,0.008940918861344781,617539.3765860931,6.331150792193326e-05,0.0
0.0,5.111519706019914e-05,3.0093140878644675e-05,0.19591693940230442,2.093466772298343,10.467333861491714,0.6175232630357319,0.009357141840340743,617523.2630357319,6.327129761054298e-05,0.0
0.6988023976740694,5.128741191421204e-05,2.989397222843404e-05,0.19728513744877996,2.1138154758988037,10.569077379494018,0.6146366489969487,0.00920692389450862,614636.6489969487,6.356034770917938e-05,1.0
0.7070340322406515,5.10716446448317e-05,2.991543346169616e-05,0.1969459366635449,2.1121772373049654,10.560886186524826,0.6148685449707786,0.008760418297868394,614868.5449707786,6.310416982755341e-05,1.0
0.0,5.000060858065445e-05,3.0105569575789583e-05,0.1966271402339876,2.1042608945639834,10.521304472819915,0.6159903527081431,0.009244633176118275,615990.3527081431,6.359826949695272e-05,0.0
0.688007224452707,5.042038045442848e-05,3.003257825076449e-05,0.19767301414339675,2.120884704627176,10.604423523135878,0.6136369879690768,0.008983016255870327,613636.9879690768,6.423266220483031e-05,1.0
0.692679979246363,5.112947593433438e-05,2.989596826555858e-05,0.19734139649091273,2.1153901228802425,10.576950614401213,0.6144138369768545,0.00909662995867991,614413.8369768545,6.390336079302003e-05,1.0
0.6847475906104061,5.185194858679598e-05,2.9848319425251247e-05,0.19566149799125263,2.0970305389505475,10.485152694752736,0.6170167389574434,0.008339734939948624,617016.7389574434,6.39719455671375e-05,1.0
0.6776090021060369,5.19943878353858e-05,2.9849122132752545e-05,0.19487080739766494,2.087681491107248,10.43840745553624,0.6183464202336584,0.008088035028988251,618346.4202336584,6.415414444435335e-05,1.0
0.6827365396158803,5.197752914796664e-05,2.9330043820497167e-05,0.19412833396138462,2.073461986344675,10.367309931723373,0.62037430456611,0.008630972488879243,620374.30456611,6.339403143121903e-05,1.0
0.6889586702486538,5.260205687545521e-05,2.9481909119475608e-05,0.19256930279364412,2.0539930919546365,10.269965459773182,0.6231616101684785,0.00830021575576673,623161.6101684785,6.269011697349085e-05,1.0
0.0,5.339120753061615e-05,2.9356970568252058e-05,0.192451827574112,2.0492830800718624,10.246415400359313,0.6238378082031532,0.008741463351377146,623837.8082031532,6.25458634293809e-05,0.0
0.699486223370315,5.389016773144164e-05,2.974829167933033e-05,0.19176041179026612,2.047595258817691,10.237976294088455,0.6240803006557233,0.007601124236255506,624080.3006557233,6.219636664067432e-05,1.0
0.0,5.334159557569791e-05,2.9930641888436466e-05,0.19242339286814994,2.058448632792626,10.29224316396313,0.6225226201854089,0.007369405921708803,622522.620185409,6.245859744776981e-05,0.0
0.6962301392265265,5.337543609079141e-05,3.0283048971933633e-05,0.1927739582635208,2.0635736762573944,10.31786838128697,0.6217884239532939,0.007336340480335561,621788.4239532939,6.282036448576187e-05,1.0
0.7022459880070655,5.35276854411213e-05,2.9974086854380487e-05,0.1935629822012139,2.068140545813533,10.340702729067665,0.6211349194199722,0.008260883822400053,621134.9194199722,6.253793751558211e-05,1.0
0.6982168803985551,5.255232324784026e-05,2.986318912493665e-05,0.19255103705613472,2.0578456348452856,10.289228174226427,0.6226090605936754,0.007711134705944826,622609.0605936754,6.239177642836322e-05,1.0
0.6898931295422072,5.2735957112693844e-05,2.9493187796200696e-05,0.19329258262950907,2.065538054768021,10.327690273840103,0.6215072434005313,0.008092408659549475,621507.2434005314,6.295572360791679e-05,1.0
0.6883974497451323,5.381773388342966e-05,2.9291766677597884e-05,0.19447627290653252,2.0781396220366477,10.390698110183237,0.6197064805639179,0.008659026376982883,619706.4805639179,6.34044834166393e-05,1.0
0.6907822110529278,5.406134728866147e-05,2.9681562971398505e-05,0.19447927597911663,2.080522538511376,10.40261269255688,0.6193665490675878,0.008325101025821088,619366.5490675878,6.345235156475902e-05,1.0
0.6973343162557625,5.471682688360912e-05,3.0134178885347283e-05,0.19458903657943286,2.083137263104128,10.41568631552064,0.6189937638720526,0.008171837030918321,618993.7638720527,6.332850338966546e-05,1.0
0.0,5.471394771100129e-05,2.9787055319199e-05,0.19362127516864883,2.068827594845046,10.344137974225228,0.6210366643399082,0.008279214677205906,621036.6643399083,6.323501280857695e-05,0.0
0.0,5.458305959478936e-05,2.9653830912319837e-05,0.1939229138550815,2.077995401024198,10.38997700512099,0.6197270601899025,0.007572887900065523,619727.0601899025,6.312084547069232e-05,0.0
0.0,5.468203409793406e-05,2.9637895592466254e-05,0.1949905454803247,2.0942437984913282,10.471218992456642,0.6174127875754841,0.007393878536133535,617412.7875754841,6.361647374179737e-05,0.0
0.6946496207574552,5.418048009198316e-05,2.9820819373159863e-05,0.1954312005491454,2.0955884465119703,10.477942232559851,0.6172216558875933,0.008084056985884071,617221.6558875933,6.367253708663913e-05,1.0
0.6848178450783265,5.361498289652631e-05,2.929645990663572e-05,0.1950223158535254,2.087733104798056,10.438665523990279,0.6183390715445478,0.0083837032515986,618339.0715445478,6.38281803331774e-05,1.0
0.6874100172887009,5.417583551718046e-05,2.8829630684044473e-05,0.19475896276331295,2.0843584941422164,10.42179247071108,0.6188197280151991,0.008337653541825007,618819.7280151992,6.357629338419621e-05,1.0
0.0,5.477848997827011e-05,2.8999925913525306e-05,0.19438384273953854,2.078467117109246,10.39233558554623,0.6196597511728297,0.008427436651906749,619659.7511728297,6.32903415941912e-05,0.0
0.6950788818058432,5.418736702091103e-05,2.843521582457942e-05,0.19417546810541012,2.0732932782354583,10.36646639117729,0.6203984043908133,0.0087493406016335,620398.4043908133,6.280186288782788e-05,1.0
0.6922035177790391,5.4587619082769746e-05,2.8332472286246172e-05,0.19473899808410075,2.0783072433076897,10.391536216538448,0.6196825626953544,0.009160558863555886,619682.5626953543,6.307900667837496e-05,1.0
0.6945753546750845,5.445238671331134e-05,2.8414450383088903e-05,0.19469592189833146,2.0795357395582394,10.397678697791196,0.6195072968159323,0.008899140612595217,619507.2968159323,6.300014781981538e-05,1.0
0.0,5.453324326629033e-05,2.857086116640706e-05,0.19569261162629742,2.0879843908267883,10.439921954133942,0.6183032950193883,0.009688518271983148,618303.2950193883,6.297250682173097e-05,0.0
0.0,5.467268772068206e-05,2.855692851441577e-05,0.19616354556104135,2.089933728458035,10.449668642290174,0.6180258308850631,0.010352922007145816,618025.8308850632,6.28157374414877e-05,0.0
0.0,5.5076409200330575e-05,2.8476062928413196e-05,0.1955856331820799,2.0794941741490924,10.397470870745462,0.6195132260180197,0.010684492382179505,619513.2260180197,6.274453234810228e-05,0.0
0.7066184598540235,5.5016240117255557e-05,2.8759912927759875e-05,0.19489717970301598,2.0728973704276163,10.364486852138082,0.620454963195581,0.01024932260161297,620454.963195581,6.227358054526097e-05,1.0
0.714022969678946,5.5620996312561416e-05,2.8870276447114403e-05,0.19413302089543266,2.0658110122911855,10.329055061455927,0.6214681824053301,0.009734224196195414,621468.1824053301,6.182314887666488e-05,1.0
0.7075881003240465,5.566328280619015e-05,2.8698765931586678e-05,0.19382635208191834,2.062630091279177,10.313150456395885,0.6219235336501365,0.00957623781397321,621923.5336501366,6.204897680763218e-05,1.0
0.0,5.5862109286301113e-05,2.8736107481959616e-05,0.1950388417159673,2.079324626367739,10.396623131838696,0.6195374121745814,0.009615095606515951,619537.4121745813,6.244683952158434e-05,0.0
0.0,5.532823580480647e-05,2.887633603911728e-05,0.19587913122193223,2.097287129756861,10.486435648784305,0.6169802853177416,0.008738547761606106,616980.2853177417,6.321326115485986e-05,0.0
0.7076354946773592,5.630100059406276e-05,2.941428049077035e-05,0.19647112976204975,2.1037073991661894,10.518536995830948,0.6160688638490471,0.009011123373146612,616068.8638490471,6.329033948728155e-05,1.0
0.7075964396659054,5.6409893043783984e-05,2.9661891981442416e-05,0.19673999969369063,2.102820889151202,10.51410444575601,0.6161946326502267,0.009674632037607916,616194.6326502267,6.329388587692534e-05,1.0
0.7076297307899494,5.6638193895580854e-05,3.0033021198599752e-05,0.19577349305976227,2.087147949173134,10.43573974586567,0.6184223903472467,0.009969376466771197,618422.3903472467,6.297448488609159e-05,1.0
0.0,5.5701337112063465e-05,2.9849178555737868e-05,0.19563733093400312,2.0876050732469724,10.43802536623486,0.6183573006680274,0.009631962536033656,618357.3006680274,6.342618314494634e-05,0.0
0.0,5.517595935828265e-05,2.969494011274661e-05,0.19475449820571555,2.0779528988176623,10.389764494088311,0.6197331251751816,0.009242121586612737,619733.1251751817,6.359191950580123e-05,0.0
0.0,5.569138201507636e-05,2.963042731264778e-05,0.19588738580696916,2.0926990598069684,10.463495299034841,0.6176324337130292,0.00940720532696752,617632.4337130293,6.431368270128439e-05,0.0
0.6860971510177399,5.5720999933921134e-05,2.9594746972403373e-05,0.19457846206585516,2.074784021712924,10.37392010856462,0.6201854852310488,0.009342409362759081,620185.4852310488,6.367723696383046e-05,1.0
0.6880990124575663,5.464969006782825e-05,2.930044454561444e-05,0.19486348664663516,2.077133184611967,10.385665923059834,0.6198501084693615,0.009577081762631853,619850.1084693616,6.344376443707142e-05,1.0
0.6857087796694685,5.5075841230963595e-05,2.9694215742669197e-05,0.19428330505010763,2.0668481271432237,10.33424063571612,0.6213197907134668,0.009886400813682033,621319.7907134668,6.342456674283567e-05,1.0
0.0,5.470243300416796e-05,2.996533691914345e-05,0.1944549546538853,2.0654160127455246,10.327080063727623,0.6215247087540852,0.010434618061855723,621524.7087540851,6.380672452229832e-05,0.0
0.673245951933603,5.531404283702296e-05,2.987432682237013e-05,0.19455033356666288,2.0707683743937246,10.353841871968623,0.6207591968528281,0.009859863986153848,620759.1968528281,6.428595269906574e-05,1.0
0.0,5.516384414098065e-05,3.0069353480626883e-05,0.19523572537320602,2.079572693793671,10.397863468968355,0.6195020254339434,0.009973476180355427,619502.0254339434,6.449964059447998e-05,0.0
0.0,5.51629206011713e-05,3.0134836159915497e-05,0.1949882892589115,2.077374337908482,10.386871689542408,0.6198156906369446,0.009792269154767656,619815.6906369446,6.465281779581973e-05,0.0
0.0,5.56491394784437e-05,3.03480878309966e-05,0.19539817469432588,2.0834390166521275,10.417195083260637,0.6189507568610528,0.009747106249704622,618950.7568610528,6.501368187337425e-05,0.0
0.6652266776582076,5.50874102034475e-05,2.993783393731898e-05,0.19502525319777397,2.075145535332964,10.37572767666482,0.6201338621554969,0.010184368551044902,620133.862155497,6.483247354866757e-05,1.0
0.6628022897607293,5.448923859546158e-05,2.9895378936613368e-05,0.1953346858672348,2.076098008474037,10.380490042370184,0.61999787238208,0.010667244116549625,619997.8723820801,6.489492076130862e-05,1.0
0.0,5.430120461335329e-05,2.988005979950936e-05,0.1962837681910854,2.0845981224489347,10.422990612244673,0.6187855846772397,0.01135312105941046,618785.5846772396,6.511703280073276e-05,0.0
0.6672154284552431,5.462876692089684e-05,3.006955123340267e-05,0.19649266556997416,2.0862271547813562,10.43113577390678,0.6185535226234581,0.011538853763406385,618553.5226234581,6.490128805426944e-05,1.0
0.0,5.3870752956172155e-05,2.9879628928379977e-05,0.19594959314389415,2.0792091747219956,10.396045873609978,0.6195538820049721,0.01145306829276036,619553.8820049721,6.450511063782393e-05,0.0
0.6682705810322404,5.295932059710416e-05,2.9132057132587657e-05,0.19555965025791566,2.0748345675519215,10.374172837759607,0.6201782671763486,0.01129756769217996,620178.2671763486,6.41748007247237e-05,1.0
0.6773784269537189,5.331199464868397e-05,2.8824906074631028e-05,0.1957306901678454,2.0834944368263626,10.417472184131812,0.6189428585014483,0.010404238837139026,618942.8585014483,6.390544769283146e-05,1.0
0.6752296611494303,5.294426559942679e-05,2.8830093557425137e-05,0.19516325525696993,2.0709061019205537,10.354530509602768,0.6207395110689057,0.011066021582845548,620739.5110689057,6.363723556294731e-05,1.0
0.6751805380528444,5.2689267280978115e-05,2.8872656953927633e-05,0.1942949451104541,2.060044828542068,10.30022414271034,0.6222938617233876,0.010883751944295802,622293.8617233876,6.335624005633524e-05,1.0
0.6706060787041862,5.170707673438847e-05,2.9400328251636575e-05,0.1947573570131081,2.0648598195693437,10.324299097846719,0.6216043114091951,0.011119025435411342,621604.3114091952,6.370810168586658e-05,1.0
0.6634896452772974,5.1333445542524706e-05,2.9587145618801275e-05,0.19450854307954418,2.0591711872325393,10.295855936162695,0.622419057030486,0.011436143189574331,622419.057030486,6.394236893840753e-05,1.0
0.6573030693947007,5.1302992983358636e-05,2.9619861790194696e-05,0.19305476882610115,2.0434571815243916,10.217285907621957,0.6246752249190555,0.010784762571257775,624675.2249190555,6.393754532000592e-05,1.0
0.0,5.174212205250291e-05,2.9617747171356372e-05,0.1937237428717143,2.0560962245643224,10.280481122821612,0.6228599083801742,0.010307394123602803,622859.9083801742,6.46620387178592e-05,0.0
0.6556449796667887,5.1321664528335535e-05,2.9956647242580152e-05,0.19323724119095087,2.0439782971942373,10.219891485971186,0.6246002738127567,0.011074756194658494,624600.2738127568,6.410677356334534e-05,1.0
0.6644488918925979,5.212391929788507e-05,2.978048116208132e-05,0.19309237508507363,2.041104431117156,10.20552215558578,0.6250137286584598,0.011198478828607096,625013.7286584598,6.358519280535237e-05,1.0
0.6590732075531737,5.173916289983747e-05,2.974278640251751e-05,0.1924298896570621,2.034087136057942,10.170435680289708,0.6260244371057615,0.010884216419885696,626024.4371057615,6.367783186174317e-05,1.0
0.6503385868891313,5.136283374104814e-05,2.942115323842567e-05,0.19212566232046885,2.030428558481381,10.152142792406904,0.6265520339449865,0.010803358585924211,626552.0339449865,6.398449438458353e-05,1.0
0.645822360201925,5.210425584217608e-05,2.985840198826575e-05,0.19170643053179914,2.02097379273524,10.104868963676198,0.6279175488030239,0.011330409866622147,627917.5488030239,6.419044736664214e-05,1.0
0.6442311503444091,5.2167900801514514e-05,2.9978983629600917e-05,0.19241236887015187,2.0276971092574696,10.138485546287347,0.6269462211688531,0.011770958909156855,626946.2211688531,6.447070709164038e-05,1.0
0.0,5.1848530420978436e-05,2.9767146968207716e-05,0.1920681450778475,2.028251402315389,10.141257011576945,0.6268662086941589,0.011002498849853897,626866.2086941588,6.38499876466032e-05,0.0
0.6514249572586053,5.1733993246968574e-05,2.973746752574807e-05,0.19313510796712421,2.03752291022119,10.18761455110595,0.6255293748604444,0.011799590794692765,625529.3748604443,6.416858413150394e-05,1.0
0.650682509554433,5.2375850170800234e-05,2.9895613404194993e-05,0.19286551213316483,2.030680769901349,10.153403849506745,0.6265156487279686,0.01224667299429825,626515.6487279686,6.413955265636126e-05,1.0
0.0,5.306143457719707e-05,2.982248546229441e-05,0.19429566254691344,2.051397372202814,10.25698686101407,0.6235341768159146,0.01212550190974149,623534.1768159146,6.500563955209891e-05,0.0
0.0,5.2591809296018e-05,2.9665694566534744e-05,0.19253205722214167,2.0313229369037185,10.156614684518592,0.6264230162057199,0.011487130650003301,626423.0162057199,6.489825317287592e-05,0.0
0.6339018533574736,5.2518756205058087e-05,2.947609856940875e-05,0.19159005763045003,2.0148451290864213,10.074225645432106,0.6288042770961336,0.011984392357033698,628804.2770961337,6.471689440345342e-05,1.0
0.0,5.251345949479071e-05,2.9588265167792907e-05,0.19293447866723965,2.032079074981857,10.160395374909285,0.626313960925561,0.012182918260040334,626313.960925561,6.492464405782471e-05,0.0
0.6423814927108669,5.19700702496366e-05,2.9489083580673844e-05,0.1928436154146588,2.036177910156684,10.18088955078342,0.625723129876483,0.011410360705800645,625723.129876483,6.467592639916402e-05,1.0
0.0,5.190282631831887e-05,2.9363174588631543e-05,0.19296523908490334,2.038868212784111,10.194341063920556,0.6253356362841987,0.011266114454005443,625335.6362841987,6.486794273748965e-05,0.0
0.0,5.1867431222178344e-05,2.897509257034229e-05,0.1939885458919458,2.042403601601609,10.212018008008044,0.62482678685243,0.012803878636321578,624826.78685243,6.468067817644169e-05,0.0
0.6363323303698725,5.240018733720314e-05,2.9018882891893596e-05,0.19431433266513132,2.047267602271081,10.236338011355405,0.6241273866120397,0.012756051942302357,624127.3866120398,6.521240756250318e-05,1.0
0.6467221684469228,5.295589610461468e-05,2.898413820241815e-05,0.19424871514062933,2.049319927429999,10.246599637149995,0.6238325153250298,0.012329945606288481,623832.5153250298,6.471173366015602e-05,1.0
0.6440577922159665,5.273217348334289e-05,2.8907960933777197e-05,0.193207783342505,2.038674483965148,10.193372419825739,0.6253635316964994,0.011779098381509392,625363.5316964994,6.458608884776502e-05,1.0
0.6423246723610327,5.2570553441745625e-05,2.8989432918348268e-05,0.19416595111293933,2.046082903336573,10.230414516682863,0.6242976636797153,0.012629565905593915,624297.6636797152,6.483477528950067e-05,1.0
0.6451376779416842,5.285128852393853e-05,2.923404493880207e-05,0.194759945855606,2.0517680273852235,10.258840136926118,0.6234809626210589,0.01300085433227088,623480.9626210589,6.488121933633585e-05,1.0
0.0,5.250166852899626e-05,2.945983368160817e-05,0.1960313695331303,2.0650169783049175,10.325084891524586,0.6215818177363235,0.013644556802584076,621581.8177363235,6.490316785400267e-05,0.0
0.661913886155369,5.2745955234285034e-05,2.9636455558245938e-05,0.19722424814080886,2.0813590495078307,10.406795247539153,0.6192472620269608,0.013695758308578474,619247.2620269608,6.4667631875415e-05,1.0
0.6640106749849888,5.2647082885914724e-05,2.9571525363490303e-05,0.19762037276525726,2.0830366293141065,10.415183146570532,0.6190081072295588,0.014248852760073299,619008.1072295588,6.45374696519957e-05,1.0
0.0,5.210944193932712e-05,2.9409995355438123e-05,0.1963710308698618,2.0691004065515024,10.345502032757512,0.6209976537703743,0.013739715510097877,620997.6537703743,6.402566805017754e-05,0.0
0.657601706671477,5.1588834744100754e-05,2.910862075593263e-05,0.19754054421323625,2.0854436277324937,10.427218138662468,0.618665128263881,0.013746216690353448,618665.128263881,6.476180641962906e-05,1.0
0.0,5.228058739723429e-05,2.894850138861255e-05,0.19672677596686797,2.0735532558278145,10.367766279139072,0.6203612671802968,0.013814819114032748,620361.2671802968,6.42171761160017e-05,0.0
0.6598631414650122,5.2156764909717956e-05,2.897542638938127e-05,0.1971705234193414,2.0754618326479823,10.37730916323991,0.6200886993590069,0.014429746197689703,620088.699359007,6.439315482616891e-05,1.0
0.6676751317073917,5.2933806658472755e-05,2.87600320250979e-05,0.196914771904874,2.071385256730814,10.35692628365407,0.6206710289840581,0.014500572793806137,620671.0289840582,6.38934363070078e-05,1.0
0.0,5.2618312394945846e-05,2.8813648526331175e-05,0.19630338390273674,2.06565129809435,10.32825649047175,0.6214910376615884,0.014097805467061906,621491.0376615884,6.389198570154651e-05,0.0
0.0,5.2711548747612675e-05,2.8547738552430994e-05,0.1967310155178311,2.0719812733477783,10.35990636673889,0.6205858552415187,0.014047886277180855,620585.8552415187,6.337391091224306e-05,0.0
0.6662634498720693,5.385365613416954e-05,2.8078486214680267e-05,0.19634322776643118,2.0729862438735025,10.364931219367511,0.6204422664175447,0.013128721950407117,620442.2664175447,6.40361364471944e-05,1.0
0.6679645654357899,5.3247889639154506e-05,2.8362738326646102e-05,0.19599393159326056,2.0766589339087136,10.383294669543567,0.6199177999582427,0.01190566314476384,619917.7999582427,6.408140383302819e-05,1.0
0.0,5.223402459642153e-05,2.8253159181503426e-05,0.19549035339207685,2.0669688923289056,10.334844461644527,0.621302513782769,0.012283220566922708,621302.513782769,6.299750396650708e-05,0.0
0.6850907420690491,5.283263917013671e-05,2.803698590190619e-05,0.19515343525371814,2.063888764828581,10.319443824142905,0.6217433137049948,0.012050184212431082,621743.3137049949,6.271871030316532e-05,1.0
0.6879237198465468,5.236258183403744e-05,2.7748092041478835e-05,0.1944246112150522,2.0549156397336024,10.274578198668012,0.623029249448588,0.011878471878692325,623029.249448588,6.224925368221607e-05,1.0
0.6915303181740604,5.230497701530358e-05,2.792004099306838e-05,0.19439191174026202,2.051826611059156,10.259133055295779,0.6234725523002778,0.012256375780801786,623472.5523002777,6.19977552720175e-05,1.0
0.0,5.196591836977172e-05,2.83741124866474e-05,0.19455891003831655,2.0496024565892985,10.248012282946492,0.623791933381075,0.01290975345770805,623791.9333810749,6.185871719162064e-05,0.0
0.6966381409360011,5.206068139285394e-05,2.828570807861261e-05,0.1959141925930221,2.0670534491895607,10.335267245947803,0.6212904171799235,0.01311880236596768,621290.4171799235,6.212383374509175e-05,1.0
0.6989475783775543,5.154419966140399e-05,2.8255324904641585e-05,0.1960834330642609,2.063118495061082,10.31559247530541,0.6218535966052354,0.014020462733757233,621853.5966052355,6.181158631845227e-05,1.0
0.7061216643282215,5.1423345624234255e-05,2.8611707958515475e-05,0.1945525452648794,2.040600141914554,10.20300070957277,0.625086307516352,0.014191398046110727,625086.3075163519,6.093635012535091e-05,1.0
0.698807379227156,5.161978637502784e-05,2.809634008803767e-05,0.19553030709096123,2.0537390544494705,10.268695272247353,0.6231980626350561,0.01425867681697851,623198.0626350561,6.155293283435402e-05,1.0
0.6920161735286025,5.108323620439015e-05,2.8724473879150717e-05,0.1957929434058151,2.0571568671007414,10.285784335503706,0.6227078108802611,0.01429369769189124,622707.810880261,6.203452970574431e-05,1.0
0.0,5.0711529465479404e-05,2.9483214492265616e-05,0.1952527053304641,2.0547036254131927,10.273518127065962,0.6230596652960584,0.013565075956986607,623059.6652960584,6.192471435602019e-05,0.0
0.6914522348429705,5.052360745937055e-05,2.8681648943594278e-05,0.1950637018633592,2.049237399236318,10.246186996181589,0.6238443700139485,0.013971773740666936,623844.3700139485,6.181162523217483e-05,1.0
0.6972049955875411,4.979872759307e-05,2.8678764996047366e-05,0.19366087799629178,2.0387833946910225,10.193916973455112,0.6253478492632624,0.012669605255845954,625347.8492632624,6.124076205545933e-05,1.0
0.0,4.9591472549809226e-05,2.848950558656555e-05,0.1948242227279695,2.0573882077680667,10.286941038840334,0.6226746412661521,0.012323086722091146,622674.6412661521,6.176176504812269e-05,0.0
0.6932173463142145,4.965904136876449e-05,2.844028394356282e-05,0.19476160678421353,2.056758892499306,10.283794462496529,0.6227648765945061,0.012288090162933129,622764.8765945061,6.18484800979714e-05,1.0
0.6935390952682021,4.946608607059499e-05,2.8345962743806786e-05,0.1932111210281303,2.0382462032145052,10.191231016072525,0.6254252051417072,0.011847447197967785,625425.2051417072,6.135125312722746e-05,1.0
0.6914439036840384,4.934107610271723e-05,2.8622571218474456e-05,0.1932605654501893,2.0407586794830674,10.203793397415337,0.6250634893920934,0.01158462029247202,625063.4893920934,6.156498556633505e-05,1.0
0.6882390835282719,4.934430374520959e-05,2.861634882201457e-05,0.1945128521675573,2.0520052229137544,10.260026114568772,0.6234469113346216,0.012472615669736193,623446.9113346216,6.196784141513236e-05,1.0
0.6920124380224835,4.902954593908924e-05,2.8370749681314292e-05,0.1948017582340863,2.0525294651390147,10.262647325695072,0.6233716588310597,0.012975175299232308,623371.6588310597,6.169135143719093e-05,1.0
0.6853356832732032,4.939448630324089e-05,2.8351679139299468e-05,0.19387725415886825,2.042462941114281,10.212314705571405,0.6248182496351078,0.012572757952844292,624818.2496351078,6.183004029451696e-05,1.0
0.6886033788913702,5.012458563957696e-05,2.8539080827602202e-05,0.19295915610334732,2.031702939431749,10.158514697158743,0.6263682073316066,0.012286519538301217,626368.2073316065,6.152337703917159e-05,1.0
0.6772479574815331,4.988990373068769e-05,2.8213182812720575e-05,0.19190900771224628,2.021895691365921,10.109478456829606,0.6277842717487667,0.01160228717325927,627784.2717487668,6.180625124703344e-05,1.0
0.6731129350851515,5.0134704771812793e-05,2.7755049049775168e-05,0.1931355657686102,2.036674357509072,10.183371787545362,0.6256516067855767,0.011922738322797154,625651.6067855768,6.231666689818028e-05,1.0
0.6641681093890249,5.0012202098659214e-05,2.8397770909030262e-05,0.19294943146894578,2.0352242298065226,10.176121149032612,0.6258605493932444,0.011759412331135973,625860.5493932444,6.288369748551901e-05,1.0
0.6584168959832234,5.019470172920528e-05,2.8237087486937126e-05,0.19117731514295966,2.017732501063606,10.088662505318029,0.6283863605631467,0.01074099084906598,628386.3605631466,6.27989231829309e-05,1.0
0.6590157112024244,5.0973697460222804e-05,2.8231139841122526e-05,0.19144724671341568,2.021219190300778,10.10609595150389,0.6278820694011583,0.010776562827989689,627882.0694011584,6.294713508917565e-05,1.0
0.6630873917107525,5.12085532825274e-05,2.8147178422552405e-05,0.19162049213121538,2.022205174350498,10.11102587175249,0.6277395367508001,0.010980521013230807,627739.5367508001,6.274651952379964e-05,1.0
0.6653588092121812,5.0297674947472014e-05,2.8348661165326e-05,0.19149475164862834,2.017272116194655,10.086360580973274,0.628452977782297,0.011442481079553717,628452.9777822971,6.240889502417198e-05,1.0
0.6650902279178361,5.051871926424605e-05,2.8913524918946792e-05,0.19069776823088555,2.0067226063098738,10.033613031549368,0.6299814175989031,0.011376954060674255,629981.4175989032,6.23055257201611e-05,1.0
0.666603870998226,5.112477675061563e-05,2.910923457308664e-05,0.1898084737711862,1.9959492051859475,9.979746025929737,0.6315461318556952,0.01116307939806758,631546.1318556952,6.207637930595193e-05,1.0
0.0,5.099148313060427e-05,2.867154033736291e-05,0.19108838270552503,2.006896559236892,10.03448279618446,0.6299561847393009,0.012132950150350992,629956.184739301,6.216980230290214e-05,0.0
0.6622641439719428,5.14694708710511e-05,2.8282872502513094e-05,0.19123816261880205,2.009233756610205,10.046168783051025,0.6296172589877896,0.012093584225393748,629617.2589877896,6.247820245507838e-05,1.0
0.0,5.1095023683054105e-05,2.8197525619864756e-05,0.19173051014251988,2.0138355181246186,10.069177590623093,0.6289504731716451,0.01241149345668484,628950.4731716451,6.259993072124908e-05,0.0
0.0,5.0330353629631885e-05,2.8153105147607482e-05,0.19172866557320967,2.0160063958579277,10.080031979289638,0.6286361626194437,0.012093493765863014,628636.1626194436,6.290082475380934e-05,0.0
0.6581886938364545,5.039433106645557e-05,2.7673457663791353e-05,0.19209412892561273,2.0189631549898874,10.094815774949437,0.6282083208651382,0.01239657871636367,628208.3208651382,6.267208941495065e-05,1.0
0.0,4.95082060847533e-05,2.7965790786567858e-05,0.19133984490966421,2.0138999452558073,10.069499726279036,0.6289411428265059,0.011620832645834347,628941.1428265059,6.284139046119702e-05,0.0
0.0,4.939815645661144e-05,2.7680578803472056e-05,0.19103890435951693,2.0115636528058833,10.057818264029416,0.6292795735010245,0.011357382220058344,629279.5735010245,6.292340398415707e-05,0.0
0.6468649085247061,5.005361445880196e-05,2.8174957696040342e-05,0.19154938115418466,2.022981497804016,10.11490748902008,0.6276273351475748,0.010726097455944151,627627.3351475749,6.355543475516877e-05,1.0
0.6424347571193353,4.909766071675278e-05,2.8757648321281252e-05,0.19237826649209422,2.036667769526127,10.183338847630633,0.6256525558617021,0.010409088845890533,625652.5558617021,6.417120275223506e-05,1.0
0.0,4.8475959104460775e-05,2.8708019295065972e-05,0.19175229180893905,2.023713494258007,10.118567471290033,0.6275215584712102,0.011026142089088259,627521.5584712102,6.379676968003804e-05,0.0
0.6420720974564942,4.799042379979077e-05,2.8865550701290107e-05,0.19140417152126274,2.021156636041769,10.105783180208844,0.6278911132601291,0.010699456302654644,627891.1132601291,6.365915721596734e-05,1.0
0.631895003924762,4.7998955393939475e-05,2.8518655520639046e-05,0.1921523329447132,2.02912635691087,10.14563178455435,0.6267399293499122,0.011044595239338593,626739.9293499122,6.43707047091737e-05,1.0
0.6338150600495113,4.785611789323758e-05,2.873538530817e-05,0.1938344463287309,2.04736462709481,10.236823135474049,0.6241134432681186,0.011782335925580341,624113.4432681185,6.470664000722957e-05,1.0
0.6319649121542377,4.859856372622087e-05,2.8611219874976286e-05,0.1950197144068262,2.064236930366221,10.321184651831105,0.6216934717366147,0.011732900550267074,621693.4717366147,6.532252721206901e-05,1.0
0.0,4.91037666162423e-05,2.8312824881000256e-05,0.19458860297879477,2.054994613609432,10.274973068047158,0.6230179201342003,0.012195126091789873,623017.9201342004,6.494272111643409e-05,0.0
0.0,4.9369327756951755e-05,2.8259767886904357e-05,0.1955339705266164,2.0666451825193013,10.333225912596506,0.6213488254957906,0.012416766549023413,621348.8254957906,6.464406329961556e-05,0.0
0.6509034873093759,4.9454756358984665e-05,2.815484812664466e-05,0.1954855034006896,2.0658986418899854,10.329493209449927,0.6214556428819555,0.012426649683334711,621455.6428819555,6.423763937980823e-05,1.0
0.6489580728781394,4.966227612029738e-05,2.8094203343210643e-05,0.1963010886095698,2.0750248354409435,10.375124177204716,0.6201510972651869,0.012753274484326482,620151.097265187,6.45757670173896e-05,1.0
0.645131012320466,4.923803942023475e-05,2.841722324719134e-05,0.19718888549482275,2.0814071255403372,10.407035627701687,0.6192404070499904,0.01361817803963588,619240.4070499904,6.493166085712866e-05,1.0
0.6438748142398095,4.968188380860836e-05,2.8213286504456792e-05,0.19597452520507028,2.067139342603883,10.335696713019415,0.6212781296124483,0.013227180022588885,621278.1296124483,6.467980065211094e-05,1.0
0.0,4.913222400525659e-05,2.876952767429982e-05,0.1959996464782595,2.0712962953180774,10.356481476590385,0.6206837430155301,0.01268303597204907,620683.74301553,6.510748297864357e-05,0.0
0.0,4.9567268022102574e-05,2.8396619230966217e-05,0.196334489269383,2.0799273353234087,10.399636676617042,0.6194514394410144,0.012120417979780418,619451.4394410144,6.541413551343326e-05,0.0
0.6455348025459235,5.016899391271994e-05,2.891331592830047e-05,0.19643348782561712,2.078127236066662,10.39063618033331,0.6197082479538188,0.012575223605053087,619708.2479538189,6.510824357750741e-05,1.0
0.6416831220567003,5.027104633550959e-05,2.8630096423162452e-05,0.19640272389140412,2.0741015270722625,10.370507635361312,0.620282955161708,0.013088402944516202,620282.9551617079,6.516279025357273e-05,1.0
0.0,5.017751887931841e-05,2.865719052493822e-05,0.19500694180319003,2.0569028574130863,10.28451428706543,0.6227442328125788,0.012758116418958911,622744.2328125788,6.475750085883699e-05,0.0
0.0,5.037412345588688e-05,2.853698788039605e-05,0.19485362208471838,2.0626009754303336,10.313004877151668,0.6219277031464233,0.01163494731586006,621927.7031464233,6.470058781931312e-05,0.0
0.640276768288406,4.893588180171881e-05,2.846312952132677e-05,0.19472839863936642,2.063436439599866,10.31718219799933,0.6218080727208485,0.011264869999581316,621808.0727208485,6.48405189453204e-05,1.0
0.0,4.910829327492716e-05,2.87342741018069e-05,0.19410080379026098,2.052945871660768,10.264729358303839,0.6233118921079712,0.011513499688493188,623311.8921079712,6.45769736375417e-05,0.0
0.0,4.9069450410508716e-05,2.9209536658939406e-05,0.19375901707738216,2.0486285542587885,10.243142771293943,0.6239318339704676,0.011449868125231907,623931.8339704676,6.426247400030556e-05,0.0
0.6493503090910563,4.9062747345770046e-05,2.958250333724731e-05,0.19383072413243813,2.0492010156648908,10.246005078324453,0.6238495963712287,0.011511044636104951,623849.5963712287,6.42024906005125e-05,1.0
0.6431868163170021,4.943475865530356e-05,2.946939637079981e-05,0.19321251392979336,2.042630637461066,10.21315318730533,0.6247941236746584,0.011219151534245053,624794.1236746584,6.444285198190173e-05,1.0
0.0,4.940867902141512e-05,2.953528501010518e-05,0.193394434550735,2.041804795986944,10.209023979934718,0.6249129439644451,0.011701813065915034,624912.943964445,6.480893056896206e-05,0.0
0.6339918095841486,4.885040201266124e-05,2.930995594780257e-05,0.19214126985822574,2.0234693735951708,10.117346867975852,0.6275568329890225,0.011839372705474051,627556.8329890225,6.437171203756312e-05,1.0
0.0,4.880269263699532e-05,2.902629173507411e-05,0.19320912816446167,2.0364942030917867,10.182471015458933,0.6256775606586231,0.012095816987546472,625677.5606586231,6.467881336839104e-05,0.0
0.6395565553588862,4.886041652629583e-05,2.870187562865403e-05,0.19318681745827745,2.035923411879614,10.179617059398069,0.625759798572754,0.012133433489308884,625759.798572754,6.419930062608563e-05,1.0
0.0,4.894067515156042e-05,2.8596566123985708e-05,0.1924516655154039,2.0242114085771186,10.121057042885592,0.6274496178705203,0.012352948901328127,627449.6178705203,6.439628577095123e-05,0.0
0.0,4.9042821332171744e-05,2.8699516490810476e-05,0.1907257177573245,1.9991300919216994,9.995650459608497,0.631083740252743,0.012535175767392045,631083.740252743,6.404433540964568e-05,0.0
0.0,4.958164942798759e-05,2.8151981613068816e-05,0.19121645354207506,2.0094388394935994,10.047194197467997,0.6295875278538262,0.012020434937976313,629587.5278538262,6.448631790792242e-05,0.0
0.6342319781240302,4.9046999162910765e-05,2.8175035870033208e-05,0.19168011590997303,2.014830978230964,10.07415489115482,0.6288063259669583,0.01216655778690435,628806.3259669583,6.389369522281769e-05,1.0
0.6364144144381317,4.915390940773498e-05,2.86663426899974e-05,0.1919873504117265,2.016641215801035,10.083206079005176,0.6285442798936866,0.012518980717139524,628544.2798936865,6.392076954192534e-05,1.0
0.6400651691875959,4.98157960688894e-05,2.902958915691969e-05,0.19285125626160493,2.024944871497661,10.124724357488303,0.6273436593126843,0.013046171835894155,627343.6593126843,6.406012753890726e-05,1.0
0.0,4.895217439904301e-05,2.88734421508233e-05,0.19351003067549455,2.0330549580306747,10.165274790153372,0.626173240622329,0.013193301973318129,626173.2406223291,6.443899421869347e-05,0.0
0.636376210640965,4.906295425145218e-05,2.8476911435021995e-05,0.19332928422715043,2.0343382395705962,10.171691197852981,0.6259882422201851,0.012646810674485998,625988.2422201851,6.430351460776924e-05,1.0
0.0,4.8789005915436614e-05,2.8645322298261004e-05,0.19286719435673597,2.031109332606606,10.15554666303303,0.6264538270827373,0.012188215796209276,626453.8270827373,6.412437769636335e-05,0.0
0.6329338142206291,4.862787060489133e-05,2.7977187377233534e-05,0.19239060452501242,2.0263157299683217,10.131578649841607,0.6271456683896338,0.011926877439658624,627145.6683896338,6.416342862446868e-05,1.0
0.6377412407150228,4.820290944118629e-05,2.8350689864453667e-05,0.1926845195852014,2.029998835608007,10.149994178040036,0.6266140326745309,0.011983071844933715,626614.0326745309,6.3993322047829e-05,1.0
0.6409473913422047,4.815407589451234e-05,2.831959982979962e-05,0.19359720419782467,2.0433691726446406,10.216845863223202,0.6246878839617319,0.011882292357381244,624687.8839617319,6.413050064556946e-05,1.0
0.0,4.9111622183835544e-05,2.890259792937685e-05,0.19316102857994166,2.041472757478588,10.20736378739294,0.6249607233175348,0.011282780477418161,624960.7233175348,6.412016283175736e-05,0.0
0.0,4.849717455957023e-05,2.8406456325116374e-05,0.19386682763476265,2.0554080763881832,10.277040381940916,0.622958609581187,0.010692264850712273,622958.609581187,6.484842463760627e-05,0.0
0.632987399755518,4.794242606713941e-05,2.8713771066176397e-05,0.19352336733191566,2.0580314395949437,10.290157197974718,0.6225824240024134,0.009629158666244687,622582.4240024134,6.512728518438425e-05,1.0
0.6278365383695825,4.733261026071487e-05,2.870934299380861e-05,0.19293682790525452,2.0606777204882114,10.303388602441057,0.6222031822204768,0.008076838030985788,622203.1822204768,6.548253344350548e-05,1.0
0.0,4.824966719881463e-05,2.8635840974490813e-05,0.19455475980538706,2.0835152607516867,10.417576303758434,0.6189398907481145,0.00804941035888861,618939.8907481146,6.603315518333096e-05,0.0
0.6207196795614999,4.805350400207769e-05,2.8252171115437354e-05,0.1962111587836404,2.0983717376988373,10.491858688494187,0.6168262197720015,0.009248537339282265,616826.2197720015,6.681418504085383e-05,1.0
0.0,4.80796143918623e-05,2.8465852065142123e-05,0.19771841813622937,2.113190395388743,10.565951976943714,0.6147251200819336,0.010161956354392333,614725.1200819336,6.661519892378342e-05,0.0
0.6217979400360633,4.7916630633471936e-05,2.8699376239272336e-05,0.1967466756715278,2.1029504508972994,10.514752254486496,0.6161762501781874,0.009669601521243,616176.2501781875,6.693016329623643e-05,1.0
0.6134759414710549,4.748608658160095e-05,2.9260927055076657e-05,0.1981933045743654,2.122813266900916,10.61406633450458,0.6133645519907827,0.009751161139513445,613364.5519907826,6.802513334840479e-05,1.0
0.6138072558556451,4.741878952666171e-05,2.95781235928333e-05,0.19759805016904952,2.119534833621698,10.59767416810849,0.6138277478235991,0.009023848161698093,613827.747823599,6.802106138776777e-05,1.0
0.6139251454924581,4.869953553899676e-05,2.9408392522289913e-05,0.1969498907719627,2.114869225151729,10.574346125758645,0.6144875348891097,0.008387316433035072,614487.5348891097,6.809344615630469e-05,1.0
0.0,4.942158028870395e-05,2.911906589675886e-05,0.19497189192426256,2.0909793565145622,10.45489678257281,0.6178770499570341,0.007820833805559181,617877.0499570341,6.742036517062371e-05,0.0
0.0,4.900667977403373e-05,2.872613714876697e-05,0.1950399635490115,2.0924226776298087,10.462113388149044,0.617671740689204,0.007751667787227081,617671.7406892041,6.733066006442767e-05,0.0
0.6219780454749206,4.93503332300839e-05,2.919358170948347e-05,0.1941136709328479,2.0797406844961865,10.398703422480931,0.6194780627606807,0.007705404626376551,619478.0627606807,6.676994726100417e-05,1.0
0.0,4.894756517914904e-05,2.897625779001044e-05,0.19437716620948198,2.0822284090917327,10.411142045458663,0.6191233151002885,0.00787764751925245,619123.3151002885,6.676190816804151e-05,0.0
0.6187718524783093,4.8080430056142946e-05,2.9440801594901624e-05,0.19361757150061898,2.068968189577521,10.344840947887604,0.6210165597624816,0.008251702763719542,621016.5597624816,6.654305876405297e-05,1.0
0.0,4.86285769138524e-05,2.960950717526221e-05,0.19473525348762422,2.0855658241639183,10.427829120819592,0.6186477212714991,0.008118228246747572,618647.7212714992,6.702758770236962e-05,0.0
0.6134588531730786,4.923605179889713e-05,2.9716287896235153e-05,0.19503397099846387,2.0893702473094073,10.446851236547037,0.6181060226702162,0.008173964667143934,618106.0226702162,6.766091036054878e-05,1.0
0.615352768983548,4.9774356888443136e-05,2.962990164454236e-05,0.1962703758167236,2.1103815581207153,10.551907790603575,0.6151228274870087,0.007663579120455951,615122.8274870088,6.814774241101597e-05,1.0
0.0,4.954393712606449e-05,2.9835505485552187e-05,0.19507552019319763,2.097943686643376,10.48971843321688,0.616887018639523,0.007038059025918242,616887.018639523,6.732238298651902e-05,0.0
0.6174925020683838,4.946967051654221e-05,2.9834154146990104e-05,0.1956900320646543,2.111476605357588,10.55738302678794,0.6149677475430672,0.006347811672375722,614967.7475430672,6.809652332433266e-05,1.0
0.6243254507027218,4.9855159883040424e-05,2.9726707076609658e-05,0.1944513289435666,2.091219949080108,10.45609974540054,0.6178428214523591,0.006745479339492321,617842.8214523591,6.715762847010986e-05,1.0
0.6291713351708623,5.0053804704053667e-05,2.9940974371071926e-05,0.19441763169404178,2.091476304863249,10.457381524316244,0.6178063524405748,0.006641615828658353,617806.3524405748,6.693867749217461e-05,1.0
0.0,4.9855909874324074e-05,2.9898963250884147e-05,0.19340350372791237,2.083330547566564,10.416652737832822,0.6189662159248482,0.0057732233806729845,618966.2159248482,6.676352110475091e-05,0.0
0.6247484938798215,4.904925576677851e-05,2.9661483552244815e-05,0.19299170578901803,2.0771843712627294,10.385921856313647,0.6198428028586817,0.00582621443671772,619842.8028586817,6.668141407352226e-05,1.0
0.0,4.912520824851395e-05,2.9848201913838113e-05,0.1922421252948407,2.0704757196583867,10.352378598291933,0.620801028892409,0.005285279482090324,620801.0288924089,6.602503019189546e-05,0.0
0.638710956330581,4.9682208903161726e-05,2.9832042178872782e-05,0.19194893888014974,2.0599190434117056,10.299595217058528,0.6223118855416355,0.006209763301935003,622311.8855416356,6.549190887080762e-05,1.0
0.6459991861717017,4.908977058058141e-05,2.9982074338822667e-05,0.1908521847033803,2.0461237794769644,10.230618897384822,0.6242917877683423,0.00599615717510289,624291.7877683423,6.466291387834705e-05,1.0
0.6433902970236066,4.942735485980777e-05,2.9846274894539957e-05,0.19067806979207444,2.0407770358181105,10.203885179090552,0.6250608474403615,0.006416987024510393,625060.8474403615,6.4685562818044e-05,1.0
0.6367315141638284,4.960457861017846e-05,2.948661300524487e-05,0.19101094838043542,2.041121779074617,10.205608895373084,0.6250112320368418,0.0070331287977126785,625011.2320368418,6.50158726264157e-05,1.0
0.6466011613400922,4.998756116959106e-05,3.0017402933894255e-05,0.1915790972838416,2.0519362870593847,10.259681435296923,0.6234568074277967,0.006615001995479904,623456.8074277968,6.487992734976993e-05,1.0
0.6447950741997172,5.0423797696058745e-05,3.048103829844544e-05,0.1917693679261841,2.0538510652844075,10.269255326422037,0.6231819896619795,0.006720725514347659,623181.9896619795,6.519486438784415e-05,1.0
0.0,5.006808912117489e-05,3.073655302085512e-05,0.19269928134847777,2.0644394459916633,10.322197229958316,0.6216644822577992,0.00706304495475478,621664.4822577992,6.570183577370827e-05,0.0
0.0,4.9258247638668925e-05,3.060547875482574e-05,0.1916052084971199,2.048368888352259,10.241844441761295,0.623969140147625,0.0071795571418647374,623969.140147625,6.506053360327138e-05,0.0
0.0,4.9006322923054106e-05,3.05032737877809e-05,0.19134292966889266,2.0430718165281263,10.215359082640632,0.624730657040897,0.007416516378682352,624730.6570408971,6.429630686901842e-05,0.0
0.0,4.947076012335653e-05,3.0907906545794223e-05,0.19148546406602682,2.049320429388928,10.24660214694464,0.6238324432222755,0.006803371354329128,623832.4432222755,6.410675515566374e-05,0.0
0.0,4.921034296912641e-05,3.0783599403608115e-05,0.19183152903800021,2.0517659283590635,10.258829641795316,0.6234812639610994,0.007144322037099807,623481.2639610993,6.397184046542566e-05,0.0
0.6533298349916729,4.887911444781506e-05,3.0578160604631764e-05,0.1910452994275309,2.0421188586452903,10.210594293226452,0.6248677546442096,0.006958353499271457,624867.7546442096,6.417961113149511e-05,1.0
0.0,4.799085698789644e-05,3.112826779523007e-05,0.1917738542145359,2.0506171703940437,10.253085851970217,0.6236462036118563,0.007193912040928098,623646.2036118563,6.433404535940182e-05,0.0
0.6611210656624225,4.890736362541398e-05,3.1091399134841305e-05,0.19157744152799788,2.0442920951666377,10.221460475833188,0.6245551451668895,0.007710028222885268,624555.1451668895,6.385249776392857e-05,1.0
0.6630235874950053,4.934207317361835e-05,3.1600098750698634e-05,0.1911442662042218,2.0356326176493678,10.178163088246839,0.6258016995037431,0.0080902319121867,625801.6995037431,6.366546148478716e-05,1.0
0.6694072125257269,4.974017970078337e-05,3.114857920247766e-05,0.19154989182568136,2.0397894429013483,10.198947214506742,0.625203003485325,0.008302787136687702,625203.003485325,6.336528489395593e-05,1.0
0.668104389317694,5.022923880015744e-05,3.128106308326346e-05,0.19167455200922298,2.0390553476966637,10.195276738483319,0.6253086915236002,0.008657795542046206,625308.6915236003,6.349382355247228e-05,1.0
0.6757360202654239,5.051300820492599e-05,3.187676660136318e-05,0.19142709284704865,2.0330451173924446,10.165225586962222,0.6261746594640524,0.009028845158149675,626174.6594640524,6.303991977988415e-05,1.0
0.6792418644445184,5.038058361323771e-05,3.184815649273357e-05,0.1913612600999964,2.026815529792125,10.134077648960623,0.6270734986356858,0.009796018835678644,627073.4986356859,6.263014713091753e-05,1.0
0.0,5.0291089888911856e-05,3.173199201519856e-05,0.1905426841436569,2.015581251198215,10.077906255991076,0.6286977048219199,0.009783073109233686,628697.7048219199,6.246274260287707e-05,0.0
0.6655752811974123,5.0071485908837556e-05,3.1347026599615065e-05,0.19027668634022538,2.0113121437136625,10.056560718568312,0.6293160174633194,0.009869390143770206,629316.0174633195,6.287962079414548e-05,1.0
0.658167036628538,5.13874265678683e-05,3.1644788983953336e-05,0.1912906361602622,2.0220859951942636,10.110429975971318,0.6277567634248584,0.010338035745382858,627756.7634248585,6.37963670052052e-05,1.0
0.0,5.1637634052160656e-05,3.138085477948206e-05,0.19130944536708247,2.02408977992026,10.1204488996013,0.6274671904914285,0.010086081225593445,627467.1904914285,6.350961762911428e-05,0.0
0.6668927826156387,5.1372981150441724e-05,3.1324795116075425e-05,0.19163176071838786,2.0331939251296283,10.165969625648142,0.6261532044279668,0.009416725864742584,626153.2044279668,6.354009189871174e-05,1.0
0.0,5.157826991451603e-05,3.092794852981613e-05,0.19208490152975563,2.037690732003783,10.188453660018913,0.6255052033752279,0.009675006434739118,625505.2033752279,6.379296688066738e-05,0.0
0.6580970411753281,5.104127005729755e-05,3.137645793924904e-05,0.19154106548423083,2.030814455293989,10.154072276469945,0.6264963634952747,0.009578494463736363,626496.3634952747,6.39546827958037e-05,1.0
0.6728116221686099,5.1772698015446216e-05,3.169539437368176e-05,0.19000701978230186,2.013706753440267,10.068533767201334,0.6289691213039907,0.008983160868594452,628969.1213039907,6.285407871431525e-05,1.0
0.6713472406999998,5.140670950723372e-05,3.165201106144419e-05,0.18945055235435135,2.0041640747244234,10.020820373622117,0.6303526639072098,0.009253768615912481,630352.6639072098,6.263148459452488e-05,1.0
0.0,5.1629118033400284e-05,3.1272726159539226e-05,0.18932223849578056,1.9973684351189598,9.986842175594798,0.6313397827595477,0.009984259751108856,631339.7827595477,6.230490305689083e-05,0.0
0.6863827810471318,5.212952448760385e-05,3.170804375112123e-05,0.1883742106340928,1.989935237713664,9.94967618856832,0.6324212820147566,0.009169703282942136,632421.2820147566,6.153445291847101e-05,1.0
0.6930695545401203,5.227931826995427e-05,3.1564103357984665e-05,0.1893661941348328,1.999946732227988,9.99973366113994,0.630965083445226,0.009697471714891534,630965.083445226,6.13878685078188e-05,1.0
0.6959825464648464,5.2280966900465e-05,3.120125983857972e-05,0.1894393025994785,2.0096536822519253,10.048268411259626,0.6295563833237638,0.008434988522720862,629556.3833237638,6.147242591648257e-05,1.0
0.0,5.224074860488371e-05,3.064859923806636e-05,0.19094006045064357,2.031579405009653,10.157897025048266,0.6263860245358885,0.008266145437175689,626386.0245358886,6.205359181421681e-05,0.0
0.0,5.216771308434249e-05,3.0441837713736902e-05,0.19082065249747207,2.0233106051975365,10.116553025987681,0.6275797754896093,0.009221080484553465,627579.7754896093,6.216402054321362e-05,0.0
0.6818234115700953,5.183600957819189e-05,2.9996609522703183e-05,0.1918648783006932,2.0388188761542296,10.194094380771148,0.6253427402492195,0.009072496850605962,625342.7402492196,6.266640664339008e-05,1.0
0.6752364493492525,5.15745476717432e-05,2.980983108129227e-05,0.19298448233127172,2.0539551706877863,10.269775853438931,0.6231670514489609,0.009136016111504339,623167.0514489609,6.33351571430886e-05,1.0
0.6770832535990078,5.22828519051338e-05,3.003695707977574e-05,0.19293968602796285,2.050553429693642,10.252767148468209,0.6236553568337353,0.00953472888966103,623655.3568337352,6.325840536147129e-05,1.0
0.6810422112389501,5.2182926550688546e-05,2.9923597888987656e-05,0.1927825274101623,2.054277915069171,10.271389575345856,0.6231207427345129,0.008685797554837484,623120.7427345129,6.314014231939582e-05,1.0
0.6813541248094637,5.174636988498339e-05,3.0031833945842017e-05,0.1936248529442974,2.0655996892591997,10.327998446295998,0.6214984231155658,0.008748129004160611,621498.4231155658,6.337239779913203e-05,1.0
0.6759877281921244,5.1453293688852965e-05,2.9814196869065506e-05,0.19351735637905332,2.063698449247393,10.318492246236966,0.6217705602019514,0.008805272960058053,621770.5602019514,6.353887389172458e-05,1.0
0.6708102088734754,5.197441315542452e-05,2.9837463651593467e-05,0.19380599609781873,2.0610605624902987,10.305302812451494,0.6221483357918438,0.009760327987481263,622148.3357918438,6.378376712038448e-05,1.0
0.6748705240123258,5.227272820889827e-05,3.0416984625187405e-05,0.19296217592555184,2.053565977029318,10.267829885146591,0.623222899161129,0.009147251012232726,623222.899161129,6.354689501736426e-05,1.0
0.0,5.250743823383643e-05,3.030409910927559e-05,0.19110005672400684,2.0288942723021015,10.144471361510508,0.6267734228857493,0.008973536333763011,626773.4228857494,6.264721290863632e-05,0.0
0.6787392922746602,5.232852886970481e-05,3.0413345958375976e-05,0.19088738437854574,2.0290211030209444,10.145105515104722,0.6267551189545845,0.008529887711675944,626755.1189545845,6.275258400243187e-05,1.0
0.675433852833009,5.256863952739719e-05,2.9935420870967926e-05,0.1900888839293324,2.0213419876859913,10.106709938429956,0.627864316196932,0.008042084055596735,627864.316196932,6.270345927967255e-05,1.0
0.0,5.219548617437392e-05,3.039274429027363e-05,0.18958109658549163,2.0101616616961033,10.050808308480516,0.6294827505670338,0.00864494373801709,629482.7505670339,6.279036866399083e-05,0.0
0.6720689515122756,5.202176943521356e-05,3.0241727415784695e-05,0.1898924168480953,2.0141803449636244,10.070901724818121,0.6289005369180666,0.008685370614257157,628900.5369180666,6.26764803413592e-05,1.0
0.0,5.246623629020516e-05,3.055205296244095e-05,0.18869348920918905,1.9993836156561409,9.996918078280704,0.6310469011853806,0.008433879603758753,631046.9011853806,6.209978349804704e-05,0.0
0.674863946494063,5.285405040386059e-05,3.0504057814464463e-05,0.189165672590643,2.0074567422558243,10.037283711279121,0.6298749338798263,0.00820627906111231,629874.9338798263,6.252615586016813e-05,1.0
0.6767725678934106,5.230601447280797e-05,3.067745046768142e-05,0.18938249675323196,2.012143600563313,10.060718002816564,0.6291955464349535,0.007960539941417365,629195.5464349535,6.251430250047716e-05,1.0
0.679026574224954,5.183213095689752e-05,3.086520518649109e-05,0.1889768016625359,2.0078987964350743,10.03949398217537,0.6298108242288134,0.007764427553885171,629810.8242288134,6.226906289273957e-05,1.0
0.6723548700339764,5.184983941416627e-05,3.071216898090745e-05,0.18862568000374313,2.007107717977928,10.03553858988964,0.6299255563231766,0.007176916330662836,629925.5563231766,6.262409603271574e-05,1.0
0.6827773609757102,5.26759088132177e-05,3.102549753201786e-05,0.18771452428326962,1.9950633526768273,9.975316763384136,0.6316749646662277,0.0071040132327669795,631674.9646662277,6.190275715663851e-05,1.0
0.0,5.166460805471885e-05,3.077729212217957e-05,0.18820605742094795,2.0026654716569445,10.013327358284721,0.6305702147803897,0.0069823296222855675,630570.2147803897,6.270914760627974e-05,0.0
0.6735713976509267,5.177048236340973e-05,3.099512654574424e-05,0.18817890811332416,2.004485804634318,10.02242902317159,0.6303059684499899,0.006663784676638185,630305.9684499899,6.255801509048461e-05,1.0
0.6669480525810977,5.104705105035496e-05,3.08581624265794e-05,0.18843448377564015,2.007014588087527,10.035072940437635,0.6299390645599776,0.006808032111257909,629939.0645599776,6.287233579816251e-05,1.0
0.6671327408562872,5.070894453258508e-05,3.0945866562637425e-05,0.1888799956531192,2.0118932001225076,10.059466000612538,0.6292318249028535,0.0069918162090918294,629231.8249028535,6.294772177853994e-05,1.0
0.0,5.051255143290126e-05,3.07883513306784e-05,0.18828792881424988,2.00523118198114,10.0261559099057,0.6301977986492644,0.006773656277764139,630197.7986492644,6.284957217495784e-05,0.0
0.6662496724472423,5.029204623252479e-05,3.078757709647681e-05,0.18717247075611487,1.989935975592308,9.94967987796154,0.632421174564596,0.006766116076825729,632421.174564596,6.237398021279992e-05,1.0
0.0,5.001930733804469e-05,3.0449417444039743e-05,0.18845534573984468,1.9997104398295882,9.998552199147941,0.6309994141390503,0.007910105618739643,630999.4141390503,6.286280319788198e-05,0.0
0.6607285753737957,5.0022524721471985e-05,3.0514696190565588e-05,0.18950670630081393,2.0066034151691206,10.033017075845603,0.6299987075340381,0.00901212013566592,629998.7075340381,6.291352957512157e-05,1.0
0.6637871516942835,4.9754446443727254e-05,3.051765861724215e-05,0.18885492947549098,2.0011177588330287,10.005588794165144,0.6307949736869057,0.008504832637887733,630794.9736869057,6.258953534124787e-05,1.0
0.6525594030734875,4.902812882242563e-05,3.0345259378675566e-05,0.18893661530385214,2.0051865056476688,10.025932528238343,0.6302042815941314,0.0080775122018357,630204.2815941315,6.322402473196642e-05,1.0
0.6540706949816739,4.9437501052238506e-05,3.0321845801184966e-05,0.18959488628240168,2.0176625099218946,10.088312549609473,0.6283964877544996,0.007586260319302987,628396.4877544997,6.35228524061107e-05,1.0
0.6585142099424987,4.982518711476818e-05,3.035561022801164e-05,0.1906805312732034,2.028696267754296,10.14348133877148,0.6268019995364963,0.008163062082903046,626801.9995364962,6.35743618904536e-05,1.0
0.6671216863208743,5.025027052748415e-05,3.016359090747187e-05,0.19015012649226398,2.0224767540348902,10.11238377017445,0.6277002832069292,0.008000536191457137,627700.2832069292,6.295464896656295e-05,1.0
0.0,4.947489786880243e-05,3.0121691516603533e-05,0.1891197159164831,2.0071396084998496,10.035698042499249,0.6299209307564599,0.008160362589426144,629920.93075646,6.312303913518392e-05,0.0
0.6570383132279897,4.963485898771845e-05,2.9817592104002987e-05,0.1886702416619718,1.993824664933885,9.969123324669425,0.6318551556803345,0.009195639004278063,631855.1556803344,6.260569695464447e-05,1.0
0.6500176785596385,4.9980151235867545e-05,3.052496017361123e-05,0.1884578133615402,1.9908309115056562,9.95415455752828,0.6322908671039569,0.00920649382703727,632290.8671039569,6.313420298386315e-05,1.0
0.0,4.94649471769304e-05,3.083219656820146e-05,0.18971832096443705,2.0056374646084145,10.028187323042072,0.6301388463825011,0.009575488311375184,630138.8463825011,6.359675451293154e-05,0.0
0.0,4.9480234857482854e-05,3.0897480868526895e-05,0.18931556598997007,1.9982402611948324,9.991201305974162,0.6312130569398577,0.009844188919797877,631213.0569398578,6.34255736297283e-05,0.0
0.6487280022457441,4.943249683767802e-05,3.1231165129399364e-05,0.1887389753088749,1.9923121774408423,9.961560887204211,0.6320752458478042,0.009553196465553944,632075.2458478041,6.329893333757979e-05,1.0
0.6380741167512277,5.036492223020859e-05,3.0612766083806246e-05,0.1885701910174406,1.9862968229108422,9.93148411455421,0.6329513313672326,0.010091713402113796,632951.3313672326,6.378351217808163e-05,1.0
0.0,5.13198718041107e-05,2.983320684077992e-05,0.18798912786602193,1.9812535784897385,9.906267892448692,0.6336867729974776,0.009665028729521427,633686.7729974776,6.295724366462156e-05,0.0
0.6457428217076382,5.0461296171363385e-05,2.971675538543935e-05,0.18834660953807686,1.9815162384790774,9.907581192395387,0.6336484489719993,0.010341668048153086,633648.4489719993,6.299959453615972e-05,1.0
0.0,5.169903375080011e-05,2.930885103464993e-05,0.18728818392842894,1.9690854119639785,9.845427059819892,0.6354647413477276,0.010041109204585464,635464.7413477276,6.258002901953958e-05,0.0
0.0,5.1207440215207446e-05,2.9251692356622434e-05,0.188005733958337,1.9805473032879684,9.902736516439841,0.6337898352435517,0.009801303160225708,633789.8352435518,6.27755904127056e-05,0.0
0.6509220898915353,5.167362805806701e-05,2.9328355501668455e-05,0.18765830525266555,1.9794881464421126,9.897440732210562,0.6339444226798767,0.009261033185207799,633944.4226798767,6.276866689059165e-05,1.0
0.655131240004353,5.212540448733754e-05,2.961791274113727e-05,0.18926865496390316,2.0046897292605235,10.023448646302617,0.630276372888289,0.00881368281609532,630276.3728882889,6.32932009516123e-05,1.0
0.0,5.1585051284169885e-05,2.928407529103196e-05,0.1883142696503143,1.9928602246898128,9.964301123449063,0.6319954876979805,0.008624026998609145,631995.4876979805,6.303038338309904e-05,0.0
0.0,5.179998415540604e-05,2.9418282991059343e-05,0.18888523445570515,2.0089016819142653,10.044508409571327,0.6296654032682714,0.007435872179681656,629665.4032682714,6.340016901974678e-05,0.0
0.0,5.171021760016489e-05,2.9434234239183825e-05,0.18984669029665505,2.022637102255845,10.113185511279225,0.6276771079721901,0.007370488565500225,627677.1079721901,6.332593453539308e-05,0.0
0.6612494625302778,5.195317825047779e-05,2.9549802347380075e-05,0.18941560179407074,2.0180675201222718,10.090337600611358,0.628337888087428,0.007169091675569462,628337.888087428,6.331090465381706e-05,1.0
0.6571048241239167,5.2029450836658546e-05,2.9402874715206392e-05,0.18932933150042291,2.0137555635847075,10.068777817923538,0.6289620523905182,0.007620715391363989,628962.0523905181,6.340073774287262e-05,1.0
0.662845372545873,5.25870315626105e-05,2.98297577628609e-05,0.18877106759000822,2.0042674741517144,10.021337370758571,0.6303376562726987,0.007879791452715123,630337.6562726987,6.297977884873027e-05,1.0
0.653728428704929,5.2572990702931324e-05,2.9802110013074765e-05,0.18794820116395422,1.9950839104162847,9.975419552081423,0.6316719745802027,0.007568376908111172,631671.9745802027,6.3293096738913e-05,1.0
0.649356285222832,5.243759385415954e-05,3.03383224798644e-05,0.1878645893097625,1.9951761727102104,9.975880863551051,0.631658555370711,0.007387733990235995,631658.555370711,6.366775484039025e-05,1.0
0.6460836666834995,5.293687409360494e-05,3.0094439434162446e-05,0.18785412330529394,1.9954796090984699,9.977398045492349,0.631614423680583,0.007322670291170827,631614.423680583,6.389275942939539e-05,1.0
0.6434243072114268,5.316833459416214e-05,3.031539884746586e-05,0.18709164256978214,1.9795464642470888,9.897732321235443,0.6339359100230211,0.008119195162585335,633935.910023021,6.37038616472806e-05,1.0
0.6448430276627907,5.347087459943934e-05,3.0291190326348386e-05,0.1886040644488896,2.0028905881954056,10.014452940977028,0.6305375300213262,0.007745658919105407,630537.5300213262,6.425218983094942e-05,1.0
0.0,5.3069163771321255e-05,3.0187043794821388e-05,0.18825402021857707,2.000237607859867,10.001188039299334,0.6309228249710939,0.007430865408247972,630922.8249710939,6.448467845145998e-05,0.0
0.6323059055238502,5.2485149105195594e-05,3.0372997521065223e-05,0.18804487602536327,2.000888978474842,10.004444892374208,0.6308282039735479,0.006917956024274437,630828.2039735479,6.492261433535372e-05,1.0
0.0,5.215158505146533e-05,3.027578552688704e-05,0.18724874929539437,1.9946088245712106,9.973044122856052,0.6317410785732821,0.006238577164070856,631741.0785732821,6.495000989413687e-05,0.0
0.0,5.179814265759573e-05,2.9471680215202103e-05,0.18717670059458044,1.9920465526888682,9.96023276344434,0.6321139062434413,0.006467307432602186,632113.9062434413,6.465317230893748e-05,0.0
0.6266449232874237,5.215527943877028e-05,2.8563386173945768e-05,0.18701378646660302,1.9886268405226486,9.943134202613242,0.6326118400162807,0.006639412949486747,632611.8400162807,6.449873490346169e-05,1.0
0.6269384497833481,5.26001658751419e-05,2.8973845098552067e-05,0.1873825148080344,1.9888249994539429,9.944124997269714,0.6325829760008459,0.007348005616914688,632582.9760008459,6.462012860882896e-05,1.0
0.6247936205976253,5.2470597412872865e-05,2.9363445733944935e-05,0.18767503853472162,1.988902600360583,9.944513001802914,0.6325716729389966,0.00792175000843986,632571.6729389966,6.48154020302592e-05,1.0
0.0,5.313664497402758e-05,2.994237910314282e-05,0.188896855047456,1.9971732118387822,9.98586605919391,0.631368163270625,0.009161873365536966,631368.1632706249,6.493706741242622e-05,0.0
0.0,5.3758146771429594e-05,2.9938273046595313e-05,0.18905599604944393,1.999501946972994,9.99750973486497,0.6310297074155679,0.009141699514455679,631029.7074155678,6.476508848432026e-05,0.0
0.6260391624639086,5.380468329420127e-05,2.955171714506404e-05,0.18951141598409507,2.0065547382375293,10.032773691187646,0.6300057687740783,0.009028600742268461,630005.7687740783,6.53611195659471e-05,1.0
0.6308852617620188,5.3317643742545724e-05,2.9434807649367456e-05,0.1891794483792649,2.0063255352547245,10.031627676273622,0.6300390187963266,0.008397915554856413,630039.0187963266,6.496974855482111e-05,1.0
0.6374785504988012,5.403897919241258e-05,2.94495388509885e-05,0.18952813846939515,2.008511550100689,10.042557750503445,0.6297219693887072,0.008778246327497448,629721.9693887072,6.468576719581128e-05,1.0
0.0,5.392769093305012e-05,2.91584366066832e-05,0.1893826469822763,2.0059282622718424,10.029641311359212,0.630096654557118,0.008861948521670668,630096.6545571181,6.417358708837382e-05,0.0
0.6500944006938578,5.3912219712604604e-05,2.9669840291441694e-05,0.19027510595071181,2.015840814369782,10.07920407184891,0.628660130802319,0.009210342703742597,628660.1308023189,6.409782803430344e-05,1.0
0.0,5.366417280554923e-05,3.034829434950598e-05,0.1902087256755611,2.018750222377546,10.093751111887729,0.6282391223889263,0.008656573740048546,628239.1223889263,6.451073054413207e-05,0.0
0.6407308323492688,5.314599418628964e-05,3.0484812672734915e-05,0.19016857205433801,2.0167944693848656,10.083972346924329,0.6285221002510849,0.008859244359760925,628522.1002510849,6.480524704657516e-05,1.0
0.0,5.2348754587406205e-05,3.0471857295270757e-05,0.19007095906864047,2.014579478651655,10.072897393258275,0.6288427411442618,0.008984659281542677,628842.7411442618,6.467995091166627e-05,0.0
0.0,5.2618213657436724e-05,3.007393005582301e-05,0.19001565739732565,2.013195495666152,10.06597747833076,0.6290431688212074,0.009074483615858667,629043.1688212074,6.474793637678824e-05,0.0
0.0,5.217414885733968e-05,3.053638162355336e-05,0.18985703125554723,2.0132360249895993,10.066180124947996,0.6290372984783518,0.008751360989446231,629037.2984783518,6.469743725688456e-05,0.0
0.6484266553062624,5.36604314946913e-05,3.054854603433701e-05,0.19010685482541495,2.012407693477618,10.06203846738809,0.6291572864431041,0.009370996093934006,629157.286443104,6.427180518865625e-05,1.0
0.6360512448533449,5.304418607349123e-05,3.0450825794127085e-05,0.19020266901669078,2.006571123055952,10.032855615279761,0.6300033919281628,0.010408729961544332,630003.3919281628,6.47520907733826e-05,1.0
0.6298954307183257,5.2354611114530725e-05,3.0586161504846905e-05,0.19046578805080583,2.014088706147516,10.07044353073758,0.628913807247553,0.009845383349164637,628913.807247553,6.530069608625302e-05,1.0
0.6286913927861112,5.2562588250046834e-05,3.0398724816053212e-05,0.19122608975345207,2.0220876919500475,10.110438459750236,0.6277565181650737,0.010208697671977823,627756.5181650737,6.554802698426392e-05,1.0
0.0,5.3275993224529546e-05,3.0434812871668692e-05,0.19175934774272896,2.0394845064900538,10.197422532450268,0.6252469031574102,0.008765598642868072,625246.9031574102,6.566626367733614e-05,0.0
0.0,5.324276818851057e-05,2.999337655898162e-05,0.19144709459499262,2.0326585192538054,10.163292596269025,0.6262304024547667,0.00912459164475194,626230.4024547667,6.53745506629773e-05,0.0
0.0,5.3464034034833994e-05,3.0319635184577718e-05,0.19142140356974166,2.03866973612025,10.19334868060125,0.6253642153641027,0.008207022503586025,625364.2153641027,6.526594166557979e-05,0.0
0.6408057900764025,5.247297964540796e-05,3.0281919168545463e-05,0.1898745976671674,2.018804968235018,10.094024841175091,0.6282312030452298,0.007980398379564676,628231.2030452299,6.475261317547606e-05,1.0
0.0,5.208476427965392e-05,3.0623921043364754e-05,0.19013844234896007,2.0267192995205368,10.133596497602683,0.6270873933831761,0.0073642780810962575,627087.3933831761,6.499779863060181e-05,0.0
0.6417273327647116,5.150626112949206e-05,3.055110176914497e-05,0.18901882312319007,2.0116190923800543,10.05809546190027,0.6292715405256195,0.007309186771999634,629271.5405256195,6.447135948109488e-05,1.0
0.0,5.052861298192828e-05,3.0499219821126878e-05,0.18852462286753455,2.00154339949673,10.007716997483652,0.6307331541506744,0.0077823998857435555,630733.1541506745,6.373952568970781e-05,0.0
0.0,5.057653083930166e-05,3.0125540196216752e-05,0.18832138670917323,2.004834784796954,10.024173923984769,0.6302553218378187,0.006898095256165173,630255.3218378187,6.442740920388237e-05,0.0
0.0,4.944358641171041e-05,3.035095648419786e-05,0.18780422172677277,1.9985230987467917,9.992615493733958,0.6311719500527385,0.00678039350628405,631171.9500527385,6.429474428499855e-05,0.0
0.0,4.879361670043248e-05,3.0081185368306976e-05,0.18715867649135587,1.9909691016718267,9.954845508359133,0.6322707482690386,0.006588101251750341,632270.7482690386,6.419623862185618e-05,0.0
0.0,4.854914746941712e-05,2.9933634948981068e-05,0.18724811125521787,1.9863015594134066,9.931507797067033,0.6329506410582155,0.007446863568651272,632950.6410582155,6.390438702797197e-05,0.0
0.6385297051231207,4.816252160205324e-05,2.9935276405826206e-05,0.18793275352039845,1.9938717881443235,9.969358940721618,0.6318482997604065,0.0077138068012033885,631848.2997604065,6.358010245079338e-05,1.0
0.0,4.839747542111571e-05,2.997293813281649e-05,0.18699089279841588,1.9846654484172597,9.923327242086298,0.6331891365117108,0.0071709221085426095,633189.1365117108,6.329028764340374e-05,0.0
0.0,4.8582316008644636e-05,2.9461650288094834e-05,0.1868842387301903,1.984430590806689,9.922152954033445,0.633223379016476,0.006991856476856557,633223.379016476,6.315397657178395e-05,0.0
0.6388248525160809,4.905756906143947e-05,2.9403175522686534e-05,0.1870498957898132,1.980955416145162,9.90477708072581,0.6337302798868858,0.007830071466512191,633730.2798868858,6.324909328342932e-05,1.0
0.6365024188344491,4.945260954656702e-05,2.9653681077825917e-05,0.18787555830788097,1.989535215535549,9.947676077677745,0.632479536079807,0.00823065269556896,632479.536079807,6.370090738260584e-05,1.0
0.6347239210362927,5.0033963750316375e-05,2.954710604591223e-05,0.18829573155338428,1.9982237287656663,9.991118643828331,0.6312154598036863,0.0078069229104548695,631215.4598036864,6.410837851738724e-05,1.0
0.0,5.003232527530552e-05,2.9488744398729987e-05,0.1869169408901681,1.979906436215992,9.899532181079959,0.633883367402718,0.007717249183054228,633883.367402718,6.390387219845562e-05,0.0
0.6234423063854427,5.018341222020775e-05,2.9547691326008206e-05,0.18767203564734689,1.9907594016793153,9.953797008396576,0.6323012783304953,0.007645349625189069,632301.2783304953,6.466817185142056e-05,1.0
0.0,5.0435500826763186e-05,2.9518949369723942e-05,0.18712963802121457,1.984836654581141,9.924183272905704,0.6331641756266783,0.007423451669107385,633164.1756266783,6.457907495963813e-05,0.0
0.6186228999076486,5.049761915892343e-05,2.9219415731613183e-05,0.18692214457760278,1.9875028434754851,9.937514217377425,0.6327755874023588,0.0066198765575643925,632775.5874023589,6.491633125633748e-05,1.0
0.6170817768264707,5.028906962078643e-05,2.922412357988085e-05,0.18612004372020627,1.9783636992021423,9.89181849601071,0.6341085807283056,0.00634866816871812,634108.5807283055,6.477143561826561e-05,1.0
0.6270925911632733,5.0117066961200814e-05,2.9537863059285e-05,0.1868062482629969,1.9825077712451973,9.912538856225986,0.6335037979322826,0.007116294458276445,633503.7979322827,6.423877993658437e-05,1.0
0.0,4.970594642281182e-05,2.9231753013919172e-05,0.1886205311411644,2.0083711053565043,10.041855526782522,0.6297423340432515,0.0069833963255803285,629742.3340432516,6.478548549145166e-05,0.0
0.6317173690662375,4.9922635909310494e-05,2.9134773386795045e-05,0.18870493247203715,2.0094753388622246,10.047376694311122,0.629582236639764,0.006992101583838262,629582.2366397639,6.450125371987273e-05,1.0
0.6295957426274358,4.987717560408171e-05,2.873758852187862e-05,0.1884229024529066,2.0046873549085165,10.023436774542581,0.6302767174697751,0.007122522375588284,630276.7174697751,6.440569671527501e-05,1.0
0.0,4.954804521668169e-05,2.904525133658815e-05,0.18883089740623266,2.0022719954635906,10.011359977317953,0.6306273478129673,0.00828914262543258,630627.3478129673,6.406223942450653e-05,0.0
0.6305922295630236,4.922596190268576e-05,2.9036638847805024e-05,0.18777853900267072,1.9875362559819387,9.937681279909693,0.632770719153291,0.008327797158632409,632770.719153291,6.383544141371599e-05,1.0
0.6238256802593585,4.863624330074065e-05,2.8800846180767164e-05,0.18914066306684468,2.0022751637239447,10.011375818619722,0.6306268877585621,0.008908213892251516,630626.8877585621,6.445528183642467e-05,1.0
0.0,4.915293910534444e-05,2.8852508937194774e-05,0.18922581714667475,2.0053584915254317,10.026792457627158,0.6301793252350314,0.008630959528380886,630179.3252350314,6.484546799040138e-05,0.0
0.6127897757959105,4.9209189158003445e-05,2.851437869398224e-05,0.18840494652689135,1.9947623426319447,9.973811713159723,0.6317187476537793,0.008528640707562023,631718.7476537793,6.501211262247616e-05,1.0
0.0,4.879360536505674e-05,2.8234042460664475e-05,0.18769040786429322,1.9847039128780182,9.92351956439009,0.6331835285263795,0.008564344254965925,633183.5285263795,6.419498357227319e-05,0.0
0.0,4.9222007132556614e-05,2.783132155249565e-05,0.18754467102806177,1.9851626584119462,9.92581329205973,0.6331166488428184,0.008205990898941914,633116.6488428183,6.379520448513089e-05,0.0
0.0,4.8957342585008294e-05,2.7554661350178517e-05,0.1882118698675793,1.9947793591770921,9.97389679588546,0.631716272455503,0.008140012190661596,631716.272455503,6.487064379963282e-05,0.0
0.6069393863995604,4.8274945419802015e-05,2.8010769398374887e-05,0.18762188241165648,1.9833738729061807,9.916869364530903,0.6333774725914421,0.008621237414755,633377.472591442,6.48283405624138e-05,1.0
0.6077357485480339,4.882005765601554e-05,2.783061851102261e-05,0.18827062483655632,1.9948404888667288,9.974202444333644,0.6317073807128013,0.008248630385913959,631707.3807128014,6.511746047794642e-05,1.0
0.6087082640159266,4.8575108008112174e-05,2.8013873677597602e-05,0.18822901682267074,1.9940273435698253,9.970136717849126,0.631825668648336,0.0082837022936775,631825.668648336,6.504181413349183e-05,1.0
0.6083882422094328,4.839915630284553e-05,2.7802705778058872e-05,0.1877546715976639,1.9848443628483576,9.924221814241788,0.6331630518283041,0.008672395023631915,633163.0518283041,6.473135896044173e-05,1.0
0.619872190059064,4.845176318696321e-05,2.807451178622666e-05,0.18724284041939337,1.9804705713256607,9.902352856628303,0.6338010332599662,0.008286714098752904,633801.0332599662,6.397968520732903e-05,1.0
0.0,4.9054022534619e-05,2.7805196950222734e-05,0.188835549719069,1.9983466986704448,9.991733493352223,0.6311975872749473,0.008868686713085324,631197.5872749473,6.414553124107784e-05,0.0
0.0,4.908296072935978e-05,2.7860861389546806e-05,0.18785707523763537,1.9844976313315823,9.922488156657911,0.6332136042434086,0.008927754718679279,633213.6042434085,6.372201300376854e-05,0.0
0.6289044528704208,4.850174295169997e-05,2.7919499554716554e-05,0.18731514712628314,1.977488749145489,9.887443745727445,0.6342363440900698,0.008866638342636048,634236.3440900698,6.328984154206852e-05,1.0
0.6367823055868947,4.880364659472206e-05,2.8659451164550202e-05,0.187552051347752,1.9874648100089285,9.937324050044642,0.6327811289773793,0.007885231672883219,632781.1289773793,6.332664981022105e-05,1.0
0.0,4.858507880069676e-05,2.8875389727653246e-05,0.1876557036416292,1.9898800842432864,9.949400421216431,0.6324293135351604,0.007740720818418818,632429.3135351604,6.412185050147422e-05,0.0
0.0,4.955733921044756e-05,2.87200107288014e-05,0.18720932152091022,1.98217007437584,9.9108503718792,0.6335530595683027,0.007971702610123093,633553.0595683027,6.38061073744103e-05,0.0
0.0,4.956563256523966e-05,2.8951125203320525e-05,0.1883948362745934,1.9921746052519713,9.960873026259856,0.632095268518135,0.008884941067321865,632095.2685181351,6.409461953849332e-05,0.0
0.0,4.845680216498554e-05,2.9613555040399678e-05,0.18929513853978197,2.0024540704786236,10.012270352393118,0.6306009097434673,0.009191186823031234,630600.9097434672,6.437856196651687e-05,0.0
0.6237599813429978,4.8666348607763666e-05,2.9132393112446395e-05,0.1898217199737825,2.005718895754232,10.02859447877116,0.6301270312548948,0.009770471202459784,630127.0312548948,6.459067624390297e-05,1.0
0.6287396178450656,4.966532053173851e-05,2.889700063742685e-05,0.18906884668716442,1.9994805519633123,9.997402759816561,0.6310328161172708,0.009170509491599619,631032.8161172708,6.424257874236801e-05,1.0
0.6252287095866003,5.045997426537643e-05,2.8847991356944323e-05,0.18871305592583099,1.9949078947257026,9.974539473628512,0.6316975762022792,0.00912368805394115,631697.5762022792,6.445724538697366e-05,1.0
0.6251682813482384,5.136625192444718e-05,2.8745905061662852e-05,0.18924137552818102,1.9978564974841726,9.989282487420862,0.6312688364576647,0.00975158751402676,631268.8364576647,6.461233815364081e-05,1.0
0.6309232112342502,5.082904679326751e-05,2.8671159950930634e-05,0.18807013238491835,1.9847800769223551,9.923900384611775,0.6331724242187096,0.009312688988546263,633172.4242187096,6.384595981314725e-05,1.0
0.6313430809301955,5.126854205539055e-05,2.830646707223405e-05,0.18930686511818473,1.998362324195239,9.991811620976195,0.6311953162868924,0.009809046523261889,631195.3162868924,6.41087356373987e-05,1.0
0.633509530998099,5.088217394441438e-05,2.8761524546854372e-05,0.19072758539482002,2.015397168598093,10.076985842990464,0.6287243537354568,0.010179524525096817,628724.3537354567,6.443996870061814e-05,1.0
0.0,5.097667516523455e-05,2.83595114763743e-05,0.19060132650988826,2.0127296767277283,10.063648383638641,0.6291106428390433,0.010313295858819791,629110.6428390433,6.426673097754653e-05,0.0
0.0,5.032066544756e-05,2.8332257403960064e-05,0.19075540985227787,2.016036128117482,10.08018064058741,0.6286318589245197,0.010142678629075409,628631.8589245196,6.446321152177023e-05,0.0
0.6290208325980732,4.999202425616744e-05,2.867936143340907e-05,0.19134130058775756,2.0275734259836256,10.137867129918128,0.6269640763036926,0.009646677479207683,626964.0763036925,6.490081535880092e-05,1.0
0.0,4.9654060422362286e-05,2.8696718747597136e-05,0.19315743675463906,2.04657756584963,10.232887829248149,0.6242265600673971,0.010541433576675186,624226.5600673971,6.548668518611102e-05,0.0
0.6247938432673344,5.011025685398635e-05,2.8428966122574363e-05,0.19436022125551553,2.061215827887544,10.30607913943772,0.6221260936529727,0.010846536164003698,622126.0936529727,6.590787142368474e-05,1.0
0.0,5.050841127774145e-05,2.805578410321069e-05,0.19310329044941674,2.0426361361962053,10.213180680981026,0.6247933326042279,0.010999913503061348,624793.3326042278,6.542152092916819e-05,0.0
0.0,5.063665291685203e-05,2.8025668662338142e-05,0.19270162369223146,2.038627876589006,10.193139382945029,0.6253702429744361,0.010773490358898996,625370.2429744361,6.462883998726925e-05,0.0
0.6304028464584746,4.994870914948729e-05,2.783804641933624e-05,0.19300807279043375,2.0428622015720577,10.214311007860289,0.6247608107856485,0.010776956366516004,624760.8107856485,6.493480303907613e-05,1.0
0.6286337288926618,4.9793915249522685e-05,2.794285481846041e-05,0.19262406200642787,2.037062784571597,10.185313922857986,0.6255956518613149,0.010843775874170701,625595.6518613149,6.489905888260107e-05,1.0
0.6316209249381457,4.942497870306087e-05,2.7563562377773948e-05,0.1939438133869161,2.054149196330569,10.270745981652844,0.6231392114252219,0.011026838199054074,623139.2114252219,6.499134100820776e-05,1.0
0.6327233353788188,4.98713170073469e-05,2.7856201851284757e-05,0.19520646541838607,2.069359964131984,10.34679982065992,0.6209605407425368,0.01137347157930896,620960.5407425368,6.542303266476326e-05,1.0
0.6320553333647025,5.046298309360855e-05,2.79337426712084e-05,0.19431387591469793,2.059813463436757,10.299067317183784,0.6223270145553994,0.010954766384795235,622327.0145553994,6.534497102047738e-05,1.0
0.6290775171405487,5.098191622475182e-05,2.8032018736089976e-05,0.19373554659040748,2.0569931939689647,10.284965969844823,0.6227312793935409,0.010202372574355828,622731.2793935409,6.558884571465892e-05,1.0
0.6282683600101068,5.058466819054828e-05,2.8503701394840182e-05,0.1931348653345586,2.048357788727689,10.241788943638445,0.6239707348793883,0.01024046554850546,623970.7348793882,6.54827706992705e-05,1.0
0.6244780684830536,4.920320826559257e-05,2.840228871743182e-05,0.19248593306270048,2.045439348512074,10.227196742560368,0.624390181443472,0.00936204756887297,624390.181443472,6.546081371630346e-05,1.0
0.0,4.8335663151215694e-05,2.8216497934663214e-05,0.19218393249497245,2.0422762380484984,10.211381190242491,0.6248451111300538,0.009212976119998691,624845.1111300538,6.561927104989426e-05,0.0
0.6217148051752394,4.907976337723248e-05,2.808783888746589e-05,0.1926895275219913,2.050973292434997,10.254866462174984,0.6235950666385602,0.008974121682542836,623595.0666385603,6.569348810152485e-05,1.0
0.0,4.889754064002792e-05,2.8068324138859592e-05,0.19211085575180484,2.0410691799489586,10.205345899744794,0.6250188018413831,0.009240513344992814,625018.8018413831,6.552110313943942e-05,0.0
0.6220558501604908,4.8544227518094806e-05,2.8079668187645002e-05,0.1906659885366116,2.014080300300422,10.07040150150211,0.6289150245226129,0.010247001595836112,628915.0245226129,6.461015971715055e-05,1.0
0.6193556445662367,4.939467311445103e-05,2.786886550291157e-05,0.18899296201696636,1.9977532634720654,9.988766317360326,0.6312838422180349,0.009269766251967609,631283.8422180349,6.448990976453522e-05,1.0
0.6262528433932236,5.003935962490617e-05,2.7304562616943422e-05,0.18882383689771584,1.9875151820755566,9.937575910377783,0.6327737896466558,0.010421463442087458,632773.7896466558,6.370012283179083e-05,1.0
0.6225768099326462,5.0050796793367936e-05,2.7190192664340843e-05,0.18830153382890172,1.981207962544075,9.906039812720374,0.6336934289358828,0.010296496593686196,633693.4289358828,6.374721863015085e-05,1.0
0.623431261512589,4.990307931196859e-05,2.7354336510940094e-05,0.1885494548690452,1.9834555472993456,9.917277736496727,0.6333655612648084,0.010464471002898762,633365.5612648084,6.376438054625603e-05,1.0
0.6202521615720308,4.983896711932266e-05,2.744812727259734e-05,0.18742693579588113,1.97298849729807,9.86494248649035,0.6348938939122667,0.009747765504028928,634893.8939122667,6.374876065816658e-05,1.0
0.0,4.995576917612994e-05,2.785903106809314e-05,0.18683178411029852,1.9614177214495094,9.807088607247547,0.6365876777584645,0.01025124597906151,636587.6777584645,6.317684698632089e-05,0.0
0.630956935292633,5.075667743326714e-05,2.8488496409920415e-05,0.18621438951615638,1.9528948928439982,9.76447446421999,0.6378381782953434,0.010266957327656142,637838.1782953434,6.294794326582633e-05,1.0
0.6328281994340413,5.0952777596720415e-05,2.874652661315955e-05,0.185445384976924,1.9426804549755206,9.713402274877602,0.6393401145216608,0.010230884475508876,639340.1145216608,6.266825992713924e-05,1.0
0.6346088313858214,5.129673656130558e-05,2.9186352273618826e-05,0.18463480312472402,1.9382819084330536,9.691409542165268,0.6399879679790992,0.009257574228547222,639987.9679790991,6.264643636053768e-05,1.0
0.0,5.185543688461455e-05,2.9432657515825385e-05,0.18431134613389144,1.9335433963054418,9.667716981527208,0.6406866288831171,0.009309321150899991,640686.6288831171,6.216991719915877e-05,0.0
0.0,5.123349014641005e-05,2.9956974142287092e-05,0.18513543627891518,1.9417630965490709,9.708815482745354,0.6394751763319599,0.009746048889790278,639475.1763319599,6.252964758584435e-05,0.0
0.6528620584916545,5.158625128971887e-05,3.051309074972873e-05,0.18443549602849063,1.9330325407673934,9.665162703836966,0.6407619965372716,0.009632988594252878,640761.9965372717,6.171790404943834e-05,1.0
0.6567667625545296,5.1407241886593686e-05,3.078817848596783e-05,0.18456767723288375,1.9307959236687477,9.653979618343739,0.6410920740294224,0.010227428495189896,641092.0740294224,6.143379419423192e-05,1.0
0.0,5.012104945097543e-05,3.098432896017585e-05,0.18454837031231788,1.9267297783962052,9.633648891981025,0.641692586886596,0.01078932751123178,641692.586886596,6.0840043638226333e-05,0.0
0.6558665132585991,4.9054543690963014e-05,3.0903072729391125e-05,0.1850852726157536,1.9362840325886568,9.681420162943283,0.6402824480381295,0.010452993269636722,640282.4480381295,6.131392982937689e-05,1.0
0.6522135294696206,4.856439401138441e-05,3.087261009051413e-05,0.1854597299537679,1.9360155591767065,9.680077795883532,0.6403220304261069,0.011241490333642683,640322.0304261069,6.140912064703764e-05,1.0
0.0,4.885871774545301e-05,3.075380668929877e-05,0.18632637066065552,1.9478022152271643,9.73901107613582,0.6385865666878213,0.01123930800913237,638586.5666878213,6.18204240090163e-05,0.0
0.0,4.8938443173214094e-05,3.092510603878131e-05,0.1855550126694297,1.937322469162573,9.686612345812865,0.6401293691354842,0.011239394474343639,640129.3691354842,6.197787980370934e-05,0.0
0.6458516113397084,4.905185766333764e-05,3.069049950679788e-05,0.18562336081066463,1.9380823536949734,9.690411768474867,0.6400173755748289,0.011264097196158132,640017.3755748288,6.187119805477792e-05,1.0
0.6454071846129881,5.004629225141424e-05,3.061935765372795e-05,0.18529477934678157,1.9335617964507748,9.667808982253874,0.6406839144341424,0.011273473127705533,640683.9144341424,6.191267704384868e-05,1.0
0.642592340616304,4.941082159895605e-05,2.99004195350999e-05,0.18381715766018647,1.9226300995429033,9.613150497714516,0.6422986216664492,0.009932936986822167,642298.6216664492,6.162771868265324e-05,1.0
0.645443046433515,4.9408888489885064e-05,3.0419338112829653e-05,0.1838359485799031,1.9235023871421946,9.617511935710972,0.6421696278881847,0.009841525047990863,642169.6278881846,6.159241618235333e-05,1.0
0.6401398785731476,4.957292848149427e-05,3.0344808975797164e-05,0.18488783390449862,1.9423616169817028,9.711808084908514,0.6393870535022026,0.009162721311199818,639387.0535022026,6.242578754788873e-05,1.0
0.6297301508642638,4.921333335359522e-05,3.0474586927482195e-05,0.1847593423973031,1.9349852966128074,9.674926483064036,0.6404739499414774,0.00999263473608366,640473.9499414774,6.282860840522003e-05,1.0
0.6335216217552578,4.9243230059064785e-05,3.0902431197345974e-05,0.18515783510338835,1.9350110408621735,9.675055204310867,0.6404701533304459,0.010785823537222586,640470.1533304459,6.265073249279718e-05,1.0
0.6283375162812753,4.845839079084132e-05,3.097447060463141e-05,0.1844900171537288,1.9231885038490046,9.615942519245023,0.6422160419252483,0.011196076232705928,642216.0419252482,6.255977581549906e-05,1.0
0.0,4.9194176083662005e-05,3.138828430316681e-05,0.18345165088945387,1.9101324560529844,9.550662280264921,0.6441496192104746,0.011052920989382365,644149.6192104747,6.227950843000711e-05,0.0
0.6284055111969429,4.886948528572355e-05,3.098799727345806e-05,0.1827382650643555,1.9040572836384957,9.520286418192478,0.6450513249725819,0.010527855101292869,645051.3249725819,6.217643890580638e-05,1.0
0.0,4.990779566239833e-05,3.168745030486821e-05,0.18237685999235326,1.901476307849434,9.50738153924717,0.6454347875139227,0.010188507498629209,645434.7875139227,6.2134567693493e-05,0.0
0.6357685688272259,4.9893402587191636e-05,3.1979834358317476e-05,0.18270563862035186,1.8993909512831337,9.496954756415668,0.645744781061166,0.01115605830186964,645744.781061166,6.193055718195201e-05,1.0
0.655433839120258,5.04095613181474e-05,3.200299841889712e-05,0.1825025856805094,1.8991428821066787,9.495714410533393,0.6457816670815535,0.010786838442572267,645781.6670815535,6.079994561626665e-05,1.0
0.0,5.037471865728887e-05,3.239046225030681e-05,0.18082848809194507,1.8846766980575116,9.423383490287558,0.6479363278126377,0.00959330399652779,647936.3278126377,6.087230634114502e-05,0.0
0.6526426680669664,5.0351852368012834e-05,3.1992062539503864e-05,0.18079508280596737,1.8807237019812917,9.403618509906458,0.6485263550589052,0.01011652067083993,648526.3550589052,6.052995388514366e-05,1.0
0.6526332943521962,5.0052800654041575e-05,3.1865636825082936e-05,0.1817213210211197,1.8881268126757025,9.440634063378512,0.6474217997719927,0.010864441814232078,647421.7997719926,6.061232728230652e-05,1.0
0.6549613444636277,5.0111306605643884e-05,3.226159920750199e-05,0.18128075161810048,1.876781825693243,9.383909128466215,0.6491152575853297,0.011676760821530697,649115.2575853297,6.0234431598431324e-05,1.0
0.6573694736071255,5.026807982073803e-05,3.165624916908346e-05,0.18144232000431826,1.8756947322309274,9.378473661154636,0.6492777595985882,0.012162399607224747,649277.7595985882,5.994581552477542e-05,1.0
0.6555724238054819,4.9870588969865685e-05,3.1791261518189436e-05,0.18212556549443787,1.8811092751856895,9.405546375928447,0.6484687804648219,0.012719911453697642,648468.780464822,6.013218219686311e-05,1.0
0.6564442773630983,4.981065498253843e-05,3.191508913577919e-05,0.1817048444926718,1.8756644204617388,9.378322102308694,0.6492822912763069,0.01269198026165046,649282.2912763068,5.99606780917933e-05,1.0
0.0,4.95093924498591e-05,3.246755509811026e-05,0.18159973050310202,1.8815663760141126,9.407831880070562,0.6484005318384676,0.011599992844671619,648400.5318384676,5.9871884835348786e-05,0.0
0.662951441277034,5.066903663566934e-05,3.194331737023138e-05,0.18063058425005624,1.8687237856999799,9.343618928499899,0.6503207650084157,0.011581933508528193,650320.7650084157,5.957895617379096e-05,1.0
0.0,5.061079051800014e-05,3.2387340339936247e-05,0.18163078323056783,1.8802338057153023,9.401169028576511,0.6485995147634317,0.011861081224567338,648599.5147634317,5.9839575435660684e-05,0.0
0.6611874891119207,5.137119078348841e-05,3.217175231019285e-05,0.18203005909373746,1.8862871369319334,9.431435684659666,0.647696106384318,0.011756224571792866,647696.106384318,6.025258568160732e-05,1.0
0.6676316293217439,5.12459558024148e-05,3.1994214426015435e-05,0.18217831660547482,1.8891180482283894,9.445590241141947,0.6472740488100376,0.011630682020987201,647274.0488100376,5.989933548254802e-05,1.0
0.6714100215115177,5.135068050713396e-05,3.158772882140719e-05,0.18292290144639461,1.9025838675268802,9.5129193376344,0.645270206468269,0.011116009361058296,645270.206468269,5.9980936483205996e-05,1.0
0.6654686372653411,5.066298486116865e-05,3.122961863373897e-05,0.18256135936491727,1.9012386995839763,9.506193497919881,0.6454701010723666,0.010592819802201116,645470.1010723666,6.0156569771983946e-05,1.0
0.6680633563412746,5.042618886801134e-05,3.1326082965300365e-05,0.18270245678160324,1.8970353644676778,9.485176822338389,0.6460951241003337,0.011500037663540129,646095.1241003337,5.984705146539432e-05,1.0
0.6712937943578458,5.052293242604574e-05,3.096586173155995e-05,0.18432805070891356,1.9128201000192968,9.564100500096483,0.6437511086773823,0.012407210095209398,643751.1086773822,5.996222582834722e-05,1.0
0.6769636661293096,5.130547569300476e-05,3.116862979702462e-05,0.185793359238565,1.9329713560412587,9.664856780206293,0.6407710238505522,0.012357742327682159,640771.0238505522,6.0286085480036385e-05,1.0
0.6768781388253859,5.13903575679828e-05,3.09463673869932e-05,0.18542723357155744,1.927377551859256,9.636887759296279,0.6415968821405601,0.01245134928367498,641596.8821405601,6.0116710728899404e-05,1.0
0.6780119966398629,5.205441059721964e-05,3.056352989749874e-05,0.1851807739159484,1.9276925684509927,9.638462842254963,0.6415503454375862,0.01191189326948297,641550.3454375862,6.009678702422436e-05,1.0
0.678903571693469,5.233368694037671e-05,3.03939165556408e-05,0.18619979168624265,1.9395891425145875,9.697945712572936,0.6397953594565777,0.012194942829063037,639795.3594565777,6.033312438872453e-05,1.0
0.6856721973423301,5.310071387130152e-05,3.0487050382054876e-05,0.18664918831603403,1.9400159096461878,9.700079548230939,0.6397324919262208,0.013030868558288876,639732.4919262208,6.003835610596275e-05,1.0
0.6814837925589676,5.300917848522296e-05,3.0394103395834474e-05,0.18676242397418885,1.947161476540644,9.73580738270322,0.638680787848773,0.012205635797150753,638680.7878487731,6.045818378920405e-05,1.0
0.0,5.41441062708444e-05,3.0396484363417625e-05,0.18750721679764587,1.956022282984715,9.780111414923574,0.6373790311357672,0.012393464731058935,637379.0311357672,6.108198694146937e-05,0.0
0.6866523054252444,5.3818526043970454e-05,3.0597416914700095e-05,0.1872697655346441,1.9512787915694554,9.756393957847276,0.638075575488472,0.012615106557760276,638075.575488472,6.038664245283483e-05,1.0
0.0,5.335892460599221e-05,3.091019501189118e-05,0.18775487676327815,1.9564459623720687,9.782229811860343,0.6373168541574934,0.012826607684049699,637316.8541574934,6.005766608440114e-05,0.0
0.6867032359409256,5.268671968902785e-05,3.0798962519076526e-05,0.18819668027421593,1.957255116179528,9.78627558089764,0.637198123815861,0.01359148436429294,637198.1238158611,6.039582168151812e-05,1.0
0.0,5.379849763102633e-05,3.0469716664022146e-05,0.18783870680619066,1.945941327922,9.729706639609999,0.6388602501707114,0.014537663783092658,638860.2501707113,6.059462700172705e-05,0.0
0.0,5.413225146471475e-05,3.0483150674418457e-05,0.18708591827991572,1.937125974899276,9.68562987449638,0.640158332108663,0.014330168668494474,640158.332108663,5.9736567608573985e-05,0.0
0.6858261715248277,5.3882546068730304e-05,3.061468253676131e-05,0.18682251458308197,1.931859286157327,9.659296430786634,0.6409351229650389,0.014580152131202763,640935.1229650389,5.986336297568707e-05,1.0
0.6764767611693391,5.442940649579245e-05,3.0164171294234498e-05,0.1875825300027996,1.9425072989422063,9.712536494711031,0.6393656059358426,0.014530665941441737,639365.6059358426,6.062958964480861e-05,1.0
0.6810326394867575,5.468466445843549e-05,2.9893705379247532e-05,0.18817050664634266,1.9532707345864955,9.766353672932476,0.6377829816834577,0.014123994976143054,637782.9816834577,6.063861371274093e-05,1.0
0.6735021086723804,5.557403490495458e-05,2.96800752028737e-05,0.18881563573376042,1.9617044490779816,9.808522245389907,0.6365456506875399,0.0141769221550607,636545.6506875398,6.132722001613448e-05,1.0
0.6723813689161885,5.4688637790485534e-05,2.9624127042200114e-05,0.18932018127913233,1.966871467129078,9.83435733564539,0.635788770917945,0.01442913347620961,635788.770917945,6.139730500736418e-05,1.0
0.6695373257552042,5.44621849805187e-05,2.9403334330268077e-05,0.1896806076719929,1.971662300858061,9.858311504290304,0.6350877998054081,0.014449015149393911,635087.7998054081,6.160695661117795e-05,1.0
0.6740601550303811,5.414168058893691e-05,2.9627379861191783e-05,0.18966011204584907,1.975004659336448,9.87502329668224,0.6345992201499648,0.013919444241662974,634599.2201499648,6.146843759697897e-05,1.0
0.0,5.307200563895387e-05,2.9153292303530424e-05,0.189839169260757,1.9795805367039354,9.897902683519677,0.6339309365153879,0.013609275036901876,633930.9365153878,6.188127666670121e-05,0.0
0.6604061368997615,5.354072912856464e-05,2.8696310848301487e-05,0.19006562033590596,1.984742551806499,9.923712759032494,0.6331778951542646,0.01330913582607651,633177.8951542646,6.225282741456789e-05,1.0
0.6514349549074843,5.333471626809167e-05,2.862221798788202e-05,0.1888187908179601,1.9710034791130953,9.855017395565476,0.6351841494961694,0.012821731132089629,635184.1494961694,6.241407813156364e-05,1.0
0.0,5.363783754522311e-05,2.8597077786882422e-05,0.1883330218990539,1.963680938071391,9.818404690356955,0.6362560225021429,0.012922066300250671,636256.0225021428,6.264041699317938e-05,0.0
0.6461515534159665,5.474496676148346e-05,2.8188743069287343e-05,0.18770706373129212,1.9541181030651427,9.770590515325713,0.6376585535598079,0.013072681022392197,637658.553559808,6.23676332339301e-05,1.0
0.630152771944547,5.4473445580339984e-05,2.8042943555107328e-05,0.18880015932735722,1.96610719108038,9.8305359554019,0.6359006675476735,0.013500986202387951,635900.6675476735,6.356958040571957e-05,1.0
0.6240243627149687,5.4173400177404605e-05,2.7961771538779455e-05,0.18980885395331598,1.9833260482946085,9.916630241473042,0.6333844473976279,0.013002155304259877,633384.4473976279,6.435695161804319e-05,1.0
0.0,5.414926425871851e-05,2.7884546723897223e-05,0.18807325164115163,1.9619690481245948,9.809845240622973,0.636506869572757,0.012653372855060283,636506.869572757,6.392970541609299e-05,0.0
0.6284602636510536,5.455990265003584e-05,2.7972420234406066e-05,0.18963553508666187,1.9783778132808196,9.891889066404097,0.634106519950601,0.013377590123924695,634106.5199506009,6.398316864144296e-05,1.0
0.635227270037628,5.418534808438005e-05,2.7814498164390878e-05,0.1896555014921484,1.9796774707505183,9.898387353752591,0.6339167874051129,0.01322779038940974,633916.7874051129,6.350617579322869e-05,1.0
0.0,5.378616032412638e-05,2.8301559091105544e-05,0.1903985954102345,1.9902111195270948,9.951055597635474,0.6323811092757784,0.013178300096247363,632381.1092757784,6.329572387503078e-05,0.0
0.651071804642533,5.4239031752764535e-05,2.8481989301203506e-05,0.1907057945986497,1.9954715686824018,9.977357843412008,0.6316155930363252,0.01302718223362459,631615.5930363252,6.311632654009903e-05,1.0
0.6436013796088307,5.4343570779628265e-05,2.827021545898704e-05,0.19201102779183377,2.009966087844753,10.049830439223765,0.6295110984146454,0.013533153998312921,629511.0984146454,6.38672895694641e-05,1.0
0.639297323624402,5.323433523253329e-05,2.8333164597817572e-05,0.1924061836213925,2.011864190421433,10.059320952107164,0.6292360280159192,0.014048395258704178,629236.0280159191,6.402850606041545e-05,1.0
0.6413643857604991,5.255695262814807e-05,2.8403705901442902e-05,0.19163747161522837,1.9979923620248752,9.989961810124376,0.6312490881733678,0.014524031403824519,631249.0881733678,6.346306036949338e-05,1.0
0.6456124677914687,5.325643150749871e-05,2.8800048225763378e-05,0.19152498319534544,1.9969757659466456,9.984878829733228,0.6313968681907359,0.014446834581426803,631396.8681907359,6.33666197378912e-05,1.0
0.0,5.339226701888815e-05,2.8643932532573205e-05,0.19164141691648173,2.0021928110887806,10.010964055443903,0.6306388460680903,0.013921679901053766,630638.8460680903,6.33908774337817e-05,0.0
0.64329545032667,5.294332371299176e-05,2.8901255491237914e-05,0.19192348009972485,1.9999893438516616,9.999946719258308,0.6309588926424626,0.014805852841912317,630958.8926424626,6.354908481087958e-05,1.0
0.6477403634086427,5.279925241011444e-05,2.8935786724147898e-05,0.19256694099500576,2.006566874196155,10.032834370980774,0.6300040082835403,0.01513789027355183,630004.0082835403,6.34188967164694e-05,1.0
0.6483175070646678,5.274988569831298e-05,2.940454094459957e-05,0.19234421444219407,2.0057785628258276,10.028892814129136,0.6301183740929964,0.014806802977384598,630118.3740929965,6.347900035081478e-05,1.0
0.6489140672623381,5.306275466448681e-05,2.98037175614994e-05,0.1922113964735441,1.999707898378162,9.99853949189081,0.6309997833942209,0.015422576341309112,630999.7833942209,6.339056874680376e-05,1.0
0.6525480502512757,5.2322367873767674e-05,2.9866737001647192e-05,0.19123378108372108,1.9888539565774837,9.944269782887417,0.6325787581894112,0.015046320356853382,632578.7581894113,6.283660237299394e-05,1.0
0.6432717903927914,5.185544594695709e-05,2.979071747530943e-05,0.1912667615961996,1.9851587236206005,9.925793618103002,0.6331172224589114,0.01565074565131064,633117.2224589115,6.319831828866383e-05,1.0
0.6455303675226178,5.195481490544964e-05,2.994688489870708e-05,0.19175052786880215,1.987501265645192,9.93750632822596,0.6327758172953724,0.016276873032976674,632775.8172953724,6.31368234733587e-05,1.0
0.6510222683611958,5.1865801317092927e-05,2.989381219259479e-05,0.19004501958302714,1.9681573222897286,9.840786611448642,0.6356005550204223,0.015690594186476614,635600.5550204223,6.232641401546067e-05,1.0
0.6493345990063033,5.2114414882069424e-05,3.0400028080536394e-05,0.18960889272721065,1.9609934117367835,9.804967058683918,0.6366498759998362,0.015867661454257564,636649.8759998363,6.238073062632876e-05,1.0
0.0,5.145737288574824e-05,3.041556854237877e-05,0.18833631812798268,1.941806623054304,9.70903311527152,0.6394687673211877,0.016141403577153077,639468.7673211878,6.189029167575498e-05,0.0
0.0,5.160678976616893e-05,3.0285564381777345e-05,0.18855980442410017,1.9367997420534377,9.683998710267188,0.6402064212572028,0.017326030105403182,640206.4212572029,6.186074562254309e-05,0.0
0.652672023996162,5.212044578053429e-05,3.014196856831962e-05,0.18927514748065194,1.950036894555241,9.750184472776205,0.6382580639831743,0.01680835894447819,638258.0639831743,6.180745545360656e-05,1.0
0.0,5.2321446138498245e-05,2.9775218521393613e-05,0.1887660446013373,1.9391749928468478,9.695874964234239,0.639856374201411,0.01738846340408554,639856.3742014109,6.175850212459482e-05,0.0
0.6382579366071321,5.234457308560908e-05,2.9946681889393736e-05,0.18930352575994128,1.9474230904485244,9.737115452242621,0.6386423156251381,0.017249367145020605,638642.3156251381,6.259085052792562e-05,1.0
0.0,5.224973982261391e-05,2.970174489081401e-05,0.19108527595690653,1.9769628799126773,9.884814399563385,0.6343131457965169,0.016483697710329908,634313.1457965169,6.291238968025986e-05,0.0
0.0,5.178731944977588e-05,3.0037154468654055e-05,0.19208369053394211,1.991959003626997,9.959795018134985,0.632126649103322,0.016294030171206165,632126.649103322,6.336378906126585e-05,0.0
0.0,5.171557376456047e-05,2.9648530863080503e-05,0.19213021760679808,1.9934549573583693,9.967274786791846,0.6319089467347357,0.016169381948331896,631908.9467347357,6.313429871653334e-05,0.0
0.6358203307950261,5.2311115215709465e-05,2.969373268051087e-05,0.19243721009148587,2.002170202769167,10.010851013845834,0.6306421290298359,0.015516549212807613,630642.1290298358,6.413310317403102e-05,1.0
0.631656866099255,5.2205378658095214e-05,3.0044925154449888e-05,0.19146089373664257,1.9884299706894155,9.942149853447077,0.6326405175646921,0.015562305037977226,632640.5175646921,6.411991015338628e-05,1.0
0.6273569801305866,5.1716369090259106e-05,2.93983525319738e-05,0.190513556085765,1.9729272247415217,9.864636123707609,0.6349028513934369,0.01592996356496697,634902.8513934369,6.376879048987491e-05,1.0
0.6355520518216815,5.143591816407123e-05,3.001586514447198e-05,0.1905743561503904,1.9737556613374854,9.868778306687426,0.6347817523199178,0.015930464620698637,634781.7523199179,6.337222896458644e-05,1.0
0.6409446103854249,5.150762494942777e-05,2.9887962282423108e-05,0.190709091448463,1.9782666537454199,9.891333268727099,0.6341227503866688,0.015540933283594726,634122.7503866687,6.314862020372894e-05,1.0
0.0,5.129071545184879e-05,2.993253165142329e-05,0.19144619178423722,1.9896453635130038,9.948226817565018,0.6324634950152449,0.015355878583719349,632463.4950152449,6.36231312224212e-05,0.0
0.0,5.1507552784343385e-05,3.0105315786049725e-05,0.19099218028113474,1.9841648348287304,9.920824174143652,0.6332621287713788,0.015246489333648236,633262.1287713788,6.30397304033072e-05,0.0
0.6545258031938678,5.173882360903103e-05,3.0321048187163396e-05,0.19115809201041206,1.9864154929757725,9.932077464878862,0.6329340363398916,0.015250220360715796,632934.0363398916,6.266795051290885e-05,1.0
0.0,5.214853872705274e-05,3.0396792404898034e-05,0.1915187595959754,1.988278298681787,9.941391493408934,0.6326626121426707,0.015700131334621496,632662.6121426707,6.269701877133929e-05,0.0
0.6577062647015188,5.28173476886442e-05,3.068807193191198e-05,0.1914511043419184,1.9871987916523866,9.935993958261932,0.6328198899007853,0.01572209858462211,632819.8899007853,6.269025487038146e-05,1.0
0.6582211619689206,5.3258930097057495e-05,3.083003170715029e-05,0.19100905791840905,1.9867300670579988,9.933650335289993,0.6328881924617967,0.014906308298614813,632888.1924617967,6.277234047609861e-05,1.0
0.66168698441665,5.2726631963042365e-05,3.134169541501697e-05,0.19021540541935297,1.9784484206904431,9.892242103452215,0.6340962107579422,0.014527021596648171,634096.2107579422,6.241135995157161e-05,1.0
0.6567313810572579,5.2220332100493384e-05,3.147155976957301e-05,0.1904472143804551,1.981676526360484,9.90838263180242,0.6336250629292534,0.014519491690163526,633625.0629292533,6.274910356847575e-05,1.0
0.6626989879449272,5.2138039720253604e-05,3.2031519230146474e-05,0.1908520255912635,1.9839934956352252,9.919967478176126,0.6332871129163103,0.014991164098837313,633287.1129163103,6.252433957826209e-05,1.0
0.6595625269572573,5.1869691247228823e-05,3.226121249761484e-05,0.190828964409958,1.9799135080629604,9.899567540314802,0.6338823352177129,0.015540264037628843,633882.3352177129,6.259184315127476e-05,1.0
0.0,5.126313405880378e-05,3.167426320993207e-05,0.19173200362435305,1.986972980561937,9.934864902809684,0.6328527941789639,0.016316801427669992,632852.7941789639,6.28106860583556e-05,0.0
0.6542882171841167,5.10170254805412e-05,3.242410874924978e-05,0.19246841799814324,1.997511836835021,9.987559184175105,0.6313189366016198,0.016255772597906244,631318.9366016197,6.323162495998512e-05,1.0
0.6474619685392458,5.075942850412086e-05,3.220332334172162e-05,0.19309225441060307,2.004335363058075,10.021676815290375,0.6303278029124932,0.016512311733699367,630327.8029124932,6.373093595035695e-05,1.0
0.6513280480792134,5.040831606415784e-05,3.2607920079447704e-05,0.1918998073478901,1.9938242225963063,9.969121112981531,0.6318552200360437,0.015654834731823896,631855.2200360437,6.329910669780316e-05,1.0
0.0,5.024225499979718e-05,3.256379971079458e-05,0.19203219136420796,1.9949441958129999,9.974720979065,0.6316922960953523,0.01575667882376816,631692.2960953523,6.309971274601676e-05,0.0
0.6660174171074472,5.0826635324960404e-05,3.2830850793859466e-05,0.1910496315599201,1.9859309962681053,9.929654981340526,0.6330046500767221,0.015103913196562367,633004.6500767221,6.234334247353508e-05,1.0
0.0,5.090972163908581e-05,3.2567690104722535e-05,0.19107381736378,1.9871779238057414,9.935889619028707,0.6328229306071937,0.014970565334753745,632822.9306071937,6.175491368186249e-05,0.0
0.6790775772460625,5.212743174433183e-05,3.270405966555496e-05,0.1911384030644801,1.9783589983594276,9.891794991797138,0.6341092670935345,0.016386073222494742,634109.2670935346,6.148013898654942e-05,1.0
0.0,5.217013720245502e-05,3.2574021308625535e-05,0.19211295178639784,1.9915634517657868,9.957817258828934,0.6321842253033444,0.016410128876140063,632184.2253033444,6.177757017689623e-05,0.0
0.6864230228218211,5.198170157143729e-05,3.299624181592999e-05,0.1924147730416947,1.9995654974206696,9.997827487103347,0.6310204736056377,0.015850019689027096,631020.4736056378,6.165202670343013e-05,1.0
0.6910529654534981,5.194413398133598e-05,3.3067917429836494e-05,0.1932953730699275,2.01110408052568,10.0555204026284,0.6293461676583705,0.015936913798225507,629346.1676583705,6.168590358573659e-05,1.0
0.6838272179933889,5.203349729093103e-05,3.328734187363024e-05,0.1938517978948769,2.021399219817121,10.106996099085606,0.6278560421392125,0.01555963792896632,627856.0421392125,6.24121521937595e-05,1.0
0.0,5.221045432369794e-05,3.257237197471571e-05,0.19332939513533537,2.0182652383050423,10.09132619152521,0.6283092828431375,0.014968073113808218,628309.2828431375,6.259901115608174e-05,0.0
0.0,5.3204600900153496e-05,3.2495252731284806e-05,0.19347102400699345,2.0136438361036673,10.068219180518335,0.6289782334042404,0.015920281418227305,628978.2334042405,6.210214643466177e-05,0.0
0.0,5.271784864966164e-05,3.2568513167176596e-05,0.19491756523657205,2.030788197668595,10.153940988342976,0.626500151329852,0.016335281802996135,626500.1513298521,6.24028300478079e-05,0.0
0.0,5.309301470575728e-05,3.258422737576498e-05,0.19477704144478958,2.0285212372134995,10.142606186067496,0.6268272615898549,0.016381344479434085,626827.261589855,6.247529434180555e-05,0.0
0.6896744860319847,5.3135029710449194e-05,3.282088999236503e-05,0.1935949006444761,2.0144050060445093,10.072025030222546,0.6288680046557694,0.016057805944721632,628868.0046557694,6.193920798704328e-05,1.0
0.691873283004244,5.22867802449549e-05,3.2654700918976495e-05,0.19416438574385178,2.0241915732602775,10.120957866301387,0.6274524835966375,0.0157812550843411,627452.4835966375,6.194968191609725e-05,1.0
0.0,5.2626394031103184e-05,3.261624303210735e-05,0.19456109587259762,2.025145498477709,10.125727492388545,0.6273146791708811,0.016436870916076353,627314.6791708812,6.188515845970648e-05,0.0
0.0,5.3207677930883076e-05,3.2918286200789704e-05,0.1956229174023224,2.0397020297479447,10.198510148739723,0.6252155874619423,0.01646142226658711,625215.5874619422,6.259113958710683e-05,0.0
0.6811540960355965,5.27149361703767e-05,3.21763137757403e-05,0.1949053152467757,2.0413376859327945,10.206688429663972,0.6249801607562295,0.01479079124978096,624980.1607562295,6.299447960561553e-05,1.0
0.0,5.265617051302318e-05,3.230959265071699e-05,0.1953887536351419,2.0403109173406713,10.201554586703356,0.625127937412331,0.01590544468261476,625127.937412331,6.274895559632885e-05,0.0
0.6794437717159123,5.1740369971758866e-05,3.216323534990459e-05,0.19641406841689205,2.0547659070816047,10.273829535408023,0.6230507301336645,0.01587886696744861,623050.7301336646,6.325367201498625e-05,1.0
0.6769580891230955,5.107615934248152e-05,3.184627520554041e-05,0.1952567446735493,2.038285925489603,10.191429627448013,0.6254194847838684,0.015932974130967045,625419.4847838684,6.284205846256394e-05,1.0
0.0,5.1578650944440514e-05,3.19103129687124e-05,0.19499210563564798,2.0316665839337804,10.158332919668903,0.6263734507837692,0.016357662055065104,626373.4507837691,6.23764060694161e-05,0.0
0.6850712708913255,5.131386967254799e-05,3.224034209838075e-05,0.19435854463757304,2.022159622536553,10.110798112682764,0.6277461209524735,0.016463210227619596,627746.1209524735,6.205791485108896e-05,1.0
0.6911355020211162,5.073319079162801e-05,3.2507278405858384e-05,0.19285800261033975,1.999765632300089,9.998828161500445,0.6309913951112461,0.01670740033192561,630991.3951112462,6.112871635302458e-05,1.0
0.6846844640906093,5.0833257158024665e-05,3.241659892846923e-05,0.19331902430911538,2.0085020839342533,10.042510419671267,0.6297233419733739,0.016361390591604633,629723.3419733739,6.171335270411416e-05,1.0
0.6768146675064438,5.0555385799148656e-05,3.263098923902813e-05,0.19253123208439432,2.002757858115739,10.013789290578694,0.6305568009490007,0.015619265117789348,630556.8009490006,6.204547265933274e-05,1.0
0.679021466319435,5.0308867254277914e-05,3.2838789823781315e-05,0.1931976739358665,2.01175638136989,10.058781906849449,0.6292516483344371,0.01564699620617016,629251.6483344372,6.21477332920855e-05,1.0
0.6825120097984235,5.067235292202981e-05,3.2755802646157737e-05,0.1937638370878736,2.015412118654838,10.07706059327419,0.6287221894324369,0.01624986360818405,628722.1894324368,6.204732645528915e-05,1.0
0.6750081162960515,5.0078039184122036e-05,3.249276242763812e-05,0.19395627515606184,2.021175300948018,10.10587650474009,0.6278884147447051,0.015800965056828813,627888.4147447052,6.251454387413485e-05,1.0
0.6672205902878554,4.962379579409868e-05,3.2252336969748656e-05,0.19335623803529223,2.016197800120651,10.080989000603255,0.6286084576876979,0.015320933758282348,628608.457687698,6.275524780873599e-05,1.0
0.6736117733170373,4.970835987429114e-05,3.245864623501412e-05,0.1930312135811393,2.0082313626783876,10.041156813391938,0.629762597551028,0.01582502471330667,629762.597551028,6.221475739599726e-05,1.0
0.6756351884628674,5.019889757217942e-05,3.239682926620003e-05,0.1929117917110119,2.0089643441770173,10.044821720885086,0.6296563181944462,0.015479901616469992,629656.3181944463,6.218848906625645e-05,1.0
0.6764933941116462,5.0813999771480755e-05,3.203503801495686e-05,0.193407000597429,2.0179767391265586,10.089883695632793,0.6283510224323654,0.015165023627223391,628351.0224323655,6.2396829814397e-05,1.0
0.0,5.0465188915870325e-05,3.1488878404004984e-05,0.19319960162725813,2.01711338428919,10.085566921445949,0.6284759477636895,0.014875151018205803,628475.9477636896,6.214506483464164e-05,0.0
0.6780254313373487,5.0924573621012746e-05,3.1708650271553796e-05,0.19260149524171363,2.009751753377083,10.048758766885415,0.6295421670239192,0.014745157507346448,629542.1670239192,6.208247396551697e-05,1.0
0.6809743662284469,5.051401100185729e-05,3.151044373944345e-05,0.19127622514485826,1.997566537395558,9.98783268697779,0.631310985019532,0.013863435309248499,631310.985019532,6.157108636283185e-05,1.0
0.0,5.141683545527354e-05,3.157935119135138e-05,0.19125464710783133,1.999656836800885,9.998284184004424,0.6310072023311301,0.013516496546792715,631007.20233113,6.146862716579926e-05,0.0
0.6863774383014611,5.082161323345821e-05,3.191967623964509e-05,0.1908748009132598,1.994123024715582,9.97061512357791,0.6318117487989071,0.01356135062542672,631811.7487989072,6.131033491980063e-05,1.0
0.0,5.146942037418491e-05,3.148860537179614e-05,0.1908513595883796,1.9935231583473731,9.967615791736865,0.6318990234042464,0.013601742581005601,631899.0234042464,6.0859474389889575e-05,0.0
0.7046176175210946,5.111178891329185e-05,3.144529205020637e-05,0.1909405098019171,1.991264907357939,9.956324536789694,0.6322276846518411,0.014108704255675283,632227.6846518411,6.020565422553662e-05,1.0
0.6997803261742986,5.209617636242331e-05,3.136517796533658e-05,0.1910483421994783,1.9869952994639346,9.934976497319672,0.6328495418827026,0.014946226281659179,632849.5418827026,6.040591510734625e-05,1.0
0.0,5.234991319960109e-05,3.1451797268718236e-05,0.19160992913632124,1.9901934290822512,9.950967145411255,0.6323836852067157,0.015603543479358196,632383.6852067157,6.0289150768655656e-05,0.0
0.0,5.179490667090496e-05,3.179450932287e-05,0.19220027163402592,1.9959346013420474,9.979673006710236,0.6315482555337562,0.015948798801808,631548.2555337561,6.110245299922609e-05,0.0
0.6778199469088869,5.1497889297715605e-05,3.1359783592013876e-05,0.193535204876166,2.0156686987617145,10.078343493808571,0.6286850457780563,0.015755455530388235,628685.0457780563,6.220327505292935e-05,1.0
0.6820833729130227,5.185852211437316e-05,3.1503527304785326e-05,0.1938473786395765,2.022935001933325,10.114675009666625,0.627634054605649,0.01532881188480203,627634.0546056491,6.223675789402619e-05,1.0
0.0,5.234767388089348e-05,3.178291389118773e-05,0.19491500380286966,2.0384131251894,10.192065625946999,0.6254011672576208,0.01523117486336019,625401.1672576208,6.333215921718898e-05,0.0
0.0,5.226536260741338e-05,3.169134249417694e-05,0.19436369683437568,2.0294588589715943,10.147294294857971,0.6266919470822281,0.015419340750979437,626691.947082228,6.338213829881103e-05,0.0
0.0,5.224238449574685e-05,3.1616281546425466e-05,0.19331509599985236,2.0128602340848922,10.06430117042446,0.629091730835378,0.015721922835082683,629091.7308353779,6.276066519927013e-05,0.0
0.0,5.257671332215395e-05,3.170949072619243e-05,0.19338456695119877,2.012458726845993,10.062293634229963,0.6291498933427414,0.015919027245138953,629149.8933427414,6.196729240941101e-05,0.0
0.6804737203929069,5.259107826921628e-05,3.177874603503552e-05,0.19389795544451308,2.020789824750564,10.10394912375282,0.627944148075522,0.015740058964548147,627944.148075522,6.238889991354017e-05,1.0
0.6789600991828177,5.189250427416277e-05,3.1917876896544946e-05,0.19451375164980234,2.027385645437147,10.136928227185734,0.6269911856055737,0.016018688905178314,626991.1856055737,6.256580110727356e-05,1.0
0.6756296011088354,5.1448167176359425e-05,3.204790351653441e-05,0.1956025715778829,2.03895174825167,10.19475874125835,0.6253236082238507,0.0165287513796165,625323.6082238507,6.298673895393284e-05,1.0
0.6757388341002579,5.153676380440807e-05,3.171235375451903e-05,0.19386942606223875,2.0128072596967845,10.064036298483922,0.6290994044195805,0.01683825654405794,629099.4044195805,6.226421698215655e-05,1.0
0.6840313162245073,5.2113769736568756e-05,3.197518662874013e-05,0.1946807361786928,2.025080883451691,10.125404417258453,0.6273240125282095,0.016685484885595084,627324.0125282095,6.222901978705481e-05,1.0
0.6892311449319405,5.28794855539184e-05,3.2285717844822396e-05,0.19461140531698654,2.027933892046953,10.139669460234765,0.6269120402076571,0.016134850841630178,626912.0402076571,6.218019704859477e-05,1.0
0.6864422332965057,5.321166055322576e-05,3.229582835603304e-05,0.19317880654726208,2.011935080754764,10.05967540377382,0.6292257570155794,0.015583370110103521,629225.7570155794,6.200258095712513e-05,1.0
0.6872810081670309,5.329107272267943e-05,3.180166519694748e-05,0.19345910917735348,2.0189316676069566,10.094658338034783,0.6282128755413984,0.01513109389610536,628212.8755413984,6.207709893945257e-05,1.0
0.0,5.359965821121708e-05,3.1731208181208503e-05,0.1935672471261525,2.0202478600231473,10.101239300115736,0.6280225153652157,0.015157009617520718,628022.5153652157,6.200980224766898e-05,0.0
0.0,5.319428962188931e-05,3.17549057806665e-05,0.19389189455210776,2.0236551958084648,10.118275979042323,0.6275299821977326,0.01531377130194812,627529.9821977325,6.164909740094281e-05,0.0
0.69517171634788,5.3053788349322416e-05,3.1376427593717126e-05,0.19417201739933734,2.033173183395449,10.165865916977245,0.6261561949182625,0.014500229716937141,626156.1949182624,6.193325288503628e-05,1.0
0.7000170070435499,5.258064722166623e-05,3.124085762276968e-05,0.19426325883263315,2.0368124734118473,10.184062367059235,0.6256317099031503,0.014158227568416623,625631.7099031503,6.170857708699698e-05,1.0
0.691502604784146,5.190466297187905e-05,3.0793229654046724e-05,0.19316662742483592,2.0213479729589134,10.106739864794566,0.6278634509000292,0.014196705749700987,627863.4509000292,6.162175713054904e-05,1.0
0.0,5.2033344218259576e-05,3.095955272846172e-05,0.1927654615388194,2.0194907508019058,10.097453754009528,0.6281320086020193,0.013662931679658166,628132.0086020194,6.137333515042328e-05,0.0
0.0,5.208543398718676e-05,3.09901482683631e-05,0.191637008155497,2.002924484077359,10.014622420386793,0.6305326088116008,0.013806625122594805,630532.6088116008,6.089274592755336e-05,0.0
0.6845145389857227,5.238755154969753e-05,3.0476610353551565e-05,0.1919886651681449,2.0093566132014007,10.046783066007002,0.6295994481383949,0.013576778474684626,629599.4481383949,6.172635154886533e-05,1.0
0.6871859455537438,5.26128564341498e-05,3.057251760495513e-05,0.1927702152442104,2.023149183353213,10.115745916766064,0.6276031022809355,0.013143532769356306,627603.1022809355,6.198934481147387e-05,1.0
0.6894983649784815,5.2681921441128733e-05,3.054411456863894e-05,0.19182023026828815,2.0102716800606255,10.051358400303126,0.6294668042936173,0.013107264830193628,629466.8042936174,6.154702247976638e-05,1.0
0.6868142977820731,5.2906591345144934e-05,3.068815656209249e-05,0.19138533008055547,2.003351608854089,10.016758044270443,0.6304705995372684,0.013241259698379306,630470.5995372684,6.156390268580762e-05,1.0
0.6964453662500082,5.2827117970128296e-05,3.0556933700724014e-05,0.19049478551907253,1.994460883465785,9.972304417328925,0.6317625990091317,0.012752170047276756,631762.5990091317,6.0816453761143225e-05,1.0
0.0,5.297702130833693e-05,3.0305351206486624e-05,0.19008435906014323,1.9900326130770858,9.950163065385428,0.6324071023361377,0.012575820456424197,632407.1023361377,6.110189116446934e-05,0.0
0.6810790494439076,5.255440868082701e-05,3.006799079441955e-05,0.1904901573840812,1.9943561923975328,9.971780961987664,0.6317778284677869,0.012758143235949267,631777.8284677869,6.152114114376635e-05,1.0
0.6781822769697187,5.2688173470030035e-05,2.990517991356664e-05,0.18995783615827902,1.9900383773285704,9.950191886642852,0.6324062629630138,0.012321935279571898,632406.2629630138,6.157728656382814e-05,1.0
0.6984067636112359,5.296861884327244e-05,2.991272384426962e-05,0.19000940173416467,1.9967629115089893,9.983814557544946,0.6314278146854392,0.011446618153768509,631427.8146854392,6.073574412768344e-05,1.0
0.0,5.257440575237089e-05,2.9958856907011664e-05,0.1903890242922159,2.007481450979569,10.037407254897845,0.6298713502834165,0.010649398867848261,629871.3502834165,6.094955067810603e-05,0.0
0.0,5.2548833686819895e-05,2.9902463805529e-05,0.19106514028880076,2.0183494145732706,10.091747072866353,0.6282971048808613,0.010427385458462812,628297.1048808614,6.086413961207463e-05,0.0
0.6986562917061256,5.2186055758268816e-05,2.9777418664719463e-05,0.18989476339409278,2.0068006153281086,10.034003076640543,0.6299701018229554,0.009759628611140986,629970.1018229554,6.094454358117859e-05,1.0
0.6912672012320232,5.187908129484538e-05,2.9676449311023427e-05,0.1908039874134623,2.0205238924662736,10.102619462331369,0.6279826002644054,0.009590575091330043,627982.6002644055,6.162790327185e-05,1.0
0.6892586212818403,5.1279034991397395e-05,3.0435237760455037e-05,0.19225290979035264,2.0347741374657105,10.173870687328552,0.6259254154343845,0.010431235015089782,625925.4154343845,6.211826624458129e-05,1.0
0.6969651472793014,5.1886341754152726e-05,3.0195315459796473e-05,0.19297090413607226,2.049605454028768,10.24802727014384,0.6237915028487991,0.009733311120943645,623791.5028487991,6.214313754335696e-05,1.0
0.6886298256227849,5.238145750642969e-05,3.0024017548036686e-05,0.19271827791033383,2.047035196751016,10.235175983755079,0.6241607866521183,0.009597342472785922,624160.7866521183,6.254910935071787e-05,1.0
0.6926691851781682,5.2602545283414764e-05,3.1011693429586394e-05,0.19264692231070357,2.0385760680828926,10.192880340414463,0.6253777032790587,0.010671547900465895,625377.7032790587,6.22714882036701e-05,1.0
0.684636832271957,5.3536592353718373e-05,3.1117763551732834e-05,0.1919771093285492,2.027962134806434,10.13981067403217,0.6269079633268461,0.010862181983944431,626907.963326846,6.256160946179684e-05,1.0
0.0,5.337123765835981e-05,3.068141408092707e-05,0.1910398638466157,2.016385093244557,10.081925466222785,0.6285813490072963,0.010661076700527744,628581.3490072964,6.2354548420976e-05,0.0
0.6826555994200839,5.481969411274793e-05,3.092059196050171e-05,0.19097877701414395,2.0161742954463144,10.080871477231572,0.6286118598209697,0.01056941384925757,628611.8598209696,6.250242245989769e-05,1.0
0.6835682139905923,5.460953552281136e-05,3.062916845453133e-05,0.1916700626102135,2.0243293281022923,10.121646640511461,0.6274325816060421,0.010772706826469058,627432.5816060421,6.256624565945356e-05,1.0
0.6763474068871256,5.4644941488233146e-05,3.088930353778223e-05,0.19299361841560822,2.03690832595012,10.1845416297506,0.625617901824037,0.011605138655253398,625617.901824037,6.33036470298459e-05,1.0
0.6726889679910524,5.435315370149838e-05,3.080822878321538e-05,0.19244169433533628,2.0313145882674943,10.15657294133747,0.6264242204077372,0.011307609078409709,626424.2204077372,6.333871497544646e-05,1.0
0.0,5.4452253407498564e-05,3.066012545270425e-05,0.19216613725917647,2.0303014138313418,10.151507069156708,0.6265703772370445,0.010902651755397374,626570.3772370445,6.373513611692186e-05,0.0
0.6678153181722721,5.4781015803291716e-05,3.112967243429844e-05,0.1916935118566209,2.0286535100207,10.1432675501035,0.6268081706406575,0.010195194353899314,626808.1706406575,6.372764886579716e-05,1.0
0.0,5.462843729069934e-05,3.127699939141025e-05,0.19121713680169403,2.021727637321635,10.108638186608173,0.6278085648796882,0.010242838483076229,627808.5648796882,6.35201642282382e-05,0.0
0.6689895938418204,5.542422846844416e-05,3.1543356234816805e-05,0.19136327224278485,2.0286505798728083,10.143252899364041,0.626808593542936,0.009535138028505748,626808.593542936,6.385223737498323e-05,1.0
0.6627580158407215,5.543531854139201e-05,3.164296501397645e-05,0.1914723926787133,2.0317060507415845,10.158530253707921,0.6263677585980981,0.009312543955524737,626367.7585980981,6.433866684186673e-05,1.0
0.6581515544169045,5.546185486361927e-05,3.1476772356558993e-05,0.19130863605071546,2.0324901614779485,10.162450807389742,0.6262546792544281,0.008871951355859066,626254.6792544281,6.463236959098104e-05,1.0
0.6569786428358891,5.4898118919090025e-05,3.163064323550528e-05,0.1917998641071136,2.0354234126403488,10.177117063201743,0.6258318458696317,0.009431574083858937,625831.8458696317,6.47107657011067e-05,1.0
0.0,5.5009406077983415e-05,3.196079498860051e-05,0.19207059928979403,2.040869456867117,10.204347284335583,0.6250475458289103,0.009188744408498355,625047.5458289103,6.425324764678556e-05,0.0
0.6640963901015099,5.4842204346019063e-05,3.196200050188376e-05,0.1925545770442139,2.0461064379210785,10.230532189605391,0.6242942805959034,0.009403434684331196,624294.2805959034,6.460265776044384e-05,1.0
0.0,5.444124039443004e-05,3.2463253273150036e-05,0.19148986407507912,2.0367994096014383,10.18399704800719,0.6256335918396421,0.008613319989800292,625633.591839642,6.39093706769683e-05,0.0
0.0,5.396417838246726e-05,3.2669134368647605e-05,0.1921286484223566,2.0450267068968393,10.225133534484195,0.6244495102225175,0.00870680706723071,624449.5102225175,6.410576712746037e-05,0.0
0.0,5.522077650469625e-05,3.267934644620614e-05,0.1919596149400532,2.046679833935708,10.23339916967854,0.6242118608928493,0.00813109077295572,624211.8608928493,6.409276345812014e-05,0.0
0.6842798195121954,5.498462234951281e-05,3.270120547658736e-05,0.19149223107726207,2.041400075307191,10.207000376535955,0.6249711825530075,0.007955644707531677,624971.1825530075,6.351692359529298e-05,1.0
0.679780615824775,5.4156437192131924e-05,3.26883525057459e-05,0.19217441356990136,2.042914370715509,10.214571853577544,0.6247533059607064,0.009102133100509155,624753.3059607064,6.365689347321081e-05,1.0
0.0,5.3724197718422997e-05,3.2259213819952484e-05,0.19260241971041359,2.0455008580684493,10.227504290342246,0.6243813382062923,0.009586177627119413,624381.3382062922,6.435617029499004e-05,0.0
0.6679408086625704,5.362392984431643e-05,3.2187007884810855e-05,0.1932858622188267,2.0554086775787215,10.277043387893608,0.6229585233455079,0.009530247783161371,622958.5233455079,6.44857111465273e-05,1.0
0.6636795494658946,5.3824784763738346e-05,3.220962367271699e-05,0.1932593992378529,2.0438389477422954,10.219194738711476,0.6246203153066839,0.011139113782389742,624620.3153066839,6.44042219151994e-05,1.0
0.652918659310636,5.402568732932624e-05,3.204060566288269e-05,0.1939077208504331,2.056212012323991,10.281060061619955,0.6228433024606891,0.01065874416155529,622843.3024606891,6.539409051693159e-05,1.0
0.6497656314626586,5.4283480858627976e-05,3.2101096655236444e-05,0.1941284264973907,2.0553194356406097,10.276597178203048,0.6229713244745805,0.011228177469361864,622971.3244745805,6.559078426137307e-05,1.0
0.6531487678801063,5.387538108813675e-05,3.2065466969238246e-05,0.1932902847952265,2.0491515144203114,10.245757572101557,0.6238567071010981,0.01043727669155107,623856.707101098,6.519897727116114e-05,1.0
0.6535782105864998,5.3968093688124786e-05,3.225626519718311e-05,0.1927684703762983,2.042800903133334,10.21400451566667,0.6247696290262995,0.010306569778896076,624769.6290262995,6.507191263961046e-05,1.0
0.6518414535144285,5.3450702082307e-05,3.241007360755917e-05,0.1916456288195858,2.0319312074872413,10.159656037436207,0.6263352858690563,0.009626543508227874,626335.2858690562,6.490436650216541e-05,1.0
0.0,5.307186654915386e-05,3.241201812168344e-05,0.19040955834628842,2.0138834344999292,10.069417172499646,0.6289435339030319,0.009762650595608754,628943.533903032,6.484119439116511e-05,0.0
0.6372816556140353,5.255157473092065e-05,3.195361389185917e-05,0.19089597072618986,2.020379764613523,10.101898823067614,0.6280034412581063,0.009795382710485958,628003.4412581063,6.531793557562303e-05,1.0
0.6514527623342449,5.1906348809003105e-05,3.245175843562634e-05,0.19222071427092147,2.0397810333254722,10.19890516662736,0.6252042141148415,0.009645642656684448,625204.2141148415,6.491583337867069e-05,1.0
0.0,5.240032657725205e-05,3.236015596734247e-05,0.19127326567226113,2.0228092591706046,10.114046295853022,0.6276522269715916,0.010198758316113912,627652.2269715916,6.419625150822947e-05,0.0
0.6581334573346409,5.2696625896196455e-05,3.228868691188708e-05,0.19040892290337577,2.012848794827889,10.064243974139444,0.6290933878565387,0.009911233663290239,629093.3878565386,6.389371148229821e-05,1.0
0.6640086127981354,5.313102606326159e-05,3.2140156919039524e-05,0.19101682193276334,2.0201076508227844,10.100538254113921,0.6280427909984014,0.010076434863928096,628042.7909984015,6.373914693117727e-05,1.0
0.6824330273657924,5.308806207500851e-05,3.1950830283839075e-05,0.1911591137994112,2.0192491287196144,10.096245643598072,0.6281669560379628,0.010485183636785203,628166.9560379628,6.258292729765868e-05,1.0
0.6890046395277858,5.341470468294091e-05,3.237503109256245e-05,0.19135854271445074,2.0272083385679736,10.136041692839868,0.6270167839306999,0.009733869359601407,627016.7839306999,6.256218801594908e-05,1.0
0.0,5.246576588696082e-05,3.2743343766827024e-05,0.19106136788880682,2.0256469665651258,10.128234832825628,0.6272422490239585,0.009364984801572187,627242.2490239586,6.252443094259659e-05,0.0
0.6922079987852798,5.284799432824428e-05,3.282179491256379e-05,0.19062451580816067,2.0193277522411592,10.096638761205796,0.6281555839728773,0.00940461558919866,628155.5839728772,6.221120004408463e-05,1.0
0.6970586757732522,5.2879594356681906e-05,3.27331089679833e-05,0.19059666749417317,2.016682776089605,10.083413880448024,0.6285382649987825,0.009731599987128846,628538.2649987825,6.185143253901176e-05,1.0
0.0,5.313555726962285e-05,3.286418218412776e-05,0.18920189207502666,1.992528226345253,9.962641131726265,0.6320438027202937,0.010447586870347036,632043.8027202938,6.127132092010298e-05,0.0
0.0,5.3262857773754694e-05,3.2829037634976014e-05,0.18832117610241575,1.9812428183618633,9.906214091809316,0.6336883430287447,0.010330695233576135,633688.3430287447,6.110294986786444e-05,0.0
0.6961490824627663,5.2704073041011155e-05,3.2715390006779565e-05,0.188957132099932,1.991100755736813,9.955503778684065,0.6322515816077157,0.01016584580757967,632251.5816077157,6.121738157987219e-05,1.0
0.0,5.190097169249541e-05,3.2762513983095874e-05,0.18961664673905573,2.0031977390638653,10.015988695319326,0.6304929373982098,0.009726230876321244,630492.9373982098,6.194253205606156e-05,0.0
0.0,5.150692517555402e-05,3.257491637935032e-05,0.19071631278457393,2.017195444833511,10.085977224167555,0.6284640727357355,0.009896698304883336,628464.0727357354,6.231253725347724e-05,0.0
0.6907693940858678,5.1759245312679394e-05,3.2599097330964344e-05,0.19093703467923773,2.0212602294013213,10.106301147006606,0.6278761361934612,0.009750205551936625,627876.1361934611,6.215504974412924e-05,1.0
0.6976446732660122,5.2069106114013503e-05,3.2608381662031545e-05,0.18920504043340883,1.9982743360704323,9.991371680352161,0.6312081044426674,0.009618185309485033,631208.1044426674,6.125057033397015e-05,1.0
0.0,5.1343752853042304e-05,3.273709483516829e-05,0.18872609814403987,1.9919587840571524,9.959793920285762,0.6321266810622713,0.009578877350351078,632126.6810622714,6.104291635401636e-05,0.0
0.0,5.082632811224735e-05,3.2496611851222243e-05,0.18984245103596298,2.0053661651414956,10.026830825707478,0.6301782117624632,0.009863113834389226,630178.2117624632,6.172724814213443e-05,0.0
0.0,5.0448183707031983e-05,3.2659720520060764e-05,0.1908704895013228,2.0214893842255015,10.107446921127506,0.6278430072784662,0.00958398628111181,627843.0072784662,6.189136012621969e-05,0.0
0.6885049676604711,5.026056750275794e-05,3.2334632661774395e-05,0.19163405991367624,2.0346860739710637,10.173430369855318,0.6259381076836826,0.009206227511035121,625938.1076836826,6.241295870464612e-05,1.0
0.6853660403452441,4.957433073727645e-05,3.2116170013052534e-05,0.19152960649853942,2.0316298278439446,10.158149139219722,0.6263787520568026,0.00943796505388147,626378.7520568026,6.237400348736504e-05,1.0
0.0,4.8871818239460854e-05,3.191516909504776e-05,0.1897893857669522,2.01793147262132,10.0896573631066,0.6283575717679581,0.007936343301862547,628357.5717679581,6.26378493418255e-05,0.0
0.6694262940987229,4.848346422646786e-05,3.1555250181434704e-05,0.189603759980865,2.0171665272693087,10.085832636346543,0.6284682573872644,0.007675777348994454,628468.2573872644,6.273200989659755e-05,1.0
0.6747804603753915,4.8556921860051003e-05,3.182884386282171e-05,0.18932504643532586,2.016971266906225,10.084856334531125,0.6284965141816592,0.007146607052310883,628496.5141816592,6.251160358139539e-05,1.0
0.667879851340822,4.799548625297324e-05,3.1501551242708336e-05,0.19076069936547393,2.032287489769015,10.161437448845074,0.6262839052918252,0.00780530402277306,626283.9052918252,6.311367357341975e-05,1.0
0.6632106575547563,4.7977674772927893e-05,3.126184531663217e-05,0.19079007586490138,2.033919652974857,10.169598264874283,0.6260485798312434,0.007628731561046151,626048.5798312434,6.33793545242507e-05,1.0
0.6682389288010095,4.854739768554024e-05,3.1613230723445514e-05,0.19063673435792863,2.033408071704167,10.167040358520836,0.6261223301563343,0.007395798872191613,626122.3301563343,6.323683442479714e-05,1.0
0.672450223352017,4.792555986312268e-05,3.140979129842051e-05,0.1906554352712478,2.0334748617515186,10.167374308757593,0.6261127011096256,0.007423571652121143,626112.7011096256,6.288127281203805e-05,1.0
0.6693337228383432,4.786382578665496e-05,3.132515266691067e-05,0.1907722383242661,2.036803952814115,10.184019764070575,0.6256329373563141,0.007177414004846263,625632.937356314,6.312442262060594e-05,1.0
0.0,4.841892763779725e-05,3.0995040913297493e-05,0.1910977463878773,2.0423322746184485,10.211661373092243,0.624837048869918,0.007032541645672571,624837.048869918,6.327759874273872e-05,0.0
0.6780892667559115,4.82414148898594e-05,3.122502545731835e-05,0.1905690400989346,2.0342402547858995,10.171201273929498,0.6260023658201015,0.007140446017970701,626002.3658201015,6.261594738185818e-05,1.0
0.6768328156037557,4.7989751746633006e-05,3.14545458214293e-05,0.18967947813638958,2.022979245743926,10.11489622871963,0.627627660607579,0.006986616880358153,627627.660607579,6.24155796352618e-05,1.0
0.0,4.861170461885358e-05,3.164713867623775e-05,0.1905579829831813,2.0362252460430947,10.181126230215472,0.6257163098502524,0.0068322758166149715,625716.3098502523,6.255880980350138e-05,0.0
0.6914590507628388,4.8486369486990736e-05,3.177545485117117e-05,0.18910031298510516,2.019090328177876,10.09545164088938,0.6281899254932167,0.006390551463427018,628189.9254932167,6.168269267126369e-05,1.0
0.6949598199402296,4.9068889609853704e-05,3.176202248745359e-05,0.19000268902429976,2.0350859962063663,10.175429981031831,0.6258804705152987,0.005885848563898212,625880.4705152987,6.199284077962313e-05,1.0
0.0,4.930199451322023e-05,3.156946903762312e-05,0.18862838510023888,2.015277489309702,10.076387446548509,0.6287416798409377,0.005998450041415388,628741.6798409376,6.190018990997929e-05,0.0
0.0,4.9144532296500906e-05,3.129358886487085e-05,0.18829948835255272,2.0091265281951975,10.045632640975988,0.6296328045903745,0.006231781295479992,629632.8045903745,6.211846927859838e-05,0.0
0.0,4.9401486915869654e-05,3.165468874560194e-05,0.18867063027020126,2.018662537337128,10.09331268668564,0.6282518068072759,0.0055930673476784175,628251.8068072759,6.264308901627447e-05,0.0
0.0,4.957368193447528e-05,3.185103625220788e-05,0.18887793381341664,2.0182927054811683,10.09146352740584,0.628305309081582,0.006061176708415273,628305.309081582,6.271108257524619e-05,0.0
0.0,5.009264970628701e-05,3.1606024259003594e-05,0.1881280522558475,2.0047620833339264,10.023810416669631,0.6302658724824644,0.006521976994159341,630265.8724824643,6.254648088380734e-05,0.0
0.6706388342511266,4.981662394322876e-05,3.1585853304290464e-05,0.18870887365538913,2.008931123208508,10.044655616042538,0.6296611347126372,0.007078882023415466,629661.1347126372,6.267175167910608e-05,1.0
0.6762063963233226,4.9840894497755e-05,3.146410171030915e-05,0.18884867938367064,2.009422544162342,10.047112720811711,0.6295898901579762,0.007287248925317455,629589.8901579762,6.234355248310974e-05,1.0
0.6796173170180886,4.981331876799758e-05,3.1096356464391243e-05,0.18886477074769847,2.007073610394676,10.035368051973379,0.6299305035015587,0.007660044996955604,629930.5035015587,6.201101879168132e-05,1.0
0.6828641342793577,5.016912646345752e-05,3.112772474808981e-05,0.18897133676267547,2.0006929152789534,10.003464576394766,0.6308566834939547,0.008799357019305653,630856.6834939547,6.167266356548465e-05,1.0
0.6734975305955134,4.9653154336966276e-05,3.098052245385626e-05,0.18888182082132732,2.000332996978068,10.00166498489034,0.6309089674358263,0.008672609078480893,630908.9674358262,6.209096651728321e-05,1.0
0.6683410943536326,5.016857977434588e-05,3.067515100489043e-05,0.18821021910219912,1.994507120918983,9.972535604594915,0.6317558729420683,0.008176311146466497,631755.8729420683,6.226667400328559e-05,1.0
0.0,5.0398372564944174e-05,3.0217908218550092e-05,0.1896186555964135,2.018962305189095,10.094811525945476,0.6282084437890995,0.007445754981926437,628208.4437890995,6.254601042143412e-05,0.0
0.0,4.973194257682882e-05,2.9744409004117387e-05,0.18988203033826187,2.0161828875671453,10.080914437835727,0.6286106161708803,0.008374676847404066,628610.6161708803,6.24911032596761e-05,0.0
0.6721596734412484,5.034143513803249e-05,2.963809298572665e-05,0.19004642592012994,2.0121216602776113,10.060608301388056,0.6291987250995454,0.009291576939805314,629198.7250995454,6.226705981320199e-05,1.0
0.0,5.1451652975670705e-05,2.961980263488464e-05,0.189412174593909,2.006462865617181,10.032314328085905,0.6300190963422241,0.008843445530042094,630019.096342224,6.207977941877579e-05,0.0
0.6791110938106456,5.1923536900931995e-05,2.9364816339138254e-05,0.1905188263084578,2.0241031167332193,10.120515583666096,0.6274652635961864,0.008502916213101973,627465.2635961864,6.236160869542415e-05,1.0
0.6736498208903086,5.259855854652659e-05,2.9572741840652656e-05,0.18923154910598916,2.007230385619599,10.036151928097995,0.629907764158096,0.008370862370074348,629907.764158096,6.236631728888365e-05,1.0
0.6732216187410855,5.258927306639735e-05,2.9561623041304713e-05,0.18980398160591833,2.010680102126201,10.053400510631006,0.6294076103469092,0.009015573558745852,629407.6103469091,6.244317708751875e-05,1.0
0.6713772999879646,5.170673514520015e-05,2.9743456173658214e-05,0.18930306809658246,2.0080736003649133,10.040368001824566,0.6297854747951659,0.00839161098833078,629785.4747951659,6.243933809417965e-05,1.0
0.0,5.075054021671238e-05,2.9693713813128738e-05,0.1877819966017651,1.9936781273111948,9.968390636555974,0.6318764758025895,0.007440469006119728,631876.4758025896,6.214197876797556e-05,0.0
0.6729144547853324,5.086307043431201e-05,2.9463704246304033e-05,0.1877622662333308,1.9856138014863398,9.928069007431699,0.6330508843976168,0.008575416864278413,633050.8843976168,6.162603905816196e-05,1.0
0.6716188497771496,5.054981962176078e-05,2.9508665432719536e-05,0.18810647976599496,1.9890710653956714,9.945355326978357,0.632547135638463,0.008760095170452883,632547.135638463,6.174532288482734e-05,1.0
0.0,5.008153509016189e-05,2.913968977045965e-05,0.18761831291136136,1.9806457118911973,9.903228559455986,0.6337754740972804,0.009012099920003106,633775.4740972804,6.185301316875282e-05,0.0
0.6562094426186731,5.0048531046374314e-05,2.931872753124145e-05,0.18779447849912198,1.983628436935574,9.918142184677869,0.6333403479207591,0.008929304919003046,633340.3479207591,6.2362651183077e-05,1.0
0.0,5.0355353069377474e-05,2.9051208218662683e-05,0.18920373361705123,2.001247400483726,10.00623700241863,0.6307761440483796,0.009183611282481997,630776.1440483796,6.24433419762712e-05,0.0
0.0,4.962186723460885e-05,2.9345653812249465e-05,0.18895540222008536,2.002928459246225,10.014642296231123,0.6305320316749912,0.008442836115161865,630532.0316749911,6.20215449348335e-05,0.0
0.6696042595645569,4.9404991079776484e-05,2.9257204012131903e-05,0.18769956636902174,1.9883347652760552,9.941673826380276,0.632654386371385,0.008053519109428513,632654.3863713851,6.167637629051816e-05,1.0
0.6664397970325554,5.017182659974111e-05,2.959081998678224e-05,0.18714496365105573,1.9801001073520652,9.900500536760326,0.6338551003673898,0.008145027669501245,633855.1003673897,6.180390597196659e-05,1.0
0.6630647415890234,4.9630745877635606e-05,2.9262216630470102e-05,0.1864165083652561,1.9776440478175712,9.888220239087856,0.6342136649391489,0.0070466816696611,634213.6649391489,6.184435535412605e-05,1.0
0.0,5.007301155366537e-05,2.9073641387642054e-05,0.18614578979602162,1.9745688156712733,9.872844078356366,0.6346629096373175,0.006954489229360763,634662.9096373175,6.19634982901188e-05,0.0
0.6675444076413527,4.982918594181757e-05,2.9206449043943784e-05,0.18623340732763427,1.976597577809007,9.882987889045035,0.6343665026043378,0.0068333172596063444,634366.5026043378,6.159415707932345e-05,1.0
0.6727717276981783,5.010549910290619e-05,2.9573469191092936e-05,0.1864516666501747,1.9801900556736076,9.900950278368038,0.6338419724980896,0.006745305798439037,633841.9724980897,6.15087884279755e-05,1.0
0.0,5.06520528744495e-05,3.0081982479765555e-05,0.1876355575250182,1.9978915341113241,9.98945767055662,0.6312637437285233,0.006534858778559766,631263.7437285234,6.129241095645784e-05,0.0
0.0,5.100965270045302e-05,3.0092752679274507e-05,0.18742159735369252,1.9978965067782184,9.989482533891092,0.6312630209326663,0.006106215640051323,631263.0209326663,6.126288640628291e-05,0.0
0.0,5.1444039447550895e-05,3.064222131492504e-05,0.18616960254358372,1.986416632173895,9.932083160869475,0.6329338703149474,0.0052730754021148366,632933.8703149474,6.034031423418529e-05,0.0
0.0,5.08393618918959e-05,3.054247752367891e-05,0.18711245508284693,1.998226360832903,9.991131804164514,0.6312150772519624,0.005439987417656246,631215.0772519624,6.106175799261588e-05,0.0
0.6888561161869534,5.137940450742863e-05,3.086125825991422e-05,0.18800211784622223,2.010892079384055,10.054460396920275,0.6293768899834605,0.005381125675904999,629376.8899834605,6.18627254173315e-05,1.0
0.6864157138621455,5.092546985996265e-05,3.0561378795628146e-05,0.18785709200447862,2.012998668736434,10.064993343682168,0.6290716783801453,0.00478586238910256,629071.6783801453,6.196577473010489e-05,1.0
0.6953614567589784,5.103673134554917e-05,3.067621137177456e-05,0.18772752635777784,2.0102747514096158,10.051373757048077,0.6294663591321817,0.004921411847737395,629466.3591321817,6.145108870439717e-05,1.0
0.6907797181542007,5.11451198121368e-05,2.9960179232082132e-05,0.18814053957417712,2.016294720406914,10.081473602034569,0.6285944293648921,0.004875508513246294,628594.4293648921,6.173041732712045e-05,1.0
0.679484544495779,5.136477869532886e-05,2.9624498343944554e-05,0.1879001365370985,2.01385802786198,10.069290139309901,0.6289472132929533,0.004747486367150311,628947.2132929533,6.224077879469644e-05,1.0
0.0,5.150596145945238e-05,2.9772011416489894e-05,0.1859012008564834,1.993023778016966,9.96511889008483,0.6319716874834368,0.003774089196403579,631971.6874834368,6.186475663651422e-05,0.0
0.6692280712997063,5.105393724100097e-05,2.938283953249994e-05,0.1865539992886943,1.9987980452863512,9.993990226431755,0.6311319925912409,0.004239991168629454,631131.9925912409,6.236382527167432e-05,1.0
0.6713369810917094,5.035792479003309e-05,2.9523267625086695e-05,0.18695273980844118,2.00774459915037,10.038722995751849,0.62983318620832,0.0037386658252023,629833.18620832,6.243406204197562e-05,1.0
0.6780674281613911,5.078694063421331e-05,2.980473970882867e-05,0.18806320877999344,2.0220005794711557,10.110002897355779,0.627769110076132,0.0038955276361188748,627769.110076132,6.252428959438092e-05,1.0
0.0,5.0864119110288506e-05,2.9658248856836613e-05,0.18736173230669856,2.014252983452207,10.071264917261034,0.6288900182482831,0.0036134828616801507,628890.0182482831,6.230985558900636e-05,0.0
0.0,5.142152514856165e-05,2.937439799299762e-05,0.1874714958479881,2.0162295769417757,10.081147884708878,0.6286038582496963,0.003546849945672555,628603.8582496963,6.178218819970934e-05,0.0
0.0,5.137072817849648e-05,2.9244654048381247e-05,0.18797990518530783,2.01838298098147,10.09191490490735,0.6282922488220184,0.00425205919263406,628292.2488220184,6.252772089357259e-05,0.0
0.6716311807452077,5.064073143458807e-05,2.8970017271658366e-05,0.1882054539029502,2.018869146958879,10.094345734794393,0.6282219193032826,0.004632827109183065,628221.9193032826,6.258040712957123e-05,1.0
0.6674151448823132,5.111098164639836e-05,2.8960252858820424e-05,0.18859740740264236,2.0196403244025634,10.098201622012816,0.6281103757348594,0.005305190540144139,628110.3757348594,6.285754488286147e-05,1.0
0.6695666642928787,5.090357670863984e-05,2.901167498911044e-05,0.18872540099943635,2.019618878068282,10.098094390341409,0.6281134774777793,0.005564279476652043,628113.4774777794,6.271122543052962e-05,1.0
0.6780122130536287,5.1056506903177555e-05,2.893963845239919e-05,0.1889935198064452,2.0213439945227445,10.106719972613721,0.627864026066399,0.005851065679289392,627864.0260663991,6.228701236135724e-05,1.0
0.0,5.071164705087424e-05,2.946315345540725e-05,0.18909386704852887,2.0283239249722427,10.141619624861214,0.6268557407685328,0.005043474865590515,626855.7407685327,6.289418682183319e-05,0.0
0.6792201103691422,5.15195649649736e-05,2.9258069240393014e-05,0.1899027191640514,2.0399603217186413,10.199801608593205,0.6251784045432426,0.004983842871345428,625178.4045432425,6.284414488215961e-05,1.0
0.0,5.1050891253582526e-05,2.9690337809361747e-05,0.1892941694210646,2.0315977910773317,10.157988955386658,0.626383372705865,0.004971711547994215,626383.372705865,6.27428305084138e-05,0.0
0.6731777268510881,5.086115855145779e-05,2.938415928228088e-05,0.18948049372161874,2.029242821707903,10.146214108539516,0.6267231222839729,0.0056841097272103186,626723.1222839729,6.281782400294429e-05,1.0
0.0,5.089765973177729e-05,2.9418309367617727e-05,0.18904977376125207,2.0244318840748687,10.122159420374343,0.6274177653462085,0.005517312868712648,627417.7653462085,6.271800088401716e-05,0.0
0.6773515495217581,5.0333615373598264e-05,2.9784874802829793e-05,0.18871659641095442,2.018286522821371,10.091432614106854,0.6283062035439576,0.005739396365866456,628306.2035439576,6.232684750618215e-05,1.0
0.679522076674843,5.049220283042009e-05,3.0128584452449192e-05,0.18761792943855113,2.001760478211883,10.008802391059415,0.6307016282329893,0.005937487110091503,630701.6282329892,6.187141303112413e-05,1.0
0.0,5.128831401254544e-05,2.999993539409014e-05,0.1879630048151657,2.001967493206175,10.009837466030875,0.6306715653176986,0.0065975749480300366,630671.5653176986,6.159502513665218e-05,0.0
0.6808280513752308,5.1017316651947674e-05,3.0166457602229738e-05,0.1883085755703612,2.0067213470375047,10.033606735187522,0.629981600267194,0.006598751407916369,629981.600267194,6.196570803407314e-05,1.0
0.678021223762548,5.119454172842458e-05,3.028948217528441e-05,0.18842726839358376,2.0050359225777656,10.025179612888827,0.6302261330669371,0.007080669854104615,630226.1330669371,6.209908301366642e-05,1.0
0.0,4.979593320083681e-05,3.0121710778200903e-05,0.18801643761093903,2.0048456251622393,10.024228125811197,0.6302537486680757,0.00628662388995376,630253.7486680757,6.208844114936445e-05,0.0
0.6793611067435441,4.9780549936577655e-05,3.030406154378131e-05,0.18794651548453234,2.008933081938086,10.04466540969043,0.629660850726618,0.005553881695682714,629660.8507266181,6.202077611684593e-05,1.0
0.0,4.9628417794883e-05,3.08567279645214e-05,0.18842852493125262,2.0228656172509605,10.114328086254803,0.6276440820269515,0.004501131889456796,627644.0820269516,6.300533588823453e-05,0.0
0.67641844474025,4.9226600637780146e-05,3.098110360474976e-05,0.18834346137626737,2.018210659610711,10.091053298053556,0.6283171789866996,0.005004101739234327,628317.1789866996,6.248966884224308e-05,1.0
0.6864311179636183,4.978279385983881e-05,3.113138844637597e-05,0.18768675713429742,2.006130325275158,10.03065162637579,0.6300673389047492,0.005440853173344008,630067.3389047493,6.172358850775649e-05,1.0
0.6864721780730206,4.9624016141830126e-05,3.131040717090866e-05,0.1878820483671797,2.0051033172997186,10.025516586498593,0.6302163531624674,0.00598044989682677,630216.3531624674,6.168190490666456e-05,1.0
0.0,4.954279707544673e-05,3.0845906045283945e-05,0.18910921357991065,2.023836863587424,10.119184317937119,0.6275037328212159,0.005722159981037138,627503.7328212159,6.208174292640248e-05,0.0
0.6800993677530732,4.936334469654326e-05,3.096705532634015e-05,0.1881367662004816,2.0117511207313914,10.058755603656957,0.6292524105516859,0.005525942952649062,629252.410551686,6.211915766469366e-05,1.0
0.0,4.8417669866729856e-05,3.0642686347361793e-05,0.1886048843766746,2.0180174552725663,10.090087276362832,0.6283451315189157,0.005554900272264926,628345.1315189156,6.247314337177884e-05,0.0
0.670330060848673,4.7883323249356775e-05,3.0452866538205217e-05,0.18982078980803627,2.0292362384599665,10.146181192299832,0.6267240723022209,0.006365651918293455,626724.072302221,6.276201648775916e-05,1.0
0.0,4.840620352742975e-05,3.1092391741797665e-05,0.1885266756875384,2.0049961714968245,10.024980857484122,0.6302319015686618,0.0072852529437386114,630231.9015686618,6.230549393800125e-05,0.0
0.6644928930817744,4.738310413344117e-05,3.099456542406407e-05,0.18904254104185722,2.008998473302973,10.044992366514863,0.6296513700460701,0.00773645212978452,629651.3700460701,6.254658941461825e-05,1.0
0.0,4.70522843759645e-05,3.075262188429452e-05,0.1895720195128143,2.0148526102076443,10.074263051038221,0.628803193923962,0.00794723294959058,628803.193923962,6.331757730164874e-05,0.0
0.6508902101243076,4.6911378660300325e-05,3.108334422027905e-05,0.18971128091942505,2.011882205989693,10.059411029948464,0.6292334178005987,0.008655979639448832,629233.4178005987,6.330040097241943e-05,1.0
0.6561977421852128,4.78449620207401e-05,3.077737423502076e-05,0.18917486938316888,2.005180176259002,10.025900881295009,0.6302052000517473,0.008554938818085075,630205.2000517473,6.290846017289477e-05,1.0
0.6561194510148702,4.827236466307348e-05,3.062760100706344e-05,0.18865521037761374,1.999169949208582,9.995849746042909,0.6310779485212548,0.008388369276482226,631077.9485212548,6.280217571125434e-05,1.0
0.6710101342328457,4.802833210628546e-05,3.0989764637318026e-05,0.18840146469960067,1.995900865265654,9.97950432632827,0.6315531614314444,0.008356090830645676,631553.1614314443,6.191838624907928e-05,1.0
0.0,4.8720022312717525e-05,3.0982799614164056e-05,0.18795945909448963,1.9929618876434632,9.964809438217316,0.6319806936403437,0.007899611829322974,631980.6936403437,6.183470025374963e-05,0.0
0.0,4.837536395621262e-05,3.0494664508342815e-05,0.18758967523861594,1.9881948794630262,9.94097439731513,0.6326747644333188,0.007854114910550708,632674.7644333189,6.204320672931725e-05,0.0
0.6640395481293027,4.891240657895537e-05,3.0647968102472746e-05,0.18709797965431496,1.9849862293469411,9.924931146734705,0.6331423692818178,0.0073383285904477236,633142.3692818178,6.213687901722141e-05,1.0
0.6601336343208741,4.825471982441475e-05,3.0516068975809338e-05,0.18826949314180869,1.9971944229984686,9.985972114992343,0.6313650796444712,0.00790406592808856,631365.0796444712,6.252140620593235e-05,1.0
0.0,4.882625434382103e-05,3.0967703042252226e-05,0.18754647784433678,1.9851062467493479,9.925531233746739,0.6331248726163697,0.008217828305043296,633124.8726163697,6.240214263375606e-05,0.0
0.6524560619375248,4.864666243420912e-05,3.0766492897116944e-05,0.18666600921496665,1.9679135375816452,9.839567687908225,0.6356362345077831,0.008968252937716343,635636.2345077831,6.228781213872637e-05,1.0
0.6460433401036534,4.81594770650543e-05,3.1066530831292385e-05,0.187197737590621,1.9806231179023552,9.903115589511776,0.6337787712962629,0.008174246477504922,633778.771296263,6.301132219494986e-05,1.0
0.0,4.8087715717215056e-05,3.157790962437625e-05,0.18757956828881253,1.9790904779509024,9.895452389754512,0.6340024734437908,0.009161610021415861,634002.4734437908,6.307732808130257e-05,0.0
0.6472643363800339,4.8264633492730865e-05,3.1291068464745255e-05,0.18694187770135973,1.9756263454670593,9.878131727335296,0.6345083847113714,0.008392140114090823,634508.3847113714,6.286389001620208e-05,1.0
0.6592293252906885,4.805196660761339e-05,3.1207283189222893e-05,0.18661274150136498,1.9750016473203915,9.875008236601957,0.6345996602715375,0.007825143274267404,634599.6602715375,6.212475133777694e-05,1.0
0.6557192148752372,4.836790402845879e-05,3.129972510768177e-05,0.1866686558557439,1.977594381381775,9.887971906908874,0.6342209179238627,0.0075582296353505106,634220.9179238627,6.24680275143185e-05,1.0
0.6512961381236891,4.810904900605758e-05,3.101652687976188e-05,0.1866698820978815,1.9728019814829556,9.864009907414777,0.6349211611928655,0.008260925388628432,634921.1611928655,6.24822149113337e-05,1.0
0.6518643865619239,4.84570542229021e-05,3.1077284826178994e-05,0.18715299005762903,1.9784052531297693,9.892026265648846,0.6341025135142121,0.008408493629470151,634102.5135142121,6.264485124127359e-05,1.0
0.6561852999962271,4.870902416946236e-05,3.0988263043403616e-05,0.18643627954099878,1.9692145223290851,9.846072611645425,0.6354458500496224,0.008318409131619962,635445.8500496224,6.218497312443763e-05,1.0
0.6515292060378605,4.8704382158719146e-05,3.089497751105754e-05,0.18607912307049226,1.9668119701040117,9.834059850520058,0.6357974810906805,0.007955727231664983,635797.4810906805,6.239536271848875e-05,1.0
0.6532749188869457,4.850960335936179e-05,3.089175947864882e-05,0.18417913960007895,1.9453287681490838,9.72664384074542,0.6389503659115434,0.007308645111701334,638950.3659115434,6.175661047254935e-05,1.0
0.6536199183420233,4.8615181690057186e-05,3.089530370374941e-05,0.18543057437749963,1.9581445641347401,9.7907228206737,0.6370676371163145,0.007928785871313812,637067.6371163145,6.204421091350051e-05,1.0
0.0,4.891800492777289e-05,3.092656186039724e-05,0.18558318523264833,1.957220795886449,9.786103979432244,0.6372031593191152,0.008369529784411855,637203.1593191152,6.198250819434013e-05,0.0
0.6541250472473685,4.997054440558324e-05,3.072838271955226e-05,0.18649148000920354,1.9647774208860918,9.823887104430458,0.6360954043588627,0.009078364377269794,636095.4043588627,6.228533956883726e-05,1.0
0.6607251182052726,5.044084372837067e-05,3.0547263547856286e-05,0.18700024871950385,1.9702476183110325,9.851238091555162,0.6352947087142072,0.00929520615321496,635294.7087142073,6.205418682021804e-05,1.0
0.6600805866144831,5.0920021828711175e-05,3.050074200025171e-05,0.18679212027051426,1.976340803748525,9.881704018742624,0.6344040102598444,0.007988250800872893,634404.0102598444,6.235932208747871e-05,1.0
0.0,5.2445877489567096e-05,3.047729986787594e-05,0.18652997221372178,1.976736232387811,9.883681161939055,0.6343462498910711,0.007406194318514709,634346.2498910711,6.213392525654315e-05,0.0
0.6715314346709579,5.2654939178159675e-05,3.0336099068534435e-05,0.1869894786240445,1.9810837816674465,9.905418908337232,0.6337115488369788,0.007690506085067769,633711.5488369787,6.202256248752732e-05,1.0
0.0,5.2844162150252336e-05,3.0426558979789552e-05,0.18624568859411045,1.971849261907978,9.85924630953989,0.6350604602625275,0.007551837450748404,635060.4602625275,6.204736214889111e-05,0.0
0.6722615297005523,5.313928644440812e-05,2.98735992755912e-05,0.18531428092425448,1.9607004911075212,9.803502455537606,0.6366928178697604,0.007321379718269373,636692.8178697604,6.14551117285272e-05,1.0
0.666158255571219,5.2572017726725826e-05,2.965698741240669e-05,0.18504876199583414,1.9604754219503182,9.80237710975159,0.636725814749791,0.006823338741459221,636725.8147497909,6.170576573088348e-05,1.0
0.0,5.229862655398193e-05,2.95798693162977e-05,0.1848767535876955,1.9544681497073542,9.77234074853677,0.6376071595749463,0.007360666750337307,637607.1595749463,6.157211633857953e-05,0.0
0.0,5.199956938955612e-05,2.9331437373862565e-05,0.18612849486843527,1.9696334284457013,9.848167142228506,0.6353845599971671,0.007641549734037715,635384.5599971671,6.144255703045927e-05,0.0
0.666780014058909,5.228338499037478e-05,2.9833568030827982e-05,0.1865960675561286,1.9739922041698585,9.869961020849292,0.6347471792385538,0.007939314350811022,634747.1792385539,6.195683475267082e-05,1.0
0.6653295263753809,5.2150630009456686e-05,2.9842555224228908e-05,0.18597232408186368,1.9673475461852559,9.836737730926279,0.6357190787756749,0.007663726939402273,635719.0787756749,6.187165382826631e-05,1.0
0.0,5.2176729122004705e-05,2.9898735023212102e-05,0.18588877940292162,1.9652851908764948,9.826425954382474,0.6360210374742209,0.007798596280064132,636021.0374742209,6.192457340184155e-05,0.0
0.0,5.267692184963884e-05,2.975579111035822e-05,0.1857245508207637,1.967309552878846,9.83654776439423,0.6357246402498372,0.007173741891364609,635724.6402498372,6.226150627247717e-05,0.0
0.6534061897636859,5.3054958781998135e-05,2.975594161203917e-05,0.1857184373005207,1.9672833322597798,9.836416661298898,0.6357284784620728,0.00716535306311422,635728.4784620728,6.268904163135878e-05,1.0
0.6521966147254923,5.291299910483755e-05,2.9396246740507567e-05,0.1853614903692043,1.9706551259439267,9.853275629719633,0.6352351004741468,0.005958081212555381,635235.1004741468,6.280350537583001e-05,1.0
0.6491623766306798,5.2519741574301684e-05,2.9357376694868895e-05,0.18510299902732913,1.9719285688696713,9.859642844348356,0.6350488634640787,0.005254861518736996,635048.8634640787,6.298978510117781e-05,1.0
0.6480328486213816,5.3036984108642245e-05,2.908912663239279e-05,0.18409267266972373,1.958583430007577,9.792917150037885,0.6370032630267888,0.0051886083662362505,637003.2630267888,6.273368099122197e-05,1.0
0.0,5.336319001692433e-05,2.9024123024318084e-05,0.1832142730012653,1.9379027157323865,9.689513578661932,0.6400438492695184,0.0064723952720489916,640043.8492695184,6.207842091751105e-05,0.0
0.6542158101927844,5.249279780743815e-05,2.827566559394097e-05,0.18261552252659718,1.935408570968819,9.677042854844094,0.6404115307767012,0.00564257582989558,640411.5307767012,6.150841934706928e-05,1.0
0.0,5.228636488183525e-05,2.7971751319529093e-05,0.18285629657429267,1.942305326600426,9.71152663300213,0.6393953408684424,0.005107934017027737,639395.3408684424,6.172285075413376e-05,0.0
0.6474383219356985,5.232339531520693e-05,2.8451494214492812e-05,0.1827775497999211,1.9398355297227816,9.699177648613908,0.6397590631351914,0.005314162735033587,639759.0631351913,6.205148282960355e-05,1.0
0.0,5.266634226746331e-05,2.8731583654935217e-05,0.18426462361306895,1.9534044602623784,9.767022301311892,0.6377633437072023,0.0062925909333402166,637763.3437072024,6.253459409037009e-05,0.0
0.6544317890324678,5.3068066169583926e-05,2.9152663782611082e-05,0.18438623810783425,1.953867504064142,9.76933752032071,0.6376953491474989,0.006467825363167449,637695.349147499,6.219195357644502e-05,1.0
0.0,5.3148657846779987e-05,2.9585926887860137e-05,0.1856594779561203,1.968362114625379,9.841810573126894,0.6355705838698156,0.006889539782056179,635570.5838698156,6.285666997267259e-05,0.0
0.6543069936376261,5.3378308455523815e-05,2.979610457735228e-05,0.18649411905232835,1.9805139067255144,9.902569533627572,0.6337947090064201,0.006782947111076816,633794.7090064201,6.303467147747832e-05,1.0
0.0,5.3342810687602415e-05,2.9664321880191493e-05,0.18719318007840127,1.991416497242749,9.957082486213745,0.6322056172175831,0.006591977374385592,632205.6172175831,6.264919200247386e-05,0.0
0.0,5.2939028629760085e-05,2.9359860158707974e-05,0.18638314071768775,1.9795530509558241,9.89776525477912,0.6339349485675563,0.006701230002931758,633934.9485675563,6.26407013984274e-05,0.0
0.0,5.2749615861644254e-05,2.9716686337168723e-05,0.18629390945367283,1.9801333966164396,9.900666983082198,0.6338502418002144,0.006438060707560071,633850.2418002144,6.234855835022422e-05,0.0
0.6552410036645849,5.270411913773142e-05,2.9741723002741568e-05,0.18743056888676066,1.9927584635589342,9.96379231779467,0.6320102963892464,0.006871434162767742,632010.2963892465,6.318149906702569e-05,1.0
0.0,5.2632697129967496e-05,3.049509538760131e-05,0.18726892181672727,1.995626741535336,9.97813370767668,0.6315930258965851,0.006130869530039595,631593.0258965851,6.357028728705392e-05,0.0
0.6517406730653781,5.163725673514641e-05,3.037566408704606e-05,0.18793930644173057,2.001257805754619,10.006289028773095,0.6307746327722611,0.00665324565572222,630774.632772261,6.360913173546364e-05,1.0
0.6514439629870472,5.140576993297876e-05,3.096001956173928e-05,0.18697126506775386,1.9873537765883704,9.936768882941852,0.6327973071132514,0.0067398372487591516,632797.3071132514,6.336778522820179e-05,1.0
0.6400480441018268,5.140575736086376e-05,3.089378163329577e-05,0.1883633528696201,2.0067946003626838,10.033973001813418,0.6299709743302433,0.006697680069483537,629970.9743302433,6.454730257598631e-05,1.0
0.0,5.1236957217693634e-05,3.127672057980746e-05,0.18740126381930006,1.9987449643297759,9.993724821648879,0.6311397065494005,0.005942234188000655,631139.7065494006,6.459851503517631e-05,0.0
0.0,5.108880617558397e-05,3.176019368938105e-05,0.1857461918336835,1.9788258136256784,9.894129068128391,0.6340411115008747,0.005533495168241707,634041.1115008747,6.411939845647062e-05,0.0
0.6253830004082607,5.131102573747458e-05,3.141810483713922e-05,0.18586504237723536,1.9757380399749143,9.87869019987457,0.6344920662469727,0.006222151001443462,634492.0662469728,6.485597525114682e-05,1.0
0.6239707673299598,5.0745326629200774e-05,3.124424331690917e-05,0.18409341560109382,1.9517484406602053,9.758742203301026,0.6380065772802103,0.00619340848239791,638006.5772802102,6.422225908653056e-05,1.0
0.6190839157064736,4.991639898964115e-05,3.090946468286143e-05,0.1834740792494465,1.9418622203990894,9.709311101995446,0.6394605810467934,0.0064087395456863625,639460.5810467934,6.408107706426582e-05,1.0
0.0,4.974398611442999e-05,3.0522292042726736e-05,0.18525325228183567,1.9686100943221518,9.84305047161076,0.6355342941844436,0.006040798748114962,635534.2941844437,6.439821952453882e-05,0.0
0.0,5.0131163594892283e-05,3.071196625702969e-05,0.1850533604505759,1.9654374846606768,9.827187423303384,0.6359987345538881,0.006105455455039937,635998.7345538881,6.375282927999378e-05,0.0
0.0,5.0972316842737755e-05,3.063873842081439e-05,0.18375286970408425,1.9518508632876654,9.759254316438327,0.6379915309137106,0.005497270321879149,637991.5309137106,6.327448521481444e-05,0.0
0.0,5.134393462543037e-05,3.0641673549355145e-05,0.18391216925286402,1.953066824887573,9.765334124437866,0.6378129275368575,0.005637266042585509,637812.9275368574,6.326684240747025e-05,0.0
0.0,5.0582924052987344e-05,3.0795711818860026e-05,0.1834575714002377,1.945027450939502,9.72513725469751,0.6389946983698935,0.005909841170368901,638994.6983698935,6.311583369838581e-05,0.0
0.6416735131681169,5.045508195223921e-05,3.022258153236835e-05,0.18429470699174938,1.954772093917451,9.773860469587255,0.6375625377270553,0.006151951710554032,637562.5377270553,6.288371551030429e-05,1.0
0.0,5.057429750373519e-05,3.06041597029081e-05,0.1835202032394737,1.9467812042452417,9.733906021226208,0.6387367137821505,0.005777120261097871,638736.7137821504,6.284185730188708e-05,0.0
0.6456313181574717,5.065160711212228e-05,3.048734825984796e-05,0.18375416040861703,1.9505529172616882,9.752764586308441,0.6381822315465916,0.005690552363825663,638182.2315465916,6.264358792617002e-05,1.0
0.6441303381680705,5.0908227246351275e-05,3.0637321686522355e-05,0.1831605004953362,1.94007126854773,9.70035634273865,0.6397243373988676,0.006045338389539965,639724.3373988676,6.252657171624683e-05,1.0
0.6397829246621295,5.043153822819387e-05,3.0810789104560474e-05,0.18514341858771552,1.9672601246246808,9.836300623123403,0.6357318756486791,0.006018712824110117,635731.8756486791,6.344627526297263e-05,1.0
0.6438930161176165,5.0455379007405366e-05,3.120581229069842e-05,0.1855276667569652,1.9729511593324602,9.864755796662301,0.6348993523625275,0.00595468587645786,634899.3523625275,6.342460296070421e-05,1.0
0.6487612127320687,5.065643284214532e-05,3.115023882854954e-05,0.18597716455871893,1.9720370781709864,9.860185390854932,0.6350329968458036,0.0069873259632414805,635032.9968458036,6.307058877243924e-05,1.0
0.6407678966531906,5.105613966195424e-05,3.049014281426567e-05,0.1855962002510552,1.9696667541012538,9.848333770506269,0.6353796843824332,0.006572084884543588,635379.6843824332,6.343903222954771e-05,1.0
0.0,5.063215778540876e-05,3.0497478242016426e-05,0.1855397945654851,1.964737419186735,9.823687095933675,0.636101263289927,0.007180852420897207,636101.263289927,6.353372521743418e-05,0.0
0.6360551410079349,5.044693619607914e-05,3.0547740734624575e-05,0.1847733157491144,1.9578335360049253,9.789167680024626,0.637113263542498,0.006659895040726798,637113.263542498,6.335841524328783e-05,1.0
0.0,4.9086088632120886e-05,3.0226507662190048e-05,0.18445355979413922,1.950792898023015,9.753964490115074,0.6381469680945195,0.007054087682797969,638146.9680945196,6.357467608598074e-05,0.0
0.6248172156840098,4.879363587568958e-05,3.026622470527613e-05,0.1859627527009156,1.968560328567174,9.84280164283587,0.6355415768063728,0.0074670822082039965,635541.5768063728,6.398774329406926e-05,1.0
0.0,4.8555555711690266e-05,3.015259468075272e-05,0.18550195245770476,1.963662982418618,9.81831491209309,0.6362586530711019,0.007262557986511394,636258.6530711019,6.362368277569918e-05,0.0
0.6310712367936246,4.807465234337274e-05,2.9746716602352913e-05,0.1837147780758939,1.9430955337038616,9.715477668519307,0.6392790122485623,0.006708568400350112,639279.0122485623,6.275834377421375e-05,1.0
0.6340308881511123,4.819596537162161e-05,2.995322773880864e-05,0.18247975940428157,1.9325739458209854,9.662869729104926,0.6408296616218783,0.005789180430441401,640829.6616218783,6.241934522790342e-05,1.0
0.0,4.8204073348166545e-05,2.9785045638763128e-05,0.18315108139176328,1.943199713104557,9.715998565522785,0.6392636772838434,0.0055658400673699055,639263.6772838434,6.287440562173961e-05,0.0
0.6212113214397118,4.7110384942414405e-05,2.9667430961566745e-05,0.1832248637047259,1.9418124782765525,9.709062391382762,0.6394679051805469,0.00591763258999867,639467.9051805468,6.321076425968932e-05,1.0
0.0,4.727593122821699e-05,2.9535308688149285e-05,0.1829832442476724,1.9416354127096576,9.708177063548288,0.6394939773643041,0.005460465859648907,639493.9773643041,6.316008163927178e-05,0.0
0.0,4.686625053825814e-05,2.9915246093625544e-05,0.1839986859824481,1.9545008489696554,9.772504244848276,0.6376023588680216,0.005599730832917793,637602.3588680216,6.379327109772183e-05,0.0
0.0,4.7171770007088235e-05,2.9904666323221016e-05,0.1831694897185199,1.9476391660985393,9.738195830492696,0.6386105418802642,0.004949521317304014,638610.5418802642,6.349883319902371e-05,0.0
0.0,4.6587408983082135e-05,2.9930302942920342e-05,0.18370302796439947,1.9550105599978775,9.775052799989387,0.637527530866107,0.004933586794905952,637527.530866107,6.339248155997921e-05,0.0
0.6310495242918476,4.667066407268596e-05,2.9799506037746015e-05,0.18304247820157762,1.9492315173000438,9.74615758650022,0.6383764367037532,0.0044613931069084675,638376.4367037532,6.28057671711926e-05,1.0
0.0,4.659566912678899e-05,2.9942375963667566e-05,0.18357585162583273,1.9560056533215666,9.780028266607832,0.6373814717421576,0.004533174993823085,637381.4717421576,6.278174899825427e-05,0.0
0.0,4.681530668672837e-05,3.0348323858929415e-05,0.18328271960752224,1.9529741877474387,9.764870938737193,0.6378265325440984,0.004391971759142857,637826.5325440983,6.228773297736188e-05,0.0
0.6354025331891991,4.694134919181948e-05,3.053571562699678e-05,0.1829328788324091,1.9514992122439332,9.757496061219666,0.638043191591023,0.0039089492558412,638043.191591023,6.282444451345779e-05,1.0
0.0,4.687494012047236e-05,3.07310614028573e-05,0.18350206414961462,1.9606705645741673,9.803352822870837,0.6366972052325507,0.0037013335317799055,636697.2052325507,6.314477796545926e-05,0.0
0.6346999501485325,4.616930516104079e-05,3.089830923656546e-05,0.18393691481465443,1.968937401359509,9.844687006797544,0.6354863988007144,0.0033602284300233106,635486.3988007144,6.32802041533214e-05,1.0
0.0,4.5507315076089456e-05,3.04662702588408e-05,0.1835992428689815,1.9679043734782729,9.839521867391364,0.6356375757733411,0.002836061511304138,635637.5757733411,6.372984360260749e-05,0.0
0.0,4.5305225305021555e-05,3.0194109204154243e-05,0.18364326780717052,1.9638300493087595,9.819150246543797,0.6362341775793817,0.003520713193722764,636234.1775793817,6.31866606023652e-05,0.0
0.0,4.539498085695633e-05,3.0128730801991422e-05,0.18484001452791005,1.980544924167401,9.902724620837004,0.6337901824418027,0.003470211497622846,633790.1824418027,6.352157143566958e-05,0.0
0.0,4.5182957266217644e-05,2.9908396973203626e-05,0.18481283819985841,1.9868273337990325,9.934136668995162,0.6328740181434167,0.0024996945431335566,632874.0181434167,6.423837484746123e-05,0.0
0.6225275840114594,4.5591904086183025e-05,2.9590867926312756e-05,0.18446611023497714,1.9831793690364732,9.915896845182365,0.6334058397785193,0.002338060248473543,633405.8397785192,6.405260974633014e-05,1.0
0.0,4.554045554485352e-05,2.903739784552533e-05,0.18431936540751986,1.9769849380228461,9.88492469011423,0.6343099240853735,0.0029486549004132043,634309.9240853734,6.458233059410247e-05,0.0
0.604190203780247,4.51471400715667e-05,2.865269112467458e-05,0.1849806487893069,1.9876942143318108,9.938471071659054,0.6327477049071625,0.002709002485776252,632747.7049071625,6.502258981078841e-05,1.0
0.5984232545382547,4.510514912364141e-05,2.860267963497831e-05,0.18552997366712332,1.989094330905706,9.94547165452853,0.6325437470408809,0.003603694375127541,632543.7470408808,6.538276580867561e-05,1.0
0.0,4.531597605932686e-05,2.8609798132233078e-05,0.18527653200786057,1.9876769143363313,9.938384571681656,0.632750225444423,0.003303289460144196,632750.225444423,6.567469069075704e-05,0.0
0.5951666233460018,4.557209889755261e-05,2.8399686036749243e-05,0.1855710462244743,1.9890731278052305,9.945365639026152,0.632546835249901,0.0036889276988495393,632546.8352499009,6.563042140890695e-05,1.0
0.6009261732184971,4.659984648559813e-05,2.8455369879819225e-05,0.18615512246349555,1.992669633995496,9.963348169977479,0.6320232235101769,0.004333468437168054,632023.2235101769,6.549579870000939e-05,1.0
0.6012290977012633,4.6333394885884454e-05,2.8356112389950327e-05,0.18629375308378576,1.992249349841278,9.96124674920639,0.6320843898870089,0.00467189605458041,632084.3898870089,6.537707834318739e-05,1.0
0.6086604093277842,4.6369987657371567e-05,2.8716162218363475e-05,0.18688938680910505,2.0044412315128826,10.022206157564412,0.6303124375279582,0.004091211146168287,630312.4375279582,6.53143787420403e-05,1.0
0.6108348646152453,4.665564987763385e-05,2.8693351244788756e-05,0.18761897587364584,2.0169457916447446,10.084728958223723,0.6285002008874925,0.0037381526347841387,628500.2008874925,6.554313692128355e-05,1.0
0.612375493876323,4.6710825400480764e-05,2.8928383484313496e-05,0.18833424969086457,2.0219257570038676,10.109628785019337,0.6277799256955526,0.004448425077281747,627779.9256955526,6.560392439788483e-05,1.0
0.0,4.6526299819476823e-05,2.9010779943315632e-05,0.1891490358272446,2.0352344317687465,10.176172158843732,0.6258590791930809,0.0041571508475701235,625859.0791930809,6.638229615614681e-05,0.0
0.6002630683335263,4.5821145234915166e-05,2.8609943032676105e-05,0.1894067264603383,2.0346147108147536,10.173073554073769,0.6259483931668932,0.004761846087569823,625948.3931668932,6.647475713827666e-05,1.0
0.5906491243962664,4.564930505069035e-05,2.861054671930143e-05,0.18979881359060982,2.040825726648505,10.204128633242524,0.6250538396236913,0.004651466804910955,625053.8396236913,6.726663001409835e-05,1.0
0.5986698980628637,4.519946774331764e-05,2.82676485551168e-05,0.19055102191050624,2.0500537753042543,10.25026887652127,0.6237271123074098,0.004829156128422311,623727.1123074099,6.676454826424118e-05,1.0
0.6035929212351203,4.44321750478894e-05,2.8269859332549387e-05,0.19091538305007247,2.059243082598335,10.296215412991675,0.6224087532671985,0.004239519367343389,622408.7532671985,6.655890375895153e-05,1.0
0.604791709051188,4.414569212609632e-05,2.8080922900729192e-05,0.19139187408319125,2.0672182124237515,10.336091062118758,0.6212668470262578,0.004050595192640272,621266.8470262578,6.659012187240747e-05,1.0
0.0,4.373923242319117e-05,2.8233893352760052e-05,0.19158764574185014,2.0721857401160935,10.360928700580468,0.6205566386148673,0.003731930098567606,620556.6386148673,6.7103865072684e-05,0.0
0.5995547692159212,4.415634104737382e-05,2.786650918446499e-05,0.19299913709677236,2.0903133064701525,10.451566532350762,0.6179718171283306,0.003970091321875341,617971.8171283306,6.745819664005484e-05,1.0
0.6085796649051531,4.457376014513349e-05,2.7913589548359524e-05,0.19256982519323854,2.0831100824880946,10.415550412440473,0.6189976378988187,0.004137288285295775,618997.6378988187,6.6773760710242e-05,1.0
0.6102633089414877,4.423034529744038e-05,2.8127042432161294e-05,0.19251495594109505,2.079895672962731,10.399478364813653,0.6194559555855226,0.004485867467712677,619455.9555855226,6.656594296830241e-05,1.0
0.6181190673119771,4.421562407621002e-05,2.8436780254310767e-05,0.1921804088622233,2.076152654736975,10.380763273684874,0.6199900711423655,0.004350888866812087,619990.0711423655,6.606171701244736e-05,1.0
0.0,4.340219026362955e-05,2.8238794321859284e-05,0.19163268321184793,2.0709489301945974,10.354744650972986,0.6207333896301327,0.003998756053828556,620733.3896301327,6.547037815556252e-05,0.0
0.6133260282633867,4.328697648326561e-05,2.8279343727084252e-05,0.1902119625123223,2.049642231156556,10.24821115578278,0.6237862204508795,0.004210145475524139,623786.2204508795,6.55034259268937e-05,1.0
0.6173393325314209,4.362072790395147e-05,2.836900094441604e-05,0.19092719115972048,2.0623980345905077,10.311990172952537,0.6219567657950692,0.0038111481145101395,621956.7657950692,6.567159094977871e-05,1.0
0.6201000688394863,4.416078229067949e-05,2.8865758809390548e-05,0.19043353118892678,2.050889669308235,10.254448346541173,0.6236070740375776,0.004474136415431231,623607.0740375776,6.539359487486232e-05,1.0
0.6189549447375275,4.3921043104020246e-05,2.8444044614977695e-05,0.19050900182395153,2.051570025009531,10.257850125047653,0.623509388845925,0.00452739249382805,623509.388845925,6.534028980040116e-05,1.0
0.0,4.4568549672203605e-05,2.8201832959156825e-05,0.18938556037163506,2.0363200127325913,10.181600063662955,0.6257026563458289,0.004473777089099011,625702.6563458289,6.484257002259189e-05,0.0
0.6278828626592298,4.39193327180028e-05,2.907913504779451e-05,0.18995093302883445,2.041800769785137,10.209003848925683,0.6249135233010232,0.0048153893586921365,624913.5233010232,6.468869924513369e-05,1.0
0.0,4.341713216407085e-05,2.901562316165183e-05,0.18935785458898838,2.0331107940300317,10.165553970150158,0.6261651901438257,0.004880899321802436,626165.1901438256,6.434538586999447e-05,0.0
0.6269729380019561,4.390362045360837e-05,2.846801255544781e-05,0.18812667878263556,2.0210889589083405,10.105444794541702,0.6279008979116777,0.0041542554769487886,627900.8979116777,6.411565831512455e-05,1.0
0.6227619818398785,4.486110865881783e-05,2.8323887261334404e-05,0.1880297595967668,2.0226106143749907,10.113053071874953,0.6276809362241815,0.003740455417715096,627680.9362241816,6.454752160856167e-05,1.0
0.6160720508785478,4.521060247973332e-05,2.7526747549668408e-05,0.18781725822493794,2.0151510562826647,10.075755281413322,0.6287599842114172,0.004394500661293102,628759.9842114173,6.4605618222236e-05,1.0
0.0,4.528621923687165e-05,2.7648488812411887e-05,0.18745641824031106,2.0091064441961475,10.045532220980737,0.6296357163413674,0.004548552821989531,629635.7163413673,6.404424601453317e-05,0.0
0.0,4.428290297887311e-05,2.7938454464247114e-05,0.1872018480670339,2.0106422114642206,10.053211057321104,0.6294131017303002,0.00381679786436802,629413.1017303002,6.434286822351339e-05,0.0
0.0,4.338602139127391e-05,2.7706186662111548e-05,0.18791548225389462,2.018429261771281,10.092146308856403,0.628285553432649,0.004116517940438243,628285.553432649,6.463863962590994e-05,0.0
0.0,4.358300573189637e-05,2.7610845752193863e-05,0.18721524936077824,2.009876671657138,10.04938335828569,0.6295240594501381,0.003954558171694603,629524.0594501381,6.419385041123977e-05,0.0
0.0,4.353231428247285e-05,2.7935725083760658e-05,0.18632352582636993,1.9997672134840803,9.9988360674204,0.6309911653792665,0.0036382170320063204,630991.1653792665,6.395680441337307e-05,0.0
0.6130068327922774,4.3108750405747335e-05,2.7451945942631624e-05,0.18611832305007042,2.0000067058812214,10.000033529406107,0.6309563702284084,0.003193016328549271,630956.3702284085,6.409522539687115e-05,1.0
0.6121067226448875,4.3279341688047414e-05,2.7106435660119126e-05,0.18682784379008516,2.0053990975661775,10.026995487830888,0.6301734331574673,0.003829120737637629,630173.4331574673,6.42022499183451e-05,1.0
0.0,4.347132053804037e-05,2.7095872392402053e-05,0.1874498341276107,2.01991866753346,10.0995933376673,0.6280701208816608,0.0029697891368822013,628070.1208816608,6.466796671819037e-05,0.0
0.6176768145755467,4.40741020615497e-05,2.6928254493313966e-05,0.18650624805165314,2.008806998199854,10.04403499099927,0.6296791312136185,0.002691627316924812,629679.1312136186,6.408788967917599e-05,1.0
0.6087181660608806,4.4260921161825054e-05,2.690152933420561e-05,0.18636599165279072,2.0054511872231533,10.027255936115766,0.6301658748479605,0.002897858153541937,630165.8748479605,6.456448972354885e-05,1.0
0.6190229885377077,4.4989899922755746e-05,2.6584373651699542e-05,0.18767560066290373,2.017100023729443,10.085500118647214,0.6284778811991154,0.0038290825249228467,628477.8811991154,6.422836101665321e-05,1.0
0.6172810357732008,4.509409893907504e-05,2.6716980224442003e-05,0.18927555759764247,2.0364889686162413,10.182444843081207,0.6256783147773146,0.004229429972599549,625678.3147773147,6.485042279735328e-05,1.0
0.6165086075714197,4.5134549462889865e-05,2.6737870694399167e-05,0.18835288304946793,2.025828279250829,10.129141396254145,0.6272160629664453,0.003921829065381157,627216.0629664452,6.465517063048213e-05,1.0
0.615989698299362,4.5764014566755657e-05,2.6967870428781093e-05,0.18822467879701174,2.017923594467746,10.08961797233873,0.6283587116171034,0.004808069211126941,628358.7116171034,6.461024725595632e-05,1.0
0.0,4.5359513835399824e-05,2.708863287034956e-05,0.18818748248324854,2.02137612352449,10.106880617622448,0.6278593811605548,0.004234346127051916,627859.3811605548,6.444080622899519e-05,0.0
0.6191031261875146,4.685954728532491e-05,2.7208867234691375e-05,0.1878626275130933,2.015171169632069,10.075855848160344,0.6287570722610019,0.004482327287188455,628757.0722610019,6.459831342736693e-05,1.0
0.6191455032092477,4.7109985078701775e-05,2.6830797683638515e-05,0.18746767099649939,2.007275428694328,10.03637714347164,0.629901231071322,0.004836573064320793,629901.231071322,6.43241450156886e-05,1.0
0.62751939821773,4.735820000354658e-05,2.7041959195459206e-05,0.1874657201796518,2.0095746261841305,10.047873130920653,0.6295678434521306,0.004499283811434157,629567.8434521306,6.398291528524608e-05,1.0
0.6339751583280054,4.767358399046195e-05,2.700186009100869e-05,0.18880233964154192,2.024877333197846,10.12438666598923,0.6273534153780658,0.0049580946611496,627353.4153780658,6.400216885149332e-05,1.0
0.0,4.865868054831853e-05,2.701184339689363e-05,0.1877410158404796,2.011284963582895,10.056424817914476,0.6293199560224969,0.004801987703456128,629319.9560224969,6.367216642133988e-05,0.0
0.6474022352182518,4.9081760643188464e-05,2.7386085841873e-05,0.18903420440362156,2.0260426053890326,10.130213026945162,0.6271851103559029,0.005253519163145988,627185.1103559028,6.353435016281952e-05,1.0
0.6363738568113061,4.8297597440822734e-05,2.7222533458080472e-05,0.18816880851954035,2.019774061095423,10.098870305477114,0.6280910339945093,0.004428651033589964,628091.0339945093,6.390012264995013e-05,1.0
0.6349664825769546,4.9033380684390034e-05,2.7683438087456562e-05,0.18852963792420557,2.0228364990860963,10.114182495430482,0.6276482902096214,0.004707566058032602,627648.2902096214,6.426324456142847e-05,1.0
0.6281158725264124,4.8882264780979725e-05,2.816311191551936e-05,0.18959410757732872,2.038288276315393,10.191441381576965,0.6254191462458677,0.004607361400525148,625419.1462458677,6.516374564673067e-05,1.0
0.6212977337088905,4.895819702177979e-05,2.8425685008418285e-05,0.19011451654414077,2.0407757467121064,10.203878733560531,0.625061032975717,0.005290066063998556,625061.032975717,6.569822867860424e-05,1.0
0.0,4.833940609525656e-05,2.8162985065019693e-05,0.1898777319655579,2.0369853212958726,10.184926606479362,0.6256068104467173,0.00536227437783311,625606.8104467173,6.54443194035419e-05,0.0
0.6239062865943766,4.863571898241338e-05,2.7543837390031218e-05,0.19070006544364151,2.0434273710969024,10.217136855484512,0.6246795127698535,0.006079643657136507,624679.5127698535,6.529417808234968e-05,1.0
0.6385705872109311,4.8337317457731335e-05,2.7916611116508575e-05,0.1906791120370632,2.04082716165164,10.204135808258199,0.6250536330923839,0.006411857166510303,625053.633092384,6.438167116547032e-05,1.0
0.0,4.842065592757345e-05,2.7991694412577726e-05,0.19099937060696223,2.0452241289145534,10.226120644572767,0.6244211245797315,0.006419865793656018,624421.1245797315,6.434250526709168e-05,0.0
0.6316974522119307,4.8310193306341586e-05,2.7808301283079734e-05,0.19101985129012794,2.0422728363524842,10.21136418176242,0.6248456005523342,0.0068853031325900454,624845.6005523342,6.477418076890618e-05,1.0
0.6400723463613202,4.930649584108268e-05,2.820420396054482e-05,0.1918076894285357,2.050038908595325,10.250194542976624,0.6237292474451304,0.007344626302201805,623729.2474451304,6.468563018052615e-05,1.0
0.0,5.0311496074333826e-05,2.7981652217070582e-05,0.1908773165368229,2.0350958134979162,10.175479067489581,0.6258790557047575,0.007633688778403376,625879.0557047576,6.422038335531896e-05,0.0
0.6467147780154884,5.032852273795452e-05,2.7894772595259887e-05,0.1895460380591313,2.024258680987021,10.121293404935106,0.6274427881972601,0.006534864315522717,627442.7881972601,6.37562242074643e-05,1.0
0.0,5.035394113887986e-05,2.809434425264979e-05,0.18828046533517478,2.0096842231186014,10.048421115593007,0.6295519561134805,0.006112886783830064,629551.9561134805,6.348136616318034e-05,0.0
0.0,5.01601408329275e-05,2.779837651811233e-05,0.18861041994997407,2.008926244364266,10.04463122182133,0.6296618420714583,0.006882681971406424,629661.8420714582,6.382345688788194e-05,0.0
0.0,5.0709941162020346e-05,2.7809564714867964e-05,0.1872038637214899,1.993452337288883,9.967261686444415,0.6319093279612809,0.0063170554042606625,631909.3279612808,6.294284001016751e-05,0.0
0.0,5.053128240361325e-05,2.8180114575744615e-05,0.18696713328984763,1.9866649747924372,9.933324873962185,0.6328976782915131,0.006831944871208352,632897.6782915131,6.234669252170828e-05,0.0
0.64828939965308,5.030998811821814e-05,2.8279845507316062e-05,0.18638689276789167,1.9758565892509001,9.8792829462545,0.6344747467663907,0.0072485323021740196,634474.7467663907,6.25088675319142e-05,1.0
0.6478347286709332,5.079308478768626e-05,2.8688476498216844e-05,0.18734713337278247,1.9911362197612705,9.955681098806352,0.6322464187297746,0.006940685475339525,632246.4187297747,6.308852930099617e-05,1.0
0.6510834617262085,5.0508073544274205e-05,2.9054787675654305e-05,0.1861699118009063,1.9814066918442865,9.907033459221433,0.6336644323504618,0.006004255952274372,633664.4323504617,6.274127445852775e-05,1.0
0.0,5.047903455616446e-05,2.9076013422467704e-05,0.18515487997116306,1.9689131009781673,9.844565504890836,0.6354899545919288,0.005799714534254922,635489.9545919289,6.291693737220428e-05,0.0
0.0,4.9678798474285674e-05,2.8393470741111135e-05,0.18594348703350969,1.9720182242962616,9.860091121481307,0.635035753698367,0.006922727765386329,635035.7536983669,6.255117459228466e-05,0.0
0.6407566199921158,5.0037317677361544e-05,2.809386963772432e-05,0.18703005797286854,1.989446071355953,9.947230356779764,0.6324925186182369,0.006552634563973925,632492.5186182369,6.32412204364367e-05,1.0
0.0,5.100700479340525e-05,2.836099247868518e-05,0.18679681195217554,1.9884964791363773,9.942482395681886,0.6326308292960438,0.0062244532003948114,632630.8292960437,6.316690782523735e-05,0.0
0.641928416325246,5.134747738393704e-05,2.792869720302589e-05,0.18657372769004346,1.988339356488879,9.941696782444394,0.6326537175511451,0.0058011729312320015,632653.7175511451,6.33158529929172e-05,1.0
0.0,5.205142742003196e-05,2.7872115482389287e-05,0.18787510039356742,2.001480143969886,10.00740071984943,0.6307423409237473,0.0064925417108821215,630742.3409237473,6.289607966469089e-05,0.0
0.6568408588161421,5.158734780354265e-05,2.8016217356848212e-05,0.18848439920955742,2.0102328344726526,10.051164172363263,0.6294724346017371,0.006441233020851926,629472.4346017371,6.301950439798287e-05,1.0
0.6555110328452054,5.16737629884859e-05,2.84967642184397e-05,0.18865684311686887,2.0142823276293185,10.071411638146593,0.6288857690122226,0.0061994552459603185,628885.7690122226,6.332650707098711e-05,1.0
0.6538804286970841,5.116870776653149e-05,2.835432302513458e-05,0.18860559108885336,2.0081732737927305,10.040866368963652,0.629771020971932,0.006982203149638788,629771.0209719321,6.313539268194887e-05,1.0
0.0,5.103145083841018e-05,2.8194190251906953e-05,0.189099221828038,2.012569387379742,10.06284693689871,0.6291338624745377,0.0073323061306137804,629133.8624745377,6.36032636367218e-05,0.0
0.6419585989256381,5.1396927560318234e-05,2.8214572716920165e-05,0.18789062508809962,1.9987101586786205,9.993550793393101,0.6311447647109472,0.006926014887146375,631144.7647109472,6.359754384229143e-05,1.0
0.6483978344966268,5.141989931566352e-05,2.8355555153524793e-05,0.1871638377982569,1.992499200011122,9.962496000055609,0.6320480270373587,0.006375702633872557,632048.0270373587,6.312210499053127e-05,1.0
0.0,5.068518081804964e-05,2.8342170002235468e-05,0.18854042418776246,2.006963842520452,10.034819212602258,0.6299464251881102,0.007027273563635093,629946.4251881102,6.370472634885956e-05,0.0
0.0,5.001396264891977e-05,2.86901071068565e-05,0.18950713706108613,2.019844492517454,10.099222462587269,0.628080848052061,0.007095122174233249,628080.848052061,6.369833119589917e-05,0.0
0.6460137585132211,4.9323101430195984e-05,2.847656181481083e-05,0.1894364361278006,2.0238224496604587,10.119112248302292,0.6275058154652193,0.0063786877208205275,627505.8154652193,6.378994037916146e-05,1.0
0.6445515381440781,4.958236569656186e-05,2.8543078858528327e-05,0.18759534614702533,2.004052463453483,10.020262317267413,0.6303688638289067,0.0055595561229573424,630368.8638289067,6.346864161602635e-05,1.0
0.6527415268120025,5.062266565045896e-05,2.8705781094431865e-05,0.18647676810163855,1.9918891989045815,9.959445994522907,0.6321368094396213,0.005090345642898317,632136.8094396213,6.288662852233186e-05,1.0
0.6506192871945384,5.129144145944989e-05,2.861159562957147e-05,0.1857329277548227,1.9852566906403493,9.926283453201746,0.6331029409263434,0.004568796435988835,633102.9409263434,6.293510570040102e-05,1.0
0.0,5.031762003068786e-05,2.889127669794803e-05,0.18517204683865113,1.983834566514155,9.919172832570775,0.6333102883445161,0.0036543820218183404,633310.2883445161,6.272187210471274e-05,0.0
0.6588761703672861,5.102180559910899e-05,2.8958138726361774e-05,0.18407124632619656,1.9716537636788123,9.85826881839406,0.6350890482356646,0.0032315408880577256,635089.0482356646,6.222062261676829e-05,1.0
0.0,5.146956969563414e-05,2.921562966578022e-05,0.1837704845113096,1.9697575511694136,9.848787755847068,0.6353664007668555,0.0029073697894746444,635366.4007668555,6.236662702859928e-05,0.0
0.0,5.0667528328957075e-05,2.9289548304879266e-05,0.1850599386025474,1.9880353525275791,9.940176762637895,0.6326980045443981,0.002817881749492866,632698.004544398,6.255032641446112e-05,0.0
0.665352046129565,5.050257695402268e-05,2.941667871022785e-05,0.1858642436938171,1.992283004245614,9.96141502122807,0.6320794917494327,0.003807979137066865,632079.4917494326,6.237347821457763e-05,1.0
0.6606081202740386,5.104028662069013e-05,2.9238627608968485e-05,0.18602988053867403,1.9946256104503122,9.97312805225156,0.6317386368409283,0.003798397918276391,631738.6368409283,6.273306211953536e-05,1.0
0.6602326853038332,5.1294697643743726e-05,2.906462354523175e-05,0.18531688684043665,1.984557544051121,9.922787720255604,0.6332048688601655,0.0038386425410387556,633204.8688601655,6.249657916796751e-05,1.0
0.0,5.061425616467486e-05,2.9450650018305746e-05,0.1843313298502183,1.9684765453029733,9.842382726514867,0.6355538376716808,0.004216497372117452,635553.8376716808,6.164066553933904e-05,0.0
0.0,5.090734211927946e-05,2.965229015129573e-05,0.18347614101752646,1.9568250501414834,9.784125250707417,0.6372612263540889,0.004213508389141822,637261.2263540889,6.159749553568296e-05,0.0
0.6633947837432949,4.9820444978853577e-05,2.9352354798403096e-05,0.18246312632378767,1.9408946576582438,9.704473288291219,0.639603062055727,0.00452931470330234,639603.062055727,6.106371796828601e-05,1.0
0.0,4.97126249913979e-05,2.9419566729831484e-05,0.18273025580522737,1.942827117127494,9.71413558563747,0.6393185242372574,0.00477903584771216,639318.5242372574,6.068029842261223e-05,0.0
0.0,5.028735087626996e-05,2.8719042579174226e-05,0.18317962200048257,1.9478094328290176,9.739047164145088,0.6385855054125924,0.004944749413557539,638585.5054125924,6.005046940191334e-05,0.0
0.6766042608070871,5.0290800966530224e-05,2.8572479678480916e-05,0.1832882241978506,1.9392003446442438,9.696001723221219,0.6398526390717947,0.0064290874674958675,639852.6390717947,6.011916181477996e-05,1.0
0.6815018119821389,5.003551617221865e-05,2.888933838789727e-05,0.18375019614545282,1.9418955311504504,9.709477655752252,0.6394556763492625,0.006956068640168126,639455.6763492625,5.9935782993628174e-05,1.0
0.689812526582112,5.0479478975660447e-05,2.8874007943525976e-05,0.18467510483550947,1.9577475586897641,9.78873779344882,0.6371258766039924,0.006476086275011398,637125.8766039924,5.997116235642413e-05,1.0
0.6867630608109426,5.095726530369053e-05,2.8931901585555265e-05,0.1862973756437641,1.9781695809394415,9.890847904697207,0.6341369243550775,0.006731675642605752,634136.9243550776,6.069298429399825e-05,1.0
0.6802329736331465,5.159313984405019e-05,2.8048349179888095e-05,0.18672590274731332,1.9863102928281446,9.931551464140723,0.6329493682317971,0.006401173726423777,632949.3682317971,6.115346467469824e-05,1.0
0.6848677984506157,5.199844826139238e-05,2.7969706110849488e-05,0.1867659791016564,1.9848356819319983,9.92417840965999,0.6331643174306124,0.006696275633925228,633164.3174306124,6.089055435563631e-05,1.0
0.0,5.2499166693133106e-05,2.811179365578066e-05,0.18701487902231567,1.9925200107321208,9.962600053660603,0.6320449983680613,0.006074756412692589,632044.9983680613,6.137106152737443e-05,0.0
0.0,5.281563763798921e-05,2.828914474528455e-05,0.18777017896708284,2.006187710354258,10.030938551771289,0.6300590136262311,0.005599371560396748,630059.0136262311,6.233806066908037e-05,0.0
0.6656562070163727,5.289208920978766e-05,2.861206856377917e-05,0.18643176597454617,1.9859916747692674,9.929958373846336,0.6329958059613415,0.005859337910433877,632995.8059613415,6.223349140254246e-05,1.0
0.6589543126559612,5.287900192547382e-05,2.857674986697156e-05,0.18782117393329043,2.001092531651846,10.00546265825923,0.6307986378424434,0.006440985709024212,630798.6378424434,6.29566559624998e-05,1.0
0.656924731904394,5.270279202741564e-05,2.855551812584488e-05,0.18758509088955255,1.9956248128128786,9.978124064064392,0.6315933063901151,0.006763488169220235,631593.3063901152,6.289561487474129e-05,1.0
0.0,5.204255204033747e-05,2.8184772534505025e-05,0.18744811866225045,1.9903626870072462,9.95181343503623,0.6323590397486025,0.007255277073103439,632359.0397486025,6.261084637685342e-05,0.0
0.6554763744967086,5.152404524512081e-05,2.8159720622062964e-05,0.187324560285775,1.9870061535412422,9.93503076770621,0.6328479602394733,0.007497080811023293,632847.9602394733,6.249313164030085e-05,1.0
0.6516052638854734,5.135255709925079e-05,2.7818053690902365e-05,0.18764475862917748,1.990466871858175,9.952334359290875,0.632343869985964,0.007633387244318993,632343.869985964,6.26955125232876e-05,1.0
0.0,5.144623203706699e-05,2.730733158114269e-05,0.18674637395983948,1.9795449918840238,9.897724959420119,0.6339361249426244,0.007428872862303395,633936.1249426244,6.202653512180069e-05,0.0
0.6612556582650121,5.2137713695327784e-05,2.7035631138486665e-05,0.18679727333074933,1.9771059516994338,9.885529758497169,0.6342922496479171,0.007886796309415725,634292.2496479171,6.172398633841e-05,1.0
0.0,5.2074060807483475e-05,2.7547523988058122e-05,0.18749137494749224,1.982816604730424,9.91408302365212,0.6334587501046562,0.008441499999640731,633458.7501046562,6.14325008703715e-05,0.0
0.6702038634095925,5.253431773677264e-05,2.7515405147842975e-05,0.18767559410336698,1.9853459851285553,9.926729925642777,0.6330899239472491,0.008441112153983028,633089.9239472491,6.156904965196999e-05,1.0
0.6712248117637798,5.302328921025324e-05,2.7631060253793125e-05,0.18796073709158384,1.989447210569599,9.947236052847995,0.6324923527068463,0.00841382689001404,632492.3527068463,6.16977884642396e-05,1.0
0.6733541144650651,5.284710002720378e-05,2.7524390173357845e-05,0.18815383335228214,1.9864185792343947,9.932092896171973,0.6329335865535106,0.009241253258074877,632933.5865535106,6.142702791721893e-05,1.0
0.6672349351910056,5.3087503132344796e-05,2.7036737064055118e-05,0.1886811736923125,1.9936273071743333,9.968136535871666,0.6318838699183803,0.009246217303005268,631883.8699183803,6.185806460860414e-05,1.0
0.0,5.290398904883547e-05,2.7376836260252927e-05,0.18948447339182434,2.0043189222508753,10.021594611254375,0.6303301891084795,0.009299135892128147,630330.1891084795,6.181162723715427e-05,0.0
0.0,5.3506977214898e-05,2.6777640093091193e-05,0.19032856594140846,2.0141969369274846,10.070984684637423,0.6288981342453451,0.009555266128162033,628898.1342453451,6.185755409839869e-05,0.0
0.6718749618491169,5.3754759339733006e-05,2.667564948819187e-05,0.1905974798066114,2.0181891005173664,10.090945502586832,0.6283202980643989,0.009515257677621715,628320.2980643989,6.220146352011526e-05,1.0
0.6658014142256405,5.3084422275594166e-05,2.6725752034173015e-05,0.19104942555978657,2.0272142445942563,10.13607122297128,0.6270159312431246,0.009114782362697733,627015.9312431247,6.27108021359317e-05,1.0
0.0,5.3103496156159204e-05,2.686038388651851e-05,0.1917417246016489,2.035380565543518,10.17690282771759,0.6258380202999078,0.009321469503205539,625838.0202999078,6.267563337842911e-05,0.0
0.0,5.386548231394796e-05,2.670523532742948e-05,0.1936106995138324,2.0614380332994893,10.307190166497445,0.6220942635804655,0.009315662608130267,622094.2635804655,6.340086046895453e-05,0.0
0.671331162876145,5.3697557150395655e-05,2.6219742175964397e-05,0.19486150660697887,2.0723899433339863,10.361949716669931,0.6205274610202471,0.01025047423420491,620527.4610202472,6.344371785485391e-05,1.0
0.0,5.384746352243527e-05,2.605501934474448e-05,0.1948892375606788,2.0700547031009537,10.35027351550477,0.6208612139033094,0.010639689024667,620861.2139033094,6.333345560352482e-05,0.0
0.6706126702674349,5.404345367085614e-05,2.590929156156369e-05,0.19398124790521776,2.0595368161654664,10.29768408082733,0.6223666582905166,0.01032915410095216,622366.6582905166,6.312201788786308e-05,1.0
0.0,5.344427314785672e-05,2.5759177681785892e-05,0.19388766895826964,2.055734677294566,10.278673386472828,0.622911763211989,0.010687101128528305,622911.7632119891,6.320240232606081e-05,0.0
0.6652411451133108,5.3630741659506345e-05,2.6135011705212455e-05,0.19363972074711117,2.0513021351926746,10.256510675963373,0.6235478505291009,0.01082729202332323,623547.8505291009,6.319067576968755e-05,1.0
0.6603702361459536,5.2861209250298906e-05,2.5848230637666464e-05,0.19425215124052472,2.0553903181660798,10.276951590830398,0.6229611568527801,0.01146545933382952,622961.1568527801,6.337666659838733e-05,1.0
0.6666325748360803,5.249117301209223e-05,2.602155980724458e-05,0.19352415541646728,2.047279949350865,10.236399746754325,0.6241256122078038,0.01117392304073841,624125.6122078039,6.285051970399015e-05,1.0
0.6658096222607022,5.297921103559748e-05,2.6148617722265064e-05,0.19434728357688222,2.058256122079052,10.291280610395258,0.622550215500339,0.011244782654103403,622550.2155003389,6.32480365945827e-05,1.0
0.6645292680031223,5.309800496003971e-05,2.6513781891061264e-05,0.19322872796672103,2.0431953695785174,10.215976847892588,0.6247128842430331,0.011170340176475089,624712.884243033,6.304100471657611e-05,1.0
0.6604166798295998,5.288380595696565e-05,2.6543566691718958e-05,0.19199290339800762,2.026006210823783,10.130031054118914,0.6271903662884595,0.011176173084474737,627190.3662884595,6.281873369719162e-05,1.0
0.6664325342349486,5.304936034844893e-05,2.6850034648043846e-05,0.19162469119474598,2.024134926528054,10.120674632640268,0.6274606677587913,0.010710050148283268,627460.6677587912,6.255272396742519e-05,1.0
0.6610384992964732,5.2958327017602386e-05,2.6861367913654738e-05,0.19111738156039532,2.015226637505538,10.076133187527688,0.6287490418584836,0.010983804979274191,628749.0418584836,6.260570541075288e-05,1.0
0.6688852467809021,5.2905449728426255e-05,2.7054458313357083e-05,0.19027780196833186,2.002339766215584,10.01169883107792,0.6306175070809498,0.011173111017613455,630617.5070809497,6.188386238050871e-05,1.0
0.6696438423466697,5.31757499972178e-05,2.666248682091577e-05,0.19012110602429685,1.995922271341224,9.979611356706119,0.6315500485571284,0.011792260605722084,631550.0485571284,6.15976721979341e-05,1.0
0.6671776467569192,5.274855112694388e-05,2.5937753661610123e-05,0.1895524559613825,1.9883889676236102,9.94194483811805,0.6326464905448492,0.011751402467614252,632646.4905448492,6.133269157201744e-05,1.0
0.0,5.271374830718235e-05,2.6132262644447677e-05,0.18945627663089493,1.9887225315834802,9.9436126579174,0.6325979014023481,0.011510454664137899,632597.9014023481,6.096984860463466e-05,0.0
0.0,5.250333924373537e-05,2.6338972329370493e-05,0.18920273052428585,1.9827433730686679,9.91371686534334,0.6334694317112555,0.01187489275982716,633469.4317112555,6.0748120632011957e-05,0.0
0.6746678512089165,5.166047077156054e-05,2.655484358272865e-05,0.188617192079609,1.9776971620247938,9.888485810123969,0.6342059085546128,0.011440292713830773,634205.9085546128,6.0704818904112645e-05,1.0
0.6832739898162216,5.116703347800468e-05,2.6466266956647672e-05,0.18890305034857005,1.9780945616020853,9.890472808010426,0.634147878429956,0.011953979127096137,634147.878429956,6.0181774441925064e-05,1.0
0.6883137361463609,5.19277960319765e-05,2.698385829317783e-05,0.18992575407047008,1.9886750860773976,9.943375430386988,0.6326048124023209,0.012456320543261066,632604.8124023209,6.035329283063916e-05,1.0
0.0,5.208160176862959e-05,2.6906217782593167e-05,0.1913013021940607,2.0036090390107377,10.018045195053688,0.6304332291948417,0.01303583358296305,630433.2291948417,6.022939306071959e-05,0.0
0.0,5.13781755825563e-05,2.7094357132843015e-05,0.1914670957530554,2.0050145338553635,10.025072669276817,0.6302292368975327,0.013163428403643535,630229.2368975327,6.091420872542129e-05,0.0
0.6817587264792652,5.058043488298097e-05,2.733086085768738e-05,0.19147017088293947,2.007169674365961,10.035848371829806,0.6299165698783928,0.01285691164427178,629916.5698783929,6.105605769568569e-05,1.0
0.0,5.051274423526606e-05,2.7899865688458365e-05,0.19132561639076467,2.0051944107056836,10.025972053528417,0.6302031344930097,0.012854367274539025,630203.1344930097,6.106688857259731e-05,0.0
0.682161420701882,5.128308261714898e-05,2.7846759488752248e-05,0.19173353627713102,2.0099030086921608,10.049515043460802,0.6295202418223258,0.012987314376587848,629520.2418223257,6.127548497965787e-05,1.0
0.6777614331410092,5.116404189740382e-05,2.7693866427108455e-05,0.19183197476956823,2.0136071421241586,10.068035710620792,0.6289835477273257,0.012647497266462153,628983.5477273257,6.1568886309391e-05,1.0
0.6711593730812995,5.179426083615775e-05,2.729054548324169e-05,0.19307777194974543,2.0265934761125597,10.132967380562798,0.6271055615661046,0.013261105465595517,627105.5615661046,6.220241695892565e-05,1.0
0.6819985674100195,5.1934341004843925e-05,2.7810444675575597e-05,0.19178503211740205,2.007174560298754,10.03587280149377,0.6299158612052638,0.013485925440067879,629915.8612052638,6.125712628381386e-05,1.0
0.675689963443127,5.2131279413669996e-05,2.7980659054178646e-05,0.19134659732611992,2.004686091655657,10.023430458278284,0.6302769008013657,0.012970095453605519,630276.9008013656,6.160641260143757e-05,1.0
0.6670165561469455,5.142079357074431e-05,2.8156964204863365e-05,0.19202685056657073,2.00798426851382,10.0399213425691,0.6297984292496248,0.013852130382766297,629798.4292496248,6.20728294048959e-05,1.0
0.6718888328999374,5.1861139160204305e-05,2.9128836193163275e-05,0.19198203855787574,2.0075617435681226,10.037808717840612,0.6298597052969446,0.01382378241269606,629859.7052969446,6.204489784415519e-05,1.0
0.6729793050531911,5.165645035836342e-05,2.92437728916559e-05,0.19097750334355057,1.9980187783757988,9.990093891878994,0.631245248555916,0.013200255243017146,631245.248555916,6.17735880220431e-05,1.0
0.6902826795416729,5.20548675780016e-05,2.886820101229277e-05,0.18979509944879136,1.9850647360158782,9.92532368007939,0.6331309241792005,0.012721123076783166,633130.9241792004,6.05224463528049e-05,1.0
0.6954615536146308,5.160668523544851e-05,2.8832065919549022e-05,0.19074876457008846,1.9934266655558492,9.967133327779246,0.6319130632736533,0.013410592413830174,631913.0632736533,6.038038068359554e-05,1.0
0.6902681118020092,5.166307620449449e-05,2.8562989878503447e-05,0.19062932940240215,1.985988873740768,9.92994436870384,0.6329962142188577,0.014254873023661982,632996.2142188577,6.037919639020347e-05,1.0
0.6824548144418743,5.180581615737342e-05,2.8472969562558547e-05,0.18957816017827342,1.9687200913508969,9.843600456754483,0.6355181977333824,0.0146745180899292,635518.1977333823,6.033307257941597e-05,1.0
0.6769403221880737,5.1692683175938014e-05,2.8382733290480993e-05,0.19053303041212624,1.9779114181239779,9.889557090619888,0.6341746212281717,0.015240682052424185,634174.6212281717,6.079920541946516e-05,1.0
0.6765182609810628,5.1861102108962335e-05,2.8238971307351257e-05,0.1911519322131955,1.9829430187659591,9.914715093829795,0.633440311714384,0.01574417614077501,633440.311714384,6.0915252516453896e-05,1.0
0.6636712293527082,5.169068152918683e-05,2.785620712959761e-05,0.19117408824567586,1.9821254174160576,9.910627087080288,0.6335595742029898,0.01590775069434154,633559.5742029898,6.14857407519308e-05,1.0
0.6594062282132392,5.1332338022082454e-05,2.837683347710735e-05,0.19055561279969158,1.9733373931401261,9.86668696570063,0.634842890974977,0.01595411657436017,634842.890974977,6.156894070561206e-05,1.0
0.0,5.210843295303779e-05,2.849895122089672e-05,0.19058709604700289,1.9727362308436185,9.863681154218092,0.6349307737461055,0.01610496584011127,634930.7737461055,6.143105360503372e-05,0.0
0.0,5.2590740727157755e-05,2.8461330586068717e-05,0.19163713675502853,1.9854373822319382,9.92718691115969,0.6330766007348236,0.016350874244880693,633076.6007348236,6.240096262864887e-05,0.0
0.6592660003948563,5.2158493540090514e-05,2.8719395323202065e-05,0.19023046058876386,1.9695816417270113,9.847908208635056,0.6353921365791921,0.01585305775671988,635392.1365791921,6.166041838415671e-05,1.0
0.6681736050024732,5.239954582208601e-05,2.888632759919284e-05,0.18925343362624508,1.9545502327250752,9.772751163625376,0.6375951087137514,0.01610197596624154,637595.1087137513,6.083466354612744e-05,1.0
0.6694357793185284,5.198021547829372e-05,2.89913082670316e-05,0.18916273350118545,1.9491815748414496,9.745907874207248,0.6383837778681943,0.01670924487056522,638383.7778681944,6.0574697328339616e-05,1.0
0.6731830415458989,5.134826884689668e-05,2.9216981523521015e-05,0.18909916064869503,1.9499315064766887,9.749657532383443,0.6382735524615993,0.0164718737589894,638273.5524615993,6.036895040666835e-05,1.0
0.0,5.1838208190658236e-05,2.927282231617819e-05,0.1886648868421255,1.9459699573683171,9.729849786841585,0.6388560387068977,0.016185812391148715,638856.0387068976,6.016801893971797e-05,0.0
0.0,5.094939421402137e-05,2.9488432306952104e-05,0.1892739655778944,1.953478723972621,9.767393619863105,0.6377524381421563,0.016300369297945073,637752.4381421563,6.06047899136357e-05,0.0
0.6729914989284187,5.139383428652921e-05,2.9724597351076395e-05,0.18991514835095877,1.965297488937652,9.82648744468826,0.6360192364348646,0.015849533136782105,636019.2364348646,6.089470872999367e-05,1.0
0.0,5.1239596444512095e-05,2.977892102456471e-05,0.189782294442216,1.9687792269049738,9.843896134524869,0.6355095442813007,0.01507413316573271,635509.5442813007,6.0984017718759725e-05,0.0
0.0,5.110903121408159e-05,2.971722425602458e-05,0.19047388650980435,1.9750079658044353,9.875039829022176,0.634598737002862,0.015546510022470645,634598.7370028619,6.116208989518623e-05,0.0
0.0,5.12917261996116e-05,3.0181999111340262e-05,0.19054091348371505,1.9782288020085834,9.891144010042916,0.6341282772245794,0.015210104192009515,634128.2772245795,6.0553175337395984e-05,0.0
0.0,5.15564910816165e-05,3.003498866718143e-05,0.190532152639306,1.978759306877565,9.893796534387825,0.6340508211189174,0.015115126397529429,634050.8211189174,6.012991070100148e-05,0.0
0.6971711276746893,5.111218967156972e-05,3.0151682973966003e-05,0.18941389453738122,1.9662485337418667,9.831242668709333,0.6358799722743124,0.014707761349074807,635879.9722743124,5.9728329432398944e-05,1.0
0.7021621188505079,5.1448808682513355e-05,3.0272821837708402e-05,0.1889820691570806,1.956643645991003,9.783218229955015,0.6372878452153886,0.01525198352954981,637287.8452153886,5.9263886276445996e-05,1.0
0.0,5.1476517777875696e-05,3.0084498045275142e-05,0.18821393825031607,1.9440015883014636,9.720007941507317,0.6391456554374687,0.01557353193810082,639145.6554374687,5.891134268553025e-05,0.0
0.0,5.081896002588416e-05,2.984046136877619e-05,0.18807115275818648,1.9436365085858236,9.718182542929117,0.639199386012389,0.015341691528761954,639199.386012389,5.935722814696181e-05,0.0
0.0,5.071764358357661e-05,2.9737496535139712e-05,0.18797655176597802,1.9470865587266506,9.735432793633253,0.6386918054838493,0.014644909015805339,638691.8054838493,5.94458182426182e-05,0.0
0.0,5.1393930219684546e-05,2.9595081548484237e-05,0.18685398425120306,1.933652203704304,9.66826101852152,0.640670577430654,0.014378545933060132,640670.5774306541,5.87379358162536e-05,0.0
0.7037974102260888,5.22043490144137e-05,2.9165740749022894e-05,0.18710412340795562,1.9357051101012381,9.67852555050619,0.6403678045484625,0.014576051364373786,640367.8045484625,5.858339592552463e-05,1.0
0.693026949768763,5.251893626292976e-05,2.8986977409286655e-05,0.18655459745853117,1.9282388446166114,9.641194223083057,0.6414696532720638,0.014578848189126192,641469.6532720638,5.894609669764676e-05,1.0
0.0,5.187338579358698e-05,2.908710475649129e-05,0.18585172411786788,1.9189820742889105,9.594910371444552,0.6428383720118339,0.014541820247569661,642838.3720118339,5.9199623119247315e-05,0.0
0.6810133528466724,5.2081221528943184e-05,2.9485145736606044e-05,0.18551615157102133,1.9143489386375252,9.571744693187625,0.6435245300803105,0.014556833222353174,643524.5300803105,5.9278056533416854e-05,1.0
0.6907493766562955,5.2465027550293915e-05,2.9661760222426012e-05,0.1849562842112091,1.9048571948813242,9.52428597440662,0.644932526251237,0.01484509467365519,644932.526251237,5.8583631356953654e-05,1.0
0.0,5.27785809909474e-05,2.888866466846642e-05,0.1854885621183076,1.9128266421632905,9.564133210816452,0.6437501389415343,0.014727263178149564,643750.1389415343,5.889566498983565e-05,0.0
0.685477314531152,5.311548651547241e-05,2.910328248952429e-05,0.18555849337532185,1.9128900651395355,9.564450325697678,0.6437407378891726,0.014857724639816324,643740.7378891726,5.903085971527192e-05,1.0
0.0,5.323480832478672e-05,2.895377130396509e-05,0.18599565467319512,1.9227844044066207,9.613922022033103,0.6422758011967572,0.014267110543147448,642275.8011967572,5.930170809773045e-05,0.0
0.6875052404753037,5.313390598887572e-05,2.9110619900292116e-05,0.18637762664592702,1.9198937527974256,9.599468763987128,0.6427034404289181,0.015458693720772161,642703.4404289181,5.907379653106646e-05,1.0
0.0,5.2767044121146195e-05,2.9124166924523087e-05,0.18607038790371871,1.9174390171226403,9.587195085613201,0.6430668143792612,0.01520759018669859,643066.8143792611,5.892210977181329e-05,0.0
0.6898281925075287,5.176273547947252e-05,2.9083877298206577e-05,0.18757489702553232,1.9378240631883221,9.68912031594161,0.640055440835842,0.015205234886906607,640055.4408358419,5.926009876442426e-05,1.0
0.0,5.189730165323975e-05,2.9071529033853803e-05,0.18655816833568226,1.9228369772077523,9.61418488603876,0.6422680262801971,0.01538436295156158,642268.0262801971,5.856560948370799e-05,0.0
0.6880320776222094,5.195238204200105e-05,2.9083371160695795e-05,0.18746377601695902,1.937225050097794,9.68612525048897,0.6401437284024121,0.015071280436330077,640143.728402412,5.9365213955529236e-05,1.0
0.6846623757528374,5.2192122322573434e-05,2.9505025229108953e-05,0.18872423599137172,1.9550257894722964,9.775128947361482,0.6375252952419848,0.014973767224728207,637525.2952419848,6.0096234824339005e-05,1.0
0.0,5.1479508029475516e-05,2.9509026668401247e-05,0.1893009121631654,1.9635834486454655,9.817917243227328,0.6362703051912312,0.014872129517562031,636270.3051912312,6.024028566914261e-05,0.0
0.6845207551892719,5.1772426213543535e-05,2.9844506974987582e-05,0.1888348974139731,1.961007074978846,9.80503537489423,0.6366478730529779,0.014317667880924102,636647.8730529778,6.0298515830927334e-05,1.0
0.6850023730520487,5.2764250236583054e-05,3.012958859524153e-05,0.19000249383297058,1.9760559541966665,9.880279770983332,0.6344456215701343,0.014450609236075438,634445.6215701343,6.080618129936088e-05,1.0
0.6734778277782251,5.274819029724035e-05,3.0327110487611793e-05,0.18934557325143053,1.9733172215138333,9.866586107569166,0.6348458396293635,0.013536986132224564,634845.8396293635,6.145248240082398e-05,1.0
0.0,5.266239383169227e-05,2.9784582631820653e-05,0.18927117273022176,1.9667930212264495,9.833965106132247,0.6358002551703449,0.01434260063078838,635800.2551703448,6.154875696065453e-05,0.0
0.6631059398254572,5.276364713310128e-05,3.012388077603272e-05,0.18919030725753802,1.963574477360004,9.817872386800019,0.6362716195455858,0.014652234060661809,636271.6195455857,6.171114562101196e-05,1.0
0.6644597129260704,5.372454270279442e-05,2.998403277227139e-05,0.18893903600395234,1.9586010504216185,9.793005252108092,0.6370006785503706,0.01487875055827526,637000.6785503706,6.158576857773288e-05,1.0
0.6672527164753781,5.313822796788859e-05,3.0199070301148393e-05,0.18782195044340957,1.9499627981639902,9.74981399081995,0.638268953604074,0.013912854490893134,638268.953604074,6.122707023742528e-05,1.0
0.6597098517493919,5.317706687522777e-05,2.9903329045153302e-05,0.1884726619902114,1.9620636205417998,9.810318102709,0.636493009084006,0.013438333064428761,636493.009084006,6.19348438670025e-05,1.0
0.6539307210471026,5.271369682657439e-05,2.9549740251259258e-05,0.1882740280071229,1.9550878646047463,9.77543932302373,0.6375161829492969,0.014064238963542712,637516.1829492969,6.193846653677686e-05,1.0
0.6583564063510532,5.2385920529620405e-05,3.0151662067283433e-05,0.18931536108377958,1.9556896374234378,9.778448187117188,0.6374278527152325,0.01605857488279166,637427.8527152325,6.168342287259467e-05,1.0
0.6547561923567004,5.231340696508703e-05,2.986153390588633e-05,0.18855739596552912,1.942138125780981,9.710690628904905,0.6394199576866061,0.01653474961766434,639419.9576866061,6.146497140909503e-05,1.0
0.6531045285090369,5.294080044659207e-05,3.0208135219484128e-05,0.18885913882820785,1.9436034700828533,9.718017350414266,0.6392042486740208,0.01692252633043653,639204.2486740209,6.173459047787667e-05,1.0
0.0,5.37824797380046e-05,3.0239498611525403e-05,0.18815258134078122,1.933172140238969,9.665860701194845,0.6407414002363224,0.01704656291788489,640741.4002363224,6.0822167870375595e-05,0.0
0.6711840864698249,5.393090121555786e-05,3.0108672621786844e-05,0.18709708350477,1.9227038392049374,9.613519196024686,0.6422877160521321,0.016481883061672108,642287.7160521321,6.027388701946138e-05,1.0
0.0,5.366398582973496e-05,3.0093050504052046e-05,0.1873145572958108,1.923156883319878,9.61578441659939,0.6422207178504172,0.01684983244203883,642220.7178504172,6.038991674936011e-05,0.0
0.6803438220063598,5.483707554645952e-05,2.9700861145011612e-05,0.18786465206103628,1.9352634683052898,9.676317341526449,0.640432928002577,0.01616223212464959,640432.928002577,6.010902308951951e-05,1.0
0.0,5.452655679486557e-05,2.9702717608228612e-05,0.18792030000125576,1.9409623358165822,9.70481167908291,0.6395930948970752,0.015433694899586672,639593.0948970752,5.972710669989849e-05,0.0
0.6899981028763863,5.415045770178839e-05,2.938384116189525e-05,0.18800908845298547,1.9472342929615782,9.73617146480789,0.6386700794329048,0.014688256338875693,638670.0794329047,5.9818706140315426e-05,1.0
0.0,5.317997702546326e-05,2.927753120036315e-05,0.18818820528918884,1.9469904353025567,9.734952176512783,0.6387059419569713,0.015082352535348975,638705.9419569713,5.997731600024285e-05,0.0
0.6834412890522727,5.381442326957637e-05,2.956957044554676e-05,0.18795413459838375,1.9446942239450005,9.723471119725001,0.6390437292604108,0.014951998457178244,639043.7292604108,6.00951947260207e-05,1.0
0.6758105998749102,5.422225760037049e-05,2.9654436239603124e-05,0.18859258362866452,1.9537117458510427,9.768558729255213,0.6377182202806578,0.01490338753798687,637718.2202806579,6.0805795856931286e-05,1.0
0.0,5.53467152164213e-05,2.9216696365146905e-05,0.1881939963914393,1.949005739310814,9.74502869655407,0.6384096250358232,0.01479761781870179,638409.6250358232,6.0713564815579316e-05,0.0
0.6780528109434881,5.454501923598381e-05,2.9487808875918127e-05,0.1885521167411227,1.9583699660690745,9.791849830345372,0.6370345737094832,0.014138807191728641,637034.5737094833,6.083610620184149e-05,1.0
0.6867681022167891,5.518320425500369e-05,2.9495922769827022e-05,0.18930910173595322,1.9715620361370334,9.857810180685167,0.6351024621229789,0.013720665594885367,635102.462122979,6.07761629366916e-05,1.0
0.0,5.511460792908668e-05,2.934334873390768e-05,0.18854264462029485,1.963716927584535,9.818584637922674,0.6362507499392712,0.013336039179860933,636250.7499392712,6.0474904697285705e-05,0.0
0.6863291853981479,5.541536587890501e-05,2.9580484650402206e-05,0.18770210675778365,1.957498134076512,9.78749067038256,0.6371624691570837,0.012566682672651033,637162.4691570838,6.054405402183071e-05,1.0
0.6803658822255598,5.448316999077468e-05,2.953871290630106e-05,0.18721226285753048,1.952891216330836,9.76445608165418,0.6378387182564869,0.012263243971547837,637838.7182564868,6.066256572583658e-05,1.0
0.6794185663011686,5.512754750229183e-05,2.9198240246203327e-05,0.18590964877251986,1.9391637657466854,9.695818828733426,0.6398580283188791,0.011677325863918762,639858.0283188791,6.0401959456900044e-05,1.0
0.6788663816293053,5.541825492791191e-05,2.9768618354714143e-05,0.18578103155305564,1.935686463115413,9.678432315577064,0.6403705540549626,0.011932617161073883,640370.5540549626,6.048070406544199e-05,1.0
0.6716640694053211,5.529043481196056e-05,2.9768059754752565e-05,0.18697954379295392,1.9499872312252997,9.749936156126498,0.638265362763928,0.012224450349835818,638265.362763928,6.121936748616041e-05,1.0
0.6723685055828101,5.550718245955191e-05,2.9748282998312847e-05,0.18593831392030255,1.9405317311774402,9.7026586558872,0.639656513940914,0.011533141781519157,639656.5139409141,6.099616780378935e-05,1.0
0.0,5.501429115983975e-05,2.9631785786827413e-05,0.18691056348630786,1.954973057640431,9.774865288202154,0.6375330360911491,0.011354163063764773,637533.0360911491,6.175773912620212e-05,0.0
0.0,5.4624285293852105e-05,2.999313979292814e-05,0.18710889292793886,1.9515391519080916,9.757695759540457,0.6380373238872701,0.01225510974314783,638037.3238872701,6.143622917740001e-05,0.0
0.0,5.4300077281162364e-05,2.9835813444626966e-05,0.18846112169508702,1.9736487252409571,9.868243626204785,0.6347973827092717,0.011719626099445726,634797.3827092716,6.195402618976555e-05,0.0
0.6666672202344097,5.3287711804693976e-05,2.9375603218090945e-05,0.1880904741616863,1.9673576200829836,9.836788100414918,0.6357176041629817,0.011898552486354345,635717.6041629817,6.164024243068325e-05,1.0
0.6627244843405024,5.365283681570178e-05,2.9184487855160333e-05,0.1880402656689197,1.9665706481831025,9.832853240915512,0.6358328110657893,0.0119133424036287,635832.8110657893,6.184925363413574e-05,1.0
0.670445005397518,5.417557688647903e-05,2.9598830478193562e-05,0.1876764159893151,1.9581374045675162,9.79068702283758,0.6370686873558464,0.01242151933447658,637068.6873558464,6.13203774611775e-05,1.0
0.6722222065957159,5.374139327386753e-05,2.9856493517066826e-05,0.18728277197143117,1.9520976487403077,9.760488243701538,0.6379552784256034,0.012520822368465752,637955.2784256034,6.106551507590645e-05,1.0
0.6824915373258038,5.384066691636259e-05,2.9782858950927533e-05,0.18820122564806427,1.9664374874340855,9.832187437170427,0.635852306886006,0.012254758182134562,635852.306886006,6.086084661885611e-05,1.0
0.6801777108437258,5.363108334072072e-05,3.0199178314401124e-05,0.18859164647229756,1.9718541045367937,9.859270522683968,0.6350597521346332,0.012243045079228312,635059.7521346331,6.11805766834347e-05,1.0
0.0,5.372259865494682e-05,3.0419577416759668e-05,0.18938193472943174,1.982705200237832,9.91352600118916,0.6334749996907572,0.012238869149620614,633474.9996907571,6.1828206677278e-05,0.0
0.6687015352441744,5.333435806124237e-05,3.0331209059334092e-05,0.18840099069063454,1.9698952032231754,9.849476016115876,0.6353462627942177,0.012148244175486789,635346.2627942177,6.177595760387498e-05,1.0
0.6639710178954805,5.282595832197371e-05,3.0274811921617085e-05,0.18857232851783767,1.977045583690291,9.885227918451454,0.6343010665286397,0.011445723564315044,634301.0665286398,6.218793384912789e-05,1.0
0.0,5.329547659854611e-05,3.0368111002768373e-05,0.18819203627501796,1.9677902388492805,9.838951194246402,0.6356542808467918,0.012038353396827689,635654.2808467918,6.21931344617592e-05,0.0
0.6560751513739268,5.319763177401294e-05,3.011118269781386e-05,0.1875053565772848,1.9550612489419663,9.775306244709832,0.6375200899682537,0.012530803122823297,637520.0899682537,6.206485029279675e-05,1.0
0.6558483768393895,5.414473361395942e-05,3.011031056351039e-05,0.18746012531740386,1.9583476853516626,9.791738426758313,0.6370378419121242,0.011958092546931903,637037.8419121242,6.230756350840603e-05,1.0
0.653283974728003,5.40849939240773e-05,3.0200658361624168e-05,0.1875939917961754,1.9614661149787436,9.807330574893717,0.6365805842875506,0.011768567879901388,636580.5842875506,6.256222085887935e-05,1.0
0.0,5.3540255025420506e-05,2.9690555322809122e-05,0.18761559920502593,1.96277025054216,9.8138512527108,0.6363894552775744,0.011620653687626253,636389.4552775744,6.236760824930428e-05,0.0
0.0,5.408292036313006e-05,2.963994811958257e-05,0.187890022266111,1.9706904296575936,9.853452148287968,0.6352299366814019,0.011009981213623937,635229.9366814019,6.247958765441917e-05,0.0
0.6580310668085891,5.431666203794047e-05,2.955623230158121e-05,0.188094232564397,1.9800122842407786,9.900061421203892,0.6338679183266763,0.010056383455470325,633867.9183266764,6.270946045895176e-05,1.0
0.6621500381959597,5.459376522902988e-05,2.9873528061537683e-05,0.18902584118821356,1.9951093319479,9.9755466597395,0.6316682770839777,0.009719959460404751,631668.2770839777,6.296199204296128e-05,1.0
0.6697272984479559,5.509719026388324e-05,2.9322708402163618e-05,0.18807982730335016,1.9833037153258837,9.916518576629418,0.6333877044943708,0.00954735910107106,633387.7044943707,6.217527356171516e-05,1.0
0.0,5.466884831168268e-05,2.9221802428209233e-05,0.18884171094968646,1.9986578034738682,9.99328901736934,0.6311523733529947,0.008835795252367629,631152.3733529947,6.217676945577521e-05,0.0
0.6737880641120519,5.451184469095638e-05,2.909283998543567e-05,0.1902643445398359,2.0175077623013467,10.087538811506732,0.6284188791496912,0.008947568229363016,628418.8791496912,6.271280477359066e-05,1.0
0.6693630411776207,5.433588288139336e-05,2.9399004474903437e-05,0.1902751500581716,2.0134953068907993,10.067476534453997,0.6289997449000907,0.009550045016433925,628999.7449000907,6.287872394662242e-05,1.0
0.0,5.3603791955307684e-05,2.93979604145959e-05,0.18925997378339804,1.9965404839222516,9.982702419611257,0.6314601546223918,0.009980102189187882,631460.1546223918,6.244682911966959e-05,0.0
0.6552636039426784,5.339992104112241e-05,2.9948829599999694e-05,0.18822614640999238,1.9827746851131154,9.913873425565576,0.63346486449884,0.009917157318824765,633464.86449884,6.292146436756517e-05,1.0
0.0,5.400011234923837e-05,3.0148517022571616e-05,0.1874550136727107,1.978500677601516,9.89250338800758,0.6340885809787663,0.008998608324187671,634088.5809787663,6.251164350593385e-05,0.0
0.0,5.403877915415053e-05,3.002247978386333e-05,0.18914215858022493,1.9990720799525599,9.995360399762799,0.6310921701675836,0.009376487328033442,631092.1701675836,6.313842867601174e-05,0.0
0.6530195887757042,5.3284972907145025e-05,3.009392779715375e-05,0.189198749695173,1.9992614383555403,9.996307191777701,0.631064654275659,0.009462153666005052,631064.654275659,6.350729088573713e-05,1.0
0.6458714795370226,5.244135374316966e-05,2.9985828598399836e-05,0.18886256290873518,1.9931043684209113,9.965521842104556,0.6319599603298236,0.00968508614729396,631959.9603298235,6.36425521751841e-05,1.0
0.0,5.32249146976804e-05,3.0243930853578966e-05,0.18886071517870512,1.98638825846892,9.9319412923446,0.6329380054670891,0.010659435824499339,632938.0054670891,6.363487062562348e-05,0.0
0.0,5.311525689859923e-05,2.9839392922520082e-05,0.18770248262814282,1.9734332700494837,9.867166350247418,0.6348288760369584,0.010233841293244025,634828.8760369584,6.35925688240122e-05,0.0
0.0,5.272924665777644e-05,2.959549627109828e-05,0.18765875507469262,1.982710364945298,9.91355182472649,0.6334742463514329,0.008791756500818123,633474.2463514329,6.379597975924937e-05,0.0
0.6324223624955404,5.253766584217241e-05,2.974029332124279e-05,0.1873655432010884,1.982135470199201,9.910677350996005,0.6335581076797201,0.008289194081896881,633558.1076797202,6.423590750133078e-05,1.0
0.6267445915230324,5.174825864817029e-05,3.011321438943502e-05,0.18905803828446233,2.0034910558928414,10.017455279464206,0.6304503561654682,0.008566432734392854,630450.3561654682,6.510109446065104e-05,1.0
0.630598049843702,5.24248410499627e-05,2.9450359522804557e-05,0.1895296902279736,2.0097033287392487,10.048516643696244,0.6295491865746318,0.008608567030579018,629549.1865746317,6.494045664033146e-05,1.0
0.631421302201517,5.217981776017043e-05,2.987369369714559e-05,0.18982661574217166,2.0178086253250367,10.089043126625183,0.6283753461408248,0.008028577625168096,628375.3461408248,6.518560196782947e-05,1.0
0.0,5.281992216883623e-05,2.9834179284674278e-05,0.18929042003310675,2.015031404511109,10.075157022555546,0.628777307314863,0.007358147381076519,628777.3073148631,6.459717473192915e-05,0.0
0.6327376863207442,5.278934958268316e-05,2.9272333210399645e-05,0.1884155711500907,2.003820473039152,10.01910236519576,0.6304025376253649,0.007233679925546291,630402.537625365,6.472901034471792e-05,1.0
0.6308419453493416,5.3448328578313714e-05,2.838636819362485e-05,0.1874914901102249,1.995008253775077,9.975041268875385,0.6316829787716447,0.006665958992094463,631682.9787716446,6.452330432505077e-05,1.0
0.6235017652833702,5.3507709256268985e-05,2.7959825010009867e-05,0.18666491336939947,1.9814156192606849,9.907078096303424,0.6336631297825809,0.006992956521379836,633663.1297825809,6.45351583557976e-05,1.0
0.6259426046000233,5.3864171402578143e-05,2.7994717053056048e-05,0.1872826510386974,1.990891254073652,9.95445627036826,0.6322820818692443,0.006847383946639104,632282.0818692442,6.467924661720582e-05,1.0
0.6365029621369693,5.414643449757075e-05,2.801505330065226e-05,0.18689035047823388,1.9872242771197202,9.9361213855986,0.6328161763690727,0.006596877325540466,632816.1763690728,6.397255263842064e-05,1.0
0.0,5.437515134074532e-05,2.824471236505201e-05,0.18744657701703002,1.9970047969732463,9.985023984866231,0.6313926475435081,0.006285801577568154,631392.6475435081,6.496243698287123e-05,0.0
0.0,5.446161555252177e-05,2.811497196448268e-05,0.18765263594188394,1.998423845056857,9.992119225284284,0.6311863750255392,0.006491646909307087,631186.3750255392,6.497649340794687e-05,0.0
0.0,5.425595788341354e-05,2.7820260361259175e-05,0.1874878069940295,1.9955271845980154,9.977635922990077,0.631607504594942,0.006583118583000963,631607.504594942,6.454369636382478e-05,0.0
0.6269595944355273,5.51285560715317e-05,2.7739929237735722e-05,0.18672734702434765,1.9839206125563695,9.919603062781848,0.633297740797577,0.006752434846272241,633297.740797577,6.454415041432342e-05,1.0
0.6175478492969563,5.4572516457553114e-05,2.779521373905448e-05,0.18704813258495437,1.987258527634869,9.936292638174345,0.632811185701341,0.0069074508712497025,632811.185701341,6.517943277365091e-05,1.0
0.0,5.448321994957363e-05,2.7908541302759975e-05,0.18692025825576514,1.985327026917704,9.926635134588519,0.6330926875739961,0.006933204085526355,633092.687573996,6.500045441172909e-05,0.0
0.0,5.440099848818595e-05,2.7713621066923053e-05,0.18737088465707802,1.994642325658904,9.97321162829452,0.6317362053979307,0.006477974712086783,631736.2053979307,6.513621858226528e-05,0.0
0.0,5.451419889509399e-05,2.80297826556852e-05,0.18671055962629307,1.98759537238697,9.93797686193485,0.6327621059018933,0.006183225154479416,632762.1059018933,6.496605541206455e-05,0.0
0.627230989870364,5.4209178594244864e-05,2.7882767971054288e-05,0.18711661869684196,1.994004542674201,9.970022713371005,0.6318289858051365,0.006062223198820359,631828.9858051365,6.472747005773188e-05,1.0
0.6297872534698346,5.428236817515476e-05,2.766419740293573e-05,0.18887231868885626,2.0105329359829422,10.052664679914711,0.6294289389761756,0.0071735763538881125,629428.9389761756,6.487593252575847e-05,1.0
0.6218879016981689,5.411229951905018e-05,2.754819600203653e-05,0.18874556506986487,2.0130478364098807,10.065239182049403,0.6290645565268722,0.0065556866666019445,629064.5565268722,6.542113061321773e-05,1.0
0.6232744641385767,5.323907726995023e-05,2.791968413470658e-05,0.18922462169644683,2.020639794209102,10.10319897104551,0.6279658412887178,0.006415084681611461,627965.8412887178,6.5509368932769e-05,1.0
0.6279085529253998,5.317907186767965e-05,2.792145151613025e-05,0.18966842021984057,2.025945900786696,10.12972950393348,0.6271990760783533,0.006535916518034476,627199.0760783533,6.533088702225045e-05,1.0
0.6289363321421962,5.256520776381098e-05,2.775466843488671e-05,0.19095751993620627,2.044407897616137,10.222039488080686,0.624538491938625,0.00645353181103754,624538.491938625,6.560317958402585e-05,1.0
0.0,5.164671072731031e-05,2.807740739132354e-05,0.19146471172115295,2.047235343880753,10.236176719403764,0.6241320225032297,0.007061445945535658,624132.0225032298,6.594585320396782e-05,0.0
0.636706486916685,5.1682213173108794e-05,2.875868380548169e-05,0.19185174832366475,2.053290225520493,10.266451127602464,0.623262471414044,0.006965968061373512,623262.471414044,6.544915678728487e-05,1.0
0.0,5.18925105806564e-05,2.8846414919664742e-05,0.19172092870255816,2.0518616607249234,10.259308303624616,0.6234675205954544,0.006909378000570737,623467.5205954544,6.544749961361633e-05,0.0
0.627702685230871,5.211800939009556e-05,2.9239639359531077e-05,0.19132455141625268,2.0430805421535974,10.215402710767986,0.6247294018648621,0.007378504697367481,624729.4018648622,6.592361811093605e-05,1.0
0.6204139919223535,5.2359234555803496e-05,2.9565669957512894e-05,0.19087110870780163,2.0301371744537136,10.150685872268568,0.626594073019276,0.00833629043487932,626594.073019276,6.615242061548375e-05,1.0
0.6154040360278547,5.134575535421712e-05,2.9392664632865134e-05,0.19210888101776624,2.042203671621006,10.21101835810503,0.6248555517776234,0.009073313813155898,624855.5517776234,6.655806405382883e-05,1.0
0.6091303093304461,5.063833178317904e-05,2.94128015943507e-05,0.19129686742759391,2.0312760044751603,10.156380022375801,0.6264297857396504,0.009023520594838208,626429.7857396504,6.660974571292983e-05,1.0
0.6053593460032379,5.161232586592229e-05,2.903978217355249e-05,0.1917866738466738,2.0381091293834914,10.190545646917457,0.6254449453837276,0.009018293077075242,625444.9453837277,6.709606480905596e-05,1.0
0.0,5.1056474968565326e-05,2.899750385017295e-05,0.19205275368072006,2.041507113099659,10.207535565498295,0.6249557794764857,0.00906128683792584,624955.7794764857,6.706039206942404e-05,0.0
0.0,5.134076598476237e-05,2.882969666243177e-05,0.19269893740087063,2.0498548242866232,10.249274121433116,0.6237556860036574,0.009153560805398616,623755.6860036574,6.746606870526879e-05,0.0
0.5954448539623093,5.0970481854234195e-05,2.8732236942030444e-05,0.19205402076908484,2.0437106075750586,10.218553037875292,0.6246387739939471,0.008746815532116736,624638.7739939471,6.776464423115381e-05,1.0
0.6009893461312273,5.0990908586783296e-05,2.8532623693775734e-05,0.19166854683662865,2.034929096278725,10.174645481393625,0.6259030824476448,0.009240176120902121,625903.0824476448,6.70725401949727e-05,1.0
0.5986546824309239,5.065446331391083e-05,2.8475842177441548e-05,0.1919500325906379,2.0380142327341484,10.19007116367074,0.6254586119810697,0.009358677162345471,625458.6119810697,6.723867761384266e-05,1.0
0.5997134575025305,5.092214462494244e-05,2.8665995139772192e-05,0.19167986112350704,2.0343305313473903,10.171652656736951,0.6259893532776768,0.009349075524690905,625989.3532776767,6.71692612776905e-05,1.0
0.0,5.097208879110194e-05,2.865682766384475e-05,0.19043049895559305,2.0213336373543798,10.106668186771898,0.6278655234147315,0.00872652132591755,627865.5234147315,6.678906831347739e-05,0.0
0.5993854403022258,5.0728502128457784e-05,2.812437915124124e-05,0.1918262526377602,2.040292220030696,10.201461100153479,0.6251306287281241,0.008783134003644506,625130.6287281241,6.718230832449255e-05,1.0
0.598196837125545,5.018884602604827e-05,2.793805539874687e-05,0.19073690750249242,2.0315722939704566,10.157861469852282,0.6263870501669764,0.007860865171961214,626387.0501669764,6.695031110827119e-05,1.0
0.0,5.031895620427356e-05,2.7523474485004456e-05,0.18984985858466394,2.0210045209711973,10.105022604855986,0.627913106027178,0.0076128231965058735,627913.106027178,6.669756836746436e-05,0.0
0.5924393154527895,4.9706217680666794e-05,2.76462230630989e-05,0.18952747711263124,2.0181630728699793,10.090815364349897,0.6283240636540737,0.007379017879336157,628324.0636540736,6.687866764592918e-05,1.0
0.592882605293186,4.9925833848113876e-05,2.7844293811053178e-05,0.19050422541560977,2.0303283971041592,10.151641985520795,0.6265664842870737,0.007574935118293243,626566.4842870737,6.723726333426823e-05,1.0
0.0,5.124055962567005e-05,2.7964372401388364e-05,0.18938755686636197,2.00805447873084,10.040272393654199,0.6297882476956761,0.008563361428400026,629788.247695676,6.653747132839904e-05,0.0
0.6029918196634184,5.1890833458787656e-05,2.776886363537078e-05,0.1903803578470826,2.0195922253019774,10.097961126509887,0.6281173322384995,0.008878047932664744,628117.3322384995,6.648721636822762e-05,1.0
0.6069060609027579,5.2212190733058986e-05,2.788754254140273e-05,0.19006545965719263,2.0100856457813747,10.050428228906874,0.629493768695944,0.009624688010329256,629493.768695944,6.602787091015088e-05,1.0
0.0,5.212514326952723e-05,2.778875741384401e-05,0.19040755700969988,2.0125291852668297,10.062645926334149,0.6291396863172747,0.009954800336674459,629139.6863172747,6.609179463283863e-05,0.0
0.6063961080917047,5.111326409063492e-05,2.7491514630642054e-05,0.19018106397056905,2.0055185319442552,10.027592659721275,0.6301561031336467,0.010518231074784777,630156.1031336467,6.56291357783862e-05,1.0
0.0,5.042985561087213e-05,2.7764263313941893e-05,0.1920740074789248,2.0253273298453904,10.12663664922695,0.627288415171911,0.011436430129760634,627288.415171911,6.633829540293337e-05,0.0
0.0,5.106265492670605e-05,2.8054386373780185e-05,0.19193009669591113,2.026066984114906,10.13033492057453,0.627181589719192,0.011041783111014294,627181.589719192,6.641170105873716e-05,0.0
0.0,5.0646523788109534e-05,2.8377967290629633e-05,0.19117098637214835,2.0184647289291955,10.092323644645978,0.6282804224874315,0.010622395231728256,628280.4224874316,6.64895023759942e-05,0.0
0.6033834727750115,5.028396726326532e-05,2.8227903364807305e-05,0.191087367855126,2.015084521132235,10.075422605661174,0.6287696170670803,0.010944352777332352,628769.6170670803,6.613279373172479e-05,1.0
0.6095199028551384,5.0195462680158004e-05,2.8617153991319083e-05,0.19112005054305883,2.015679201458607,10.078396007293035,0.6286835254086369,0.010923626494754582,628683.5254086369,6.582322682642125e-05,1.0
0.6037330572989611,4.966053029713157e-05,2.8496736236094282e-05,0.19127178981824486,2.017142383507057,10.085711917535285,0.6284717512447733,0.01101533088126297,628471.7512447733,6.613199860971367e-05,1.0
0.0,4.905393532391312e-05,2.872285190783395e-05,0.19149199535486208,2.0211871606721292,10.105935803360646,0.6278867001078599,0.01087069081758403,627886.7001078598,6.61980354454e-05,0.0
0.0,4.904761958104415e-05,2.859512107114727e-05,0.19130257520413588,2.020749371381864,10.103746856909318,0.6279499972344482,0.010555147642719991,627949.9972344482,6.605296844590086e-05,0.0
0.0,4.862090246208725e-05,2.8556024000600592e-05,0.1906749109444176,2.0065627597881392,10.032813798940696,0.6300046051354179,0.011354427024253103,630004.6051354179,6.583721662152638e-05,0.0
0.0,4.827797512295606e-05,2.7858550163371823e-05,0.19012997407038396,2.00302882788336,10.0151441394168,0.6305174597860902,0.010777407926858084,630517.4597860902,6.587384014296416e-05,0.0
0.0,4.7921820107423436e-05,2.781080519577931e-05,0.19072947882670319,2.0090348350741016,10.045174175370507,0.6296460982445353,0.011105055897941694,629646.0982445353,6.55712988127951e-05,0.0
0.5977834496441818,4.82245638121922e-05,2.7881916081899235e-05,0.19035038867223394,2.0021553103088294,10.010776551544147,0.6306442915783802,0.011345068922848086,630644.2915783802,6.574779567187029e-05,1.0
0.0,4.814400969070068e-05,2.78012628750521e-05,0.19042715850566405,2.0088400168996365,10.044200084498183,0.6296743438842779,0.010528660895606003,629674.3438842779,6.571791299533285e-05,0.0
0.5967332838355061,4.809184351293974e-05,2.83720940379766e-05,0.19022435342061883,2.008980397891222,10.04490198945611,0.6296539906714594,0.010102697512697087,629653.9906714595,6.616148968298823e-05,1.0
0.6035040587258497,4.8428479591335386e-05,2.8055912331619484e-05,0.18988674405218234,2.0066233883657327,10.033116941828663,0.6299958101776035,0.009769298281968212,629995.8101776035,6.562376026606773e-05,1.0
0.6023017874787353,4.838889019539221e-05,2.7925719713855917e-05,0.1908855495430679,2.0184323595238136,10.092161797619069,0.6282851052868513,0.010056204372987144,628285.1052868513,6.594504069862537e-05,1.0
0.6030982377496387,4.828198550725578e-05,2.7695743536583043e-05,0.1895066757397538,2.0006823978894945,10.003411989447473,0.6308582112530545,0.009871562732562126,630858.2112530546,6.537592066327525e-05,1.0
0.0,4.855157097489575e-05,2.7572695572152742e-05,0.18899470115488695,1.9939155409490583,9.96957770474529,0.6318419342648316,0.00983133657460548,631841.9342648316,6.454700162251333e-05,0.0
0.6139542176458597,4.891463847717665e-05,2.7930665579591897e-05,0.18953604365888257,2.006361517226865,10.031807586134324,0.6300337988468558,0.009105886164621007,630033.7988468559,6.500163116089825e-05,1.0
0.6249083810945304,4.886280895787882e-05,2.841546180629815e-05,0.1914419118799715,2.0245347785138628,10.122673892569313,0.6274029005397432,0.010286724299686243,627402.9005397432,6.482192972044516e-05,1.0
0.6264569755224176,4.8925856666531505e-05,2.8236914786896504e-05,0.19306847321376133,2.0469040077903027,10.234520038951512,0.6241796411955396,0.010316587623062267,624179.6411955396,6.524948918891408e-05,1.0
0.6200339462459159,4.855644441833421e-05,2.805527422834161e-05,0.19315883046290452,2.0464694829378796,10.232347414689396,0.6242420953934404,0.010559756319249493,624242.0953934405,6.552837093103522e-05,1.0
0.0,4.8154974008385265e-05,2.7747030149196606e-05,0.19328025658763745,2.050119067075277,10.250595335376385,0.623717735273307,0.010278248448581892,623717.735273307,6.541326706412989e-05,0.0
0.6294485835309129,4.857644827920096e-05,2.8183975162168464e-05,0.19362889297956043,2.057290964006128,10.28645482003064,0.6226885838569555,0.009946369816076328,622688.5838569555,6.527823843420155e-05,1.0
0.6274888472061898,4.882739034488925e-05,2.8556596980999986e-05,0.19493844376638872,2.068895897447588,10.34447948723794,0.6210268972144541,0.010903784747231568,621026.8972144541,6.577154942472569e-05,1.0
0.0,4.907849175719975e-05,2.855367050138335e-05,0.1945755369565605,2.0706488988453837,10.353244494226919,0.6207762743356626,0.009927348248783621,620776.2743356626,6.569953600474105e-05,0.0
0.6320507956162054,4.923734909641852e-05,2.816376733246362e-05,0.19520634794647107,2.078497410102937,10.392487050514685,0.6196554289250812,0.010068124818023338,619655.4289250812,6.57355646071008e-05,1.0
0.6254970266460839,4.9275703752397623e-05,2.7808493216177473e-05,0.19511871938731795,2.0815251999053235,10.407625999526617,0.619223571601473,0.009461010376108924,619223.571601473,6.615829450822071e-05,1.0
0.6333022825593527,4.9638395622761054e-05,2.79035121869693e-05,0.1952788106465366,2.0851169353263006,10.425584676631503,0.618711668298315,0.009269289591388244,618711.668298315,6.585550098298701e-05,1.0
0.0,5.011318209081722e-05,2.8110243318763863e-05,0.1943501897398767,2.074230904250774,10.37115452125387,0.6202644770859701,0.008964856565723468,620264.4770859701,6.541091647746113e-05,0.0
0.6335531296485223,5.0566532451596204e-05,2.752819501088224e-05,0.19377274819449253,2.069454148971996,10.34727074485998,0.6209470742037143,0.008492570592699375,620947.0742037143,6.552032882138877e-05,1.0
0.6399817092053558,5.050481284459129e-05,2.748123813750323e-05,0.19332329461742842,2.062837374011778,10.31418687005889,0.6218938508108417,0.008540440045698552,621893.8508108417,6.494964573878868e-05,1.0
0.0,5.118821295265388e-05,2.801710214162038e-05,0.19175324873533087,2.0496916719957574,10.248458359978786,0.6237791192004698,0.007285616671131549,623779.1192004698,6.512603310853914e-05,0.0
0.0,5.127867903446697e-05,2.7991507336798888e-05,0.19044150571013457,2.0321817863137333,10.160908931568665,0.6262991486764804,0.007182160096749569,626299.1486764804,6.458555689479561e-05,0.0
0.6369521798211689,5.156929355006053e-05,2.8478568617300097e-05,0.19009504616454562,2.027301875601537,10.136509378007684,0.6270032795780484,0.0071933719071395905,627003.2795780484,6.469029709667536e-05,1.0
0.0,5.167895162447676e-05,2.87037110836408e-05,0.1895533052909114,2.0241170148251437,10.120585074125717,0.627463255613971,0.006569866195793792,627463.255613971,6.483225112653956e-05,0.0
0.6348184967513626,5.176887594572931e-05,2.8404352981717377e-05,0.19000694279271,2.024685045288919,10.123425226444596,0.6273811926471826,0.007395078232602608,627381.1926471826,6.475617899582699e-05,1.0
0.636912233979012,5.1365622431689564e-05,2.834846453407747e-05,0.19024991334303662,2.0297487227915423,10.148743613957711,0.6266501207944787,0.007149947480551899,626650.1207944787,6.469628624256652e-05,1.0
0.6385124849580411,5.168898540222819e-05,2.8342886971832513e-05,0.19031182640689537,2.0310349707717696,10.155174853858847,0.6264645535959177,0.007088206409708442,626464.5535959176,6.467650171003039e-05,1.0
0.6378376870614316,5.307785289163744e-05,2.809027576196781e-05,0.18996274183352457,2.027845159581028,10.13922579790514,0.6269248490325078,0.006850332699556922,626924.8490325077,6.477254915569425e-05,1.0
0.6417945902282218,5.282889829640965e-05,2.7837509839885172e-05,0.18927235309854804,2.018136993231639,10.090684966158195,0.6283278367882544,0.00687254298535049,628327.8367882544,6.419238914044789e-05,1.0
0.0,5.280781768819393e-05,2.8332790220723037e-05,0.19023829737729164,2.0265449443420187,10.132724721710092,0.6271125694178132,0.007589164172396505,627112.5694178132,6.400683105539491e-05,0.0
0.6402078623074556,5.2528558702256425e-05,2.807292623040069e-05,0.19076879474114428,2.0249958232822842,10.12497911641142,0.6273362993086218,0.008873888790910313,627336.2993086218,6.438649969649075e-05,1.0
0.6449569187417916,5.223397757743033e-05,2.843499852871528e-05,0.1906168609818301,2.0201580088665696,10.100790044332847,0.6280355086532823,0.009269230616942436,628035.5086532823,6.400986573267933e-05,1.0
0.6444331722583145,5.296152276494106e-05,2.8335353214631472e-05,0.19073215744652172,2.017890305865105,10.089451529325526,0.628363527995046,0.009827842888089473,628363.527995046,6.402928001203096e-05,1.0
0.0,5.2565806800778505e-05,2.836095435137389e-05,0.19060651947296006,2.010205056274256,10.05102528137128,0.6294764608251461,0.010689499771066225,629476.4608251461,6.374484706228192e-05,0.0
0.0,5.227745042807975e-05,2.8562288589817986e-05,0.19026221177890287,2.0046942159146597,10.023471079573298,0.6302757217562224,0.010800145314028129,630275.7217562224,6.352992195681648e-05,0.0
0.6362762023605024,5.1438155007652504e-05,2.8411475216150224e-05,0.1902315495873676,1.9989757484634645,9.994878742317322,0.6311061686698183,0.011569267844553501,631106.1686698183,6.37878258557739e-05,1.0
0.6368917681171988,5.103058604522833e-05,2.861361700587558e-05,0.19020660164027722,1.9961228593141904,9.980614296570952,0.6315208797733032,0.011934083053857633,631520.8797733032,6.365468422783103e-05,1.0
0.6349308647498677,5.015577437784709e-05,2.8027415755893554e-05,0.19070530385523315,2.0027579516960876,10.013789758480437,0.63055678736197,0.011967395072436268,630556.7873619699,6.367848144401357e-05,1.0
0.6380972247171612,5.046856123989611e-05,2.8198779657300075e-05,0.19106462128574406,2.0067739133475717,10.033869566737858,0.6299739751167251,0.012103217688213276,629973.9751167252,6.366577514138598e-05,1.0
0.6421166578340133,5.185903862601684e-05,2.7494245026782584e-05,0.19169827272829157,2.022105809153428,10.110529045767139,0.627753899396182,0.011150444852765099,627753.899396182,6.38681064646552e-05,1.0
0.6453428485069673,5.163851845667124e-05,2.7476306108237393e-05,0.1926024629347062,2.0337809838914795,10.168904919457397,0.6260685697165205,0.011273495585932871,626068.5697165205,6.39326494006026e-05,1.0
0.648253276883989,5.07723691210427e-05,2.7783052881668193e-05,0.19356230232631272,2.0526695819459957,10.263347909729978,0.6233515472613657,0.010476151913991066,623351.5472613657,6.423326779702442e-05,1.0
0.0,5.120692157083671e-05,2.8014080415852342e-05,0.19347674137918888,2.057207775103784,10.28603887551892,0.622700511541528,0.009653994299905691,622700.5115415279,6.482735509486822e-05,0.0
0.6370834122274835,5.08193206599549e-05,2.7664275663846714e-05,0.1938356015844899,2.0614946718254434,10.307473359127217,0.6220861505894404,0.00975735375842019,622086.1505894404,6.512003094668236e-05,1.0
0.0,5.145260771203257e-05,2.7360090831741724e-05,0.19312202695821554,2.055390620612563,10.276953103062816,0.6229611134692207,0.009205167385651759,622961.1134692207,6.483221741868152e-05,0.0
0.6344539313987599,5.1282541033896945e-05,2.72062874030101e-05,0.1936407477528538,2.062542957175267,10.312714785876334,0.6219360116565794,0.009217507162287034,621936.0116565794,6.527657348506742e-05,1.0
0.6427130986889913,5.094098236867762e-05,2.7318026413657338e-05,0.19312331301757032,2.0547309287313307,10.273654643656654,0.6230557482435756,0.009302374278716226,623055.7482435756,6.45708546424391e-05,1.0
0.6334608898305393,5.0833183943431226e-05,2.676208592837108e-05,0.1920406823002795,2.0389317549128885,10.194658774564441,0.6253264869929914,0.00940785159355047,625326.4869929914,6.456452717400962e-05,1.0
0.0,5.11954086450307e-05,2.682287713704909e-05,0.19286163151463234,2.0534163537371084,10.267081768685541,0.6232443708288937,0.00896763385815841,623244.3708288937,6.528336420953943e-05,0.0
0.0,5.105779015675225e-05,2.697984840644813e-05,0.19212211529744885,2.0398562107160396,10.199281053580197,0.6251933917773381,0.00943762237223584,625193.3917773381,6.557630173089757e-05,0.0
0.0,5.078827200222036e-05,2.695534028405787e-05,0.1923638249214284,2.043447604397675,10.217238021988374,0.6246766024637013,0.009404252306558085,624676.6024637013,6.591795407540212e-05,0.0
0.6135275146251038,5.067309076068652e-05,2.717382976879263e-05,0.19178366078451053,2.0337753385813877,10.168876692906938,0.6260693835314914,0.009636705100512503,626069.3835314914,6.57506825138453e-05,1.0
0.6079524942226633,5.0023701353222344e-05,2.7297470420914638e-05,0.1922506535918525,2.0443665080376783,10.221832540188391,0.6245444440078237,0.009045751191528756,624544.4440078237,6.634467788472679e-05,1.0
0.0,5.022174312730489e-05,2.7189024734676675e-05,0.1930587750126163,2.0561086777346316,10.280543388673157,0.6228581223640676,0.008975672389300188,622858.1223640676,6.638577899406284e-05,0.0
0.6098857810052932,4.9323944967836336e-05,2.6664387431905294e-05,0.19364219739143662,2.060278282254171,10.301391411270854,0.622260411400276,0.009544806183149245,622260.411400276,6.631173291852674e-05,1.0
0.6106931910349832,4.911540534129685e-05,2.6771123607738437e-05,0.19469478246817207,2.0715363637038493,10.357681818519247,0.6206494339390465,0.010038998875390611,620649.4339390465,6.651781599198922e-05,1.0
0.605429038086954,4.951278983888629e-05,2.6549778526014675e-05,0.19439806436714355,2.070179007188084,10.350895035940418,0.6208434438221335,0.009639572556420601,620843.4438221335,6.683995840037734e-05,1.0
0.6104432970818221,4.967405818357492e-05,2.644528016803592e-05,0.19575827960708406,2.0911171738525822,10.455585869262912,0.6178574427958367,0.009374002010004767,617857.4427958366,6.704493939674163e-05,1.0
0.6178432394692224,4.9975737306396616e-05,2.6660111830064125e-05,0.19591825116471928,2.0967564827104597,10.483782413552298,0.6170556762753342,0.008892178604772762,617055.6762753342,6.684196340790912e-05,1.0
0.6197403232641181,4.994369972390928e-05,2.7152109608493147e-05,0.19498701019824535,2.0858158374600135,10.429079187300067,0.6186121081770561,0.008586128573546866,618612.1081770562,6.659094767330712e-05,1.0
0.0,5.0529698819923854e-05,2.719764937929068e-05,0.19457871095273224,2.0847955877982547,10.423977938991273,0.6187574503262582,0.007914872231722665,618757.4503262582,6.673178954614978e-05,0.0
0.6252831028374736,5.0981454441910276e-05,2.7419915842638628e-05,0.19433548335095205,2.081574655780139,10.407873278900695,0.6192165201489799,0.007887486850883975,619216.5201489798,6.6388104075891e-05,1.0
0.6213984260029323,5.118489585519591e-05,2.703817372343999e-05,0.19421991646038098,2.0774389220801597,10.387194610400798,0.6198064733921957,0.008246306312957717,619806.4733921958,6.643886136559534e-05,1.0
0.617539353821365,5.1624970826748764e-05,2.71710673232697e-05,0.19274547242748033,2.059318751359564,10.29659375679782,0.6223979088998374,0.007888853754798024,622397.9088998374,6.634631913392375e-05,1.0
0.613799892874731,5.1967683187415574e-05,2.7209674195501157e-05,0.19293607430339632,2.0620010217768074,10.310005108884036,0.6220136249315789,0.007885773538371475,622013.6249315789,6.671624739540119e-05,1.0
0.6144363686926735,5.1708597766993816e-05,2.763424898577899e-05,0.19181904529931104,2.046903471551866,10.234517357759328,0.6241797182651663,0.007817808863788366,624179.7182651663,6.63814720333165e-05,1.0
0.6133657516050083,5.100247635580827e-05,2.751942646325478e-05,0.19021675712991326,2.0207113293156045,10.103556646578022,0.6279554977924852,0.008389012052311708,627955.4977924852,6.563531144785288e-05,1.0
0.6069841945510636,5.119260789161342e-05,2.7496546648840976e-05,0.18980119014649025,2.0168569663180596,10.084284831590297,0.6285130555998828,0.008115435892863263,628513.0555998828,6.599728889930922e-05,1.0
0.0,5.144180034919686e-05,2.7864260056003993e-05,0.1891043500967269,2.008960890457776,10.04480445228888,0.6296568189277267,0.007865519121180572,629656.8189277267,6.573299090632241e-05,0.0
0.6085888700317693,5.1958200337782204e-05,2.7879364717165518e-05,0.18827600710532977,2.0001663025222647,10.000831512611324,0.6309331839639513,0.00748519817461078,630933.1839639513,6.572505322092163e-05,1.0
0.5991404333402947,5.145087569350391e-05,2.7589125008436026e-05,0.1857544086826128,1.9691320169681643,9.845660084840821,0.6354579220858537,0.006966739451079321,635457.9220858538,6.54622626126675e-05,1.0
0.0,5.0968642649995255e-05,2.840283249025434e-05,0.1853392037241762,1.9612409478692705,9.806204739346352,0.6366135897094288,0.007291997157781219,636613.5897094288,6.543088706531487e-05,0.0
0.603693512087946,5.117921993014923e-05,2.8111198011448234e-05,0.1852620464142204,1.9602797102601581,9.80139855130079,0.6367545089880196,0.007278601816460356,636754.5089880195,6.501973148784329e-05,1.0
0.6102078055696337,5.11200520371197e-05,2.812956402675441e-05,0.18489604782818236,1.9547325766539942,9.77366288326997,0.637568339053678,0.0073604347100428,637568.3390536781,6.442909153866992e-05,1.0
0.0,5.0154770191091745e-05,2.8270979193027008e-05,0.18559168691354255,1.9595113618834477,9.797556809417237,0.6368671727668546,0.008050546593939643,636867.1727668545,6.438805680094093e-05,0.0
0.6087361141654158,5.0339228869147e-05,2.8385844861875803e-05,0.18702287196611103,1.9742477411305341,9.87123870565267,0.6347098320928027,0.008755576025024785,634709.8320928027,6.490131056407846e-05,1.0
0.6060790621283593,4.9406232834269586e-05,2.8361204853436367e-05,0.18703845132853905,1.9799264607104754,9.899632303552377,0.6338804446935288,0.007957347350606887,633880.4446935288,6.51058119729139e-05,1.0
0.0,4.894547990164751e-05,2.833855264520975e-05,0.18799822409369008,1.990591874437286,9.95295937218643,0.6323256695527624,0.008322117740142533,632325.6695527624,6.596241892662022e-05,0.0
0.5968292582149012,4.964241099004461e-05,2.8301302032419168e-05,0.18889148249889207,2.0018713038450247,10.009356519225124,0.6306855338504112,0.008468498848195276,630685.5338504112,6.629096910682836e-05,1.0
0.6004723329632518,5.056200227914728e-05,2.800049583419337e-05,0.18804800895340587,1.9916452700974572,9.958226350487285,0.6321723154648466,0.008268333371658401,632172.3154648467,6.585220216789991e-05,1.0
0.6078112078252516,4.994293404932835e-05,2.8685551681836323e-05,0.18847882828208673,1.99620351162237,9.98101755811185,0.6315091519835657,0.008466808547739204,631509.1519835658,6.55449341667805e-05,1.0
0.6037248285151026,4.9779379599635436e-05,2.8645843372885584e-05,0.18879077478738704,2.006231014923577,10.031155074617885,0.6300527311844,0.007634280759174027,630052.7311843999,6.607695603515546e-05,1.0
0.0,4.980510326918208e-05,2.8852005803274803e-05,0.1888546500970525,2.0017467898446206,10.008733949223103,0.6307036161212738,0.008412916315378747,630703.6161212738,6.588460842617775e-05,0.0
0.614625890080154,5.0699614667589224e-05,2.8774569829904825e-05,0.18842209939085997,1.9938055875474252,9.969027937737126,0.6318579312558872,0.008702130037607126,631857.9312558871,6.51574176646768e-05,1.0
0.6148840415109471,5.043918790032524e-05,2.8692649331600085e-05,0.18861339023890103,1.9992335403886412,9.996167701943206,0.6310687080866366,0.008295488564438654,631068.7080866366,6.523354910706195e-05,1.0
0.6196093952336262,5.019196213080209e-05,2.858216324616719e-05,0.18740689241299938,1.9844325808629915,9.922162904314957,0.6332230888562413,0.008036873682240118,633223.0888562413,6.44997494736357e-05,1.0
0.6230972235919358,5.096248566741748e-05,2.814556624484707e-05,0.18622931430737313,1.9738638834150688,9.869319417075344,0.6347659343560753,0.007224562970821596,634765.9343560754,6.405006208529146e-05,1.0
0.0,5.075584137771e-05,2.81344685779139e-05,0.18572919574040997,1.9677190422709332,9.838595211354665,0.6356647016056671,0.007123093086487038,635664.7016056671,6.384422934962258e-05,0.0
0.0,5.110182540463903e-05,2.8049676910059793e-05,0.1860140096408839,1.9728698035568215,9.864349017784107,0.6349112459543692,0.006939265236137006,634911.2459543692,6.36484199014123e-05,0.0
0.6325853683141308,5.0341217413990035e-05,2.844014072461403e-05,0.1859129574236739,1.9756015327012417,9.878007663506208,0.6345120098905046,0.006337924737852386,634512.0098905046,6.352389238308607e-05,1.0
0.6350750322821181,5.024877669366407e-05,2.8112327874846395e-05,0.1869325742127227,1.9864132108427381,9.93206605421369,0.6329343689345048,0.006799517359950227,632934.3689345048,6.352827130507837e-05,1.0
0.0,4.941400274062759e-05,2.797693716408301e-05,0.18663114759978688,1.9774662460822492,9.887331230411245,0.6342396304080247,0.007501925607598461,634239.6304080246,6.305205160648988e-05,0.0
0.0,4.8898005795337184e-05,2.7747866280775124e-05,0.18596918222138398,1.968162191447929,9.840810957239645,0.6355998424076563,0.007538206850424252,635599.8424076564,6.248473617640374e-05,0.0
0.6457156543173022,4.933964635700657e-05,2.8225668073363166e-05,0.18634707158392697,1.9740380673064672,9.870190336532335,0.6347404761041386,0.007434619271992583,634740.4761041387,6.246119007568215e-05,1.0
0.0,4.932790073432308e-05,2.8000332178439502e-05,0.1859353032363687,1.9665706369192675,9.832853184596337,0.6358328127148812,0.0077034191876186285,635832.8127148813,6.198389001560956e-05,0.0
0.6473152385836685,4.9181789849360134e-05,2.8209015488288553e-05,0.1855602763416992,1.9612041850259379,9.806020925129689,0.6366189786392203,0.007739531322618735,636618.9786392204,6.200931147121652e-05,1.0
0.6474016072281941,4.882377924038247e-05,2.8535883620544576e-05,0.18400564373402076,1.9434124529329015,9.717062264664508,0.6392323636200092,0.007243651088050767,639232.3636200093,6.160517404803833e-05,1.0
0.6415337353572628,4.873697561895418e-05,2.852132907470906e-05,0.18416723614550148,1.9474526638883796,9.737263319441897,0.6386379667819931,0.006972439072996121,638637.9667819932,6.20441966349282e-05,1.0
0.0,4.891279269012544e-05,2.813785919293274e-05,0.18533163085525084,1.9639165153287736,9.819582576643867,0.6362215105776605,0.006884772288162183,636221.5105776605,6.299464633731495e-05,0.0
0.0,4.9425994939553815e-05,2.776585585144498e-05,0.18472298679323465,1.9543452958591943,9.771726479295971,0.637625196553168,0.007071170139637288,637625.196553168,6.292062868567009e-05,0.0
0.6248899308823365,4.812490169871434e-05,2.8068467953854905e-05,0.18557061840618208,1.9654754260592116,9.827377130296057,0.6359931782834186,0.007134415095782776,635993.1782834186,6.329251812227672e-05,1.0
0.6195895976920357,4.774652307760865e-05,2.772892038913785e-05,0.18565893280388268,1.965571931728128,9.827859658640639,0.6359790458760953,0.007296911483860678,635979.0458760953,6.347391929627216e-05,1.0
0.6195654159540495,4.787114073715098e-05,2.7891949964673064e-05,0.18406011055736934,1.948606346709465,9.743031733547324,0.6384683381478028,0.006588559262541503,638468.3381478027,6.314306389584486e-05,1.0
0.0,4.7864286364426815e-05,2.7968415698325782e-05,0.18367787219703766,1.9406869512189944,9.703434756094971,0.6396336525552578,0.006989396949333137,639633.6525552578,6.29115807076489e-05,0.0
0.0,4.810868875840164e-05,2.8122187129652576e-05,0.183091245808572,1.9323085388665768,9.661542694332883,0.6408688253352067,0.007051316952350731,640868.8253352067,6.264543451839076e-05,0.0
0.0,4.828028512629688e-05,2.8301218829413292e-05,0.183625228363487,1.930497090237839,9.652485451189195,0.6411361884134048,0.008386645140378794,641136.1884134049,6.224689289251919e-05,0.0
0.6234804255785148,4.816224549227424e-05,2.8055093217499656e-05,0.18395645175534242,1.9360822913175495,9.680411456587747,0.6403121915417982,0.008225095052483011,640312.1915417982,6.259850947307194e-05,1.0
0.0,4.7935573984435164e-05,2.780133289944524e-05,0.18550899383145894,1.9558498738636125,9.779249369318062,0.6374043347360702,0.008422322398988037,637404.3347360701,6.303938154996335e-05,0.0
0.6161750092876187,4.785411175987871e-05,2.8059784381686458e-05,0.18524511809864913,1.9424214184371555,9.712107092185777,0.6393782493348142,0.009868485532112527,639378.2493348143,6.309566316252165e-05,1.0
0.6135020582664472,4.847140069959251e-05,2.790978531088341e-05,0.18502275866342086,1.9387252160992123,9.693626080496061,0.6399226443093802,0.009968161636221867,639922.6443093802,6.322709632111681e-05,1.0
0.6133049417358631,4.81359687191478e-05,2.7126545057064198e-05,0.184435845370224,1.930990903248121,9.654954516240604,0.6410632923934114,0.009934983133859421,641063.2923934114,6.279077369478401e-05,1.0
0.0,4.814184598319287e-05,2.7378640745288073e-05,0.183354709714525,1.9196912905682657,9.598456452841328,0.6427334030947569,0.009442822523806908,642733.4030947569,6.283197066958563e-05,0.0
0.0,4.827068017052822e-05,2.712018954396168e-05,0.18393177379731163,1.9222519416229957,9.611259708114979,0.642354551662312,0.010218099256935263,642354.551662312,6.207097059089523e-05,0.0
0.0,4.908544203205489e-05,2.7317926516454022e-05,0.18375588622844535,1.9238217027024043,9.619108513512021,0.6421224140218176,0.009634186478708272,642122.4140218176,6.264898890036138e-05,0.0
0.6246856056325937,4.8953579062295635e-05,2.778941454092003e-05,0.1826357139230078,1.9072072451775275,9.536036225887637,0.6445836353615426,0.009855063207558168,644583.6353615426,6.178102495225853e-05,1.0
0.6245142304629895,4.94539108090552e-05,2.7838654987280217e-05,0.18266993239894863,1.9092446055534316,9.546223027767157,0.6442813194848556,0.009621184282752814,644281.3194848555,6.193847573895099e-05,1.0
0.6260640680760283,5.008082229450661e-05,2.8180611637033672e-05,0.1818660172448634,1.8990057535132516,9.495028767566257,0.6458020579760819,0.009534092465808747,645802.057976082,6.176658207578845e-05,1.0
0.0,5.0047328716121153e-05,2.826313870845386e-05,0.18167362799658215,1.9011439156343362,9.50571957817168,0.6454841884890232,0.008831444482187542,645484.1884890232,6.211132242260895e-05,0.0
0.0,4.994102265226035e-05,2.8774104732727125e-05,0.18310959874722557,1.9158160022537105,9.579080011268552,0.6433071817089596,0.00952637920341074,643307.1817089596,6.232786105526697e-05,0.0
0.6356018651835695,4.977767536319104e-05,2.8479990505445452e-05,0.18351220923760878,1.9221303618193954,9.610651809096977,0.6423725344911658,0.009396952966383387,642372.5344911658,6.1793415282872e-05,1.0
0.6380770310029709,4.965421028880593e-05,2.8507926201211596e-05,0.18346083540771377,1.9254629255270783,9.627314627635391,0.6418797982621817,0.008801469077609201,641879.7982621817,6.174373987740215e-05,1.0
0.641123848465078,5.008824601331823e-05,2.8739716158699804e-05,0.1835052818311884,1.9216660094425029,9.608330047212513,0.6424412213322003,0.009451784994577063,642441.2213322002,6.155092494975336e-05,1.0
0.6524561144301326,5.0201986081679624e-05,2.8707798308422793e-05,0.18355002263614387,1.9239013657621005,9.619506828810502,0.6421106356158791,0.009210680888166869,642110.6356158791,6.09618657584843e-05,1.0
0.0,5.0315591214630965e-05,2.907930804125014e-05,0.1841700348931603,1.9310558806693334,9.655279403346666,0.6410537011299483,0.009393770916268892,641053.7011299483,6.113705348156471e-05,0.0
0.6579288967046836,4.974666763514843e-05,2.89681100185719e-05,0.18483048400398683,1.9370764264840308,9.685382132420154,0.640165635681037,0.009826603689010697,640165.635681037,6.094759855103615e-05,1.0
0.0,4.926798924375784e-05,2.960955916368913e-05,0.18497035154383223,1.9373427103162149,9.686713551581073,0.6401263856928532,0.010067088780517644,640126.3856928531,6.113856741999009e-05,0.0
0.6629270293652395,5.035435287127118e-05,3.0254027231697022e-05,0.18467297600548382,1.9407696193492798,9.703848096746398,0.6396214772186901,0.008967429229657773,639621.4772186901,6.113631623182705e-05,1.0
0.6527685869432137,5.0258352951201407e-05,3.033356828593127e-05,0.18397365143140526,1.9287886087618735,9.643943043809367,0.641388456132743,0.00933575899555351,641388.4561327429,6.141277791783592e-05,1.0
0.0,4.98657998943882e-05,3.049267727431903e-05,0.18351775787401334,1.9228694688388588,9.614347344194293,0.6422632211862832,0.009298736934309876,642263.2211862832,6.116408456873262e-05,0.0
0.6553164793033739,5.058403347929508e-05,3.084032515952004e-05,0.18407914008493576,1.9314876769875413,9.657438384937706,0.6409899676773505,0.009148247847222013,640989.9676773505,6.148681019539682e-05,1.0
0.6558459859434258,5.071325708405096e-05,3.046735943663943e-05,0.18478208724908307,1.9412782529615324,9.706391264807662,0.6395465709176238,0.009110745415789961,639546.5709176238,6.164366077739459e-05,1.0
0.0,5.0988069400802203e-05,3.0064412243533305e-05,0.18454382523151922,1.9433886738106954,9.716943369053476,0.6392358636474652,0.00832351411050362,639235.8636474652,6.118720675301841e-05,0.0
0.0,5.0899284475145394e-05,3.0440049672819928e-05,0.18577825454443941,1.9593105576781331,9.796552788390665,0.6368966201967456,0.00845312928562445,636896.6201967456,6.151179015000807e-05,0.0
0.6633884025724658,5.0721962240354085e-05,3.0513445221225427e-05,0.18588451113462057,1.965204540689184,9.82602270344592,0.6360328487438162,0.007801871013057305,636032.8487438161,6.18745832334747e-05,1.0
0.6600975400263646,5.062272980929836e-05,3.0435224743006983e-05,0.185715258657458,1.9635691746967698,9.817845873483849,0.6362723964231018,0.0077029137380178435,636272.3964231019,6.199940663103894e-05,1.0
0.0,4.991890612796308e-05,3.042985723901119e-05,0.18493604668639885,1.9521002636724287,9.760501318362143,0.6379548943062289,0.007826987679026592,637954.8943062288,6.160649998880965e-05,0.0
0.0,4.987656430069387e-05,2.9705447652521745e-05,0.18635136964513885,1.9674455908992692,9.837227954496345,0.6357047271791622,0.008407466469439868,635704.7271791622,6.153702646646589e-05,0.0
0.0,5.00270495532013e-05,2.9654170005134208e-05,0.18677323752699052,1.9757998536528296,9.878999268264147,0.6344830355061402,0.008029510560121213,634483.0355061402,6.19322028777452e-05,0.0
0.0,5.095174017905915e-05,2.9435172583273558e-05,0.188501953085549,1.994266970809078,9.97133485404539,0.6317908078637438,0.008794714034841784,631790.8078637437,6.250898265156197e-05,0.0
0.0,5.097570490798058e-05,2.9721890621692612e-05,0.19033120535690967,2.0160501059479357,10.080250529739677,0.6286298356670832,0.009292246380902522,628629.8356670832,6.329353811856249e-05,0.0
0.6576602630845749,4.9789102288715815e-05,3.002596204277396e-05,0.18927484105111195,2.002859700761149,10.014298503805746,0.6305420144798153,0.009091696582039203,630542.0144798153,6.286369862092517e-05,1.0
0.0,4.974632752654919e-05,3.0198446872157453e-05,0.18806884546012606,1.9899591693046543,9.949795846523271,0.632417797096945,0.008555488017197117,632417.797096945,6.202002877463199e-05,0.0
0.0,5.112115304257236e-05,3.0313115529354047e-05,0.18564547743316065,1.9615279867928708,9.807639933964353,0.6365715152994167,0.007862470165737965,636571.5152994167,6.146395627592011e-05,0.0
0.6685270742922585,5.153191309921343e-05,2.9857649194150886e-05,0.18646339599732145,1.9714810484273109,9.857405242136554,0.6351143056935469,0.008041097688189775,635114.3056935469,6.170152485513709e-05,1.0
0.6612711745793276,5.109583036532487e-05,3.003768913426693e-05,0.18681996357761527,1.9786162543336407,9.893081271668203,0.634071706504425,0.007711633659655572,634071.706504425,6.22891201619263e-05,1.0
0.0,5.136946701523365e-05,3.0225754735238607e-05,0.18724526906656028,1.9800217192482261,9.90010859624113,0.6338665412559827,0.008357079389103319,633866.5412559827,6.231640241845315e-05,0.0
0.6633186755975374,5.097107096248411e-05,3.059479743666446e-05,0.18622500290564042,1.9681599525528277,9.840799762764139,0.6356001700751263,0.008050175886407118,635600.1700751262,6.198990099556638e-05,1.0
0.662262787253709,5.0274745783460995e-05,3.121836443166023e-05,0.18600078007002024,1.9679064166105236,9.839532083052617,0.6356372767386125,0.007638836878652989,635637.2767386124,6.209302089493367e-05,1.0
0.6633307049071498,5.009506618617474e-05,3.068622894095554e-05,0.1862648868665989,1.97039534322839,9.85197671614195,0.6352730995835043,0.0078028733167020865,635273.0995835043,6.195825753014657e-05,1.0
0.0,5.0138928082070674e-05,3.055596131445096e-05,0.18673052869303763,1.978814693032614,9.89407346516307,0.6340427350357131,0.007503792421788333,634042.7350357131,6.196123307992636e-05,0.0
0.6645169002385809,4.9200071769212565e-05,3.032216209701465e-05,0.186987745825711,1.9819682683166147,9.909841341583073,0.6335824999186149,0.007557991570036968,633582.499918615,6.200088656704278e-05,1.0
0.6680055787296663,4.8641490688558996e-05,3.0367471011589878e-05,0.1877687606379485,1.9889669159001941,9.94483457950097,0.6325623051277685,0.008099826403665489,632562.3051277684,6.189069726696872e-05,1.0
0.0,4.8673828656378995e-05,3.0364142148823493e-05,0.18774273089670074,1.9879462688830498,9.939731344415248,0.6327109827480251,0.008196444541426541,632710.9827480251,6.179312196451104e-05,0.0
0.0,4.8496265495256935e-05,3.028663468392298e-05,0.1886679837838831,2.000002162444641,10.000010812223206,0.6309570303131832,0.008292997880949372,630957.0303131832,6.267449840593675e-05,0.0
0.6544544291193747,4.872374582092484e-05,3.058918329866487e-05,0.18919490266261024,2.0063194199701826,10.031597099850913,0.6300399059525641,0.008429711277784593,630039.9059525641,6.313173107519678e-05,1.0
0.6512305427820834,4.814193674085207e-05,3.0246975369337338e-05,0.1879160062280193,1.9943237008637706,9.971618504318853,0.6317825551010476,0.0076145675570862045,631782.5551010476,6.290477456843753e-05,1.0
0.0,4.853615488031168e-05,2.9929699421732808e-05,0.18905490900532848,2.008329430523058,10.041647152615289,0.6297483770702528,0.007858195080909725,629748.3770702528,6.369948734726933e-05,0.0
0.0,4.797355223417535e-05,2.962383785196874e-05,0.18999158260272467,2.020418557139748,10.102092785698739,0.6279978317622051,0.007980996967654478,627997.8317622051,6.372442165160072e-05,0.0
0.6347785950750684,4.883544834046066e-05,2.952326281870157e-05,0.19054186383628233,2.024664933367482,10.12332466683741,0.6273840980192285,0.008467825691793099,627384.0980192284,6.455343386379594e-05,1.0
0.6340598830372762,4.800086023146229e-05,2.9164220497553986e-05,0.19087572580986906,2.026978811750007,10.134894058750035,0.6270499229587877,0.008801374578525796,627049.9229587876,6.443439385749896e-05,1.0
0.0,4.7494565891641336e-05,2.9166364640963127e-05,0.19199351583925592,2.04302535120379,10.21512675601895,0.6247373410926407,0.008724372771152523,624737.3410926407,6.540150064122132e-05,0.0
0.6151605858159006,4.7753359975324426e-05,2.9133390289754603e-05,0.19102525753335525,2.0258317155169934,10.129158577584967,0.6272155666947743,0.009266081761484819,627215.5666947743,6.552496332616275e-05,1.0
0.0,4.863040940156676e-05,2.8914767949759788e-05,0.19181725600035093,2.03772732644725,10.18863663223625,0.6254999327767469,0.009134444777448762,625499.9327767469,6.523880124861525e-05,0.0
0.6209328367558479,4.881532273159351e-05,2.919860246698145e-05,0.1914901786358786,2.0322107129325615,10.161053564662808,0.6262949771621814,0.00927533443393864,626294.9771621814,6.549510119194192e-05,1.0
0.6239340393569011,4.912044523705284e-05,2.9196780259155802e-05,0.1921619819734465,2.0425182731380143,10.212591365690072,0.6248102890831272,0.00913425303002019,624810.2890831272,6.561382078756988e-05,1.0
0.628567366886957,4.914680478314831e-05,2.9531638863182228e-05,0.19231149881264992,2.0428716661469446,10.214358330734722,0.6247594492465816,0.009382446871881391,624759.4492465815,6.540124779641531e-05,1.0
0.6255584007520926,4.865066946042775e-05,2.9482491130557254e-05,0.19126640201863554,2.029584972589923,10.147924862949615,0.6266737490058538,0.009206553043124881,626673.7490058538,6.517988277068444e-05,1.0
0.6300237532668534,4.843258689709951e-05,2.94855828414767e-05,0.19128504606576677,2.024028075037768,10.12014037518884,0.6274761056551996,0.010046197786733168,627476.1056551996,6.468978056533541e-05,1.0
0.6255453599109089,4.785798029916688e-05,2.9327036463242655e-05,0.19249152653145066,2.0337648042686722,10.168824021343362,0.62607090213671,0.011053955199611325,626070.90213671,6.504201634869507e-05,1.0
0.6290584764999748,4.726146570929511e-05,2.9338381771817155e-05,0.19249921689969574,2.0309874293701,10.1549371468505,0.6264714114233206,0.011469845222712102,626471.4114233206,6.464638570670193e-05,1.0
0.629723022245627,4.751711085476908e-05,2.9565283528220425e-05,0.19237650752669913,2.024152826635517,10.120764133177584,0.6274580815895666,0.012211096642964873,627458.0815895667,6.449121042266691e-05,1.0
0.6227841289828351,4.700517964662972e-05,2.9450577587974926e-05,0.19148053289340766,2.017388049524856,10.08694024762428,0.6284362016828607,0.011397267469676052,628436.2016828607,6.468495197349185e-05,1.0
0.6233519568923971,4.722485305705881e-05,2.9617089624975828e-05,0.19155042249537352,2.023462762756697,10.117313813783484,0.627557788257898,0.010658633248645034,627557.788257898,6.490777017021021e-05,1.0
0.6235611811580566,4.662944461980709e-05,2.938092374416259e-05,0.19269196929031357,2.040499857802963,10.202499289014813,0.6251007417197294,0.010484680300356528,625100.7417197294,6.517933604815665e-05,1.0
0.0,4.6845047237469324e-05,2.9621020438936e-05,0.19109430176388806,2.0182810269405405,10.091405134702702,0.6283069986492027,0.010495602176978836,628306.9986492028,6.474295181778581e-05,0.0
0.6296356693580604,4.666380500823846e-05,2.9454628281963703e-05,0.1930329142751991,2.045922250875163,10.229611254375813,0.6243207578739912,0.010386586424389426,624320.7578739913,6.496631982066446e-05,1.0
0.6379259114093915,4.743383667489901e-05,2.9721039678293144e-05,0.1926989364946615,2.047041268147421,10.235206340737104,0.6241599140817622,0.00955778707108516,624159.9140817622,6.47062717462364e-05,1.0
0.0,4.764701938919056e-05,2.9744911847457382e-05,0.19334039791370342,2.051902684137461,10.259513420687304,0.6234616313554184,0.01014242718282528,623461.6313554185,6.466812132698426e-05,0.0
0.6397598847887274,4.8311970447903825e-05,3.0206299730525554e-05,0.1934896290588961,2.0465020129832374,10.232510064916188,0.624237419638055,0.011216677755847242,624237.419638055,6.474174853749317e-05,1.0
0.0,4.796790768073315e-05,2.985595341803878e-05,0.19372833511989576,2.0455368214750047,10.227684107375023,0.6243761678005251,0.01183283804031661,624376.1678005251,6.480777441167554e-05,0.0
0.6318482777090284,4.803662119724057e-05,2.9415981317684446e-05,0.19405429767987456,2.0465512151668155,10.232756075834077,0.6242303475541544,0.012338942913903514,624230.3475541545,6.49602971128252e-05,1.0
0.0,4.758534519423762e-05,2.9242796517538086e-05,0.19326549202772678,2.035129230940109,10.175646154700544,0.6258742398027447,0.012405223858198245,625874.2398027447,6.46306024078113e-05,0.0
0.6337394343969486,4.742683566898066e-05,2.884255730277703e-05,0.19239888244315909,2.0263698319387315,10.131849159693656,0.6271378558093526,0.011935620695670711,627137.8558093526,6.414014010628992e-05,1.0
0.6251858668150864,4.734724684422873e-05,2.8450885688393005e-05,0.19321379569657157,2.0376881107088693,10.188440553544346,0.6255055809149321,0.011933172308075281,625505.5809149322,6.483991427035774e-05,1.0
0.6285544855509869,4.703737279700059e-05,2.8668333202763108e-05,0.19254647322403423,2.0214108800411,10.107054400205499,0.6278543564322661,0.012947302880334527,627854.3564322661,6.418569123727049e-05,1.0
0.6259146941899021,4.648887391163773e-05,2.8693712900684047e-05,0.19271672027233752,2.025393053473413,10.126965267367066,0.6272789222217993,0.012712362766474307,627278.9222217993,6.437794887326521e-05,1.0
0.6251751439297009,4.585233777157865e-05,2.857593434965909e-05,0.19227145244273516,2.021180023310253,10.105900116551265,0.6278877320017625,0.01243063688723285,627887.7320017625,6.420412927251148e-05,1.0
0.0,4.476541695829338e-05,2.8488326883474277e-05,0.1917980342930604,2.011149351349292,10.05574675674646,0.6293396073929194,0.01293567597904015,629339.6073929194,6.408876784980274e-05,0.0
0.0,4.4341935387375786e-05,2.833938904650689e-05,0.1934715475288049,2.0306456828420005,10.153228414210002,0.6265207104272223,0.013463805484832145,626520.7104272223,6.435832936023397e-05,0.0
0.6197250842262784,4.4768843627964194e-05,2.8867712015922465e-05,0.19249137555807835,2.0204877435725463,10.10243871786273,0.6279878273560914,0.0129705784722481,627987.8273560914,6.438834028098005e-05,1.0
0.611217238442251,4.407421748939827e-05,2.8669706063311106e-05,0.19154846971078027,2.0087769687037507,10.043884843518752,0.6296834851746239,0.012780424596184427,629683.4851746239,6.44715313501776e-05,1.0
0.0,4.350867171648365e-05,2.8299671772619893e-05,0.19124688260332676,2.00673170229447,10.03365851147235,0.6299800981496565,0.012473863356310021,629980.0981496566,6.467275447204283e-05,0.0
0.0,4.453394756777043e-05,2.8572493522413393e-05,0.19067186149017118,1.9989114819075597,9.994557409537798,0.631115507798372,0.012459230778714366,631115.507798372,6.447444732186854e-05,0.0
0.0,4.4325020591490894e-05,2.8536316964960778e-05,0.19092940879657314,1.998997058839354,9.99498529419677,0.6311030719054695,0.012961889498615825,631103.0719054695,6.42960159658487e-05,0.0
0.0,4.459904318424349e-05,2.9177222732306928e-05,0.1908131304240023,2.000571110629081,10.002855553145404,0.6308743771000749,0.012500637948079462,630874.3771000749,6.513557900585245e-05,0.0
0.0,4.502822089380887e-05,2.9035816586022548e-05,0.1912301021117892,2.0029062690728483,10.014531345364242,0.6305352533716579,0.012995457595236341,630535.2533716579,6.483404457871554e-05,0.0
0.6059955881585115,4.545891954082333e-05,2.9308895508229136e-05,0.1911313906384576,2.0016092352189556,10.008046176094778,0.6307235927908771,0.012986374067792269,630723.5927908771,6.501075984084637e-05,1.0
0.6040911949729201,4.4788584034702834e-05,2.9647376797244345e-05,0.19117044878263897,1.9945554334836544,9.972777167418272,0.6317488450893156,0.014089742654593562,631748.8450893157,6.487483968467938e-05,1.0
0.0,4.477728251405903e-05,2.949802851163886e-05,0.19168478562903266,2.001098355240775,10.005491776203874,0.6307977919856218,0.014167363243687128,630797.7919856218,6.495943241900201e-05,0.0
0.0,4.407262322901865e-05,2.9285191711033372e-05,0.1915361612349247,1.9999594604709179,9.999797302354589,0.6309632342241493,0.014035556693998754,630963.2342241494,6.492786946091614e-05,0.0
0.6096469475773214,4.541432969389344e-05,2.9521897836091976e-05,0.19127930985658778,1.9950040981409498,9.975020490704749,0.6316835832105012,0.014242202923676775,631683.5832105012,6.459234315267569e-05,1.0
0.6074757407491296,4.470860546800777e-05,2.9703927454744318e-05,0.1922343404140559,2.009903953169106,10.04951976584553,0.6295201049181478,0.013988785746259634,629520.1049181478,6.503861137737013e-05,1.0
0.0,4.42905132492127e-05,2.9286665875436154e-05,0.19164333936749134,2.0084927545018094,10.042463772509047,0.6297246947346758,0.013011373469658529,629724.6947346758,6.504255850551288e-05,0.0
0.5916435588627311,4.3884402556807694e-05,2.8962401867036015e-05,0.19233150449140202,2.019242765426739,10.096213827133695,0.6281678764303258,0.012830885413129808,628167.8764303258,6.605799995265432e-05,1.0
0.0,4.32583842673101e-05,2.8222224828210894e-05,0.19309737025823734,2.0311262945892983,10.15563147294649,0.626451380383858,0.0126461209003326,626451.380383858,6.660479622990371e-05,0.0
0.5861079875813762,4.4069513536842175e-05,2.8436396387840317e-05,0.19355539234376512,2.0433804970517704,10.216902485258851,0.6246862550645208,0.011797039752051042,624686.2550645208,6.698938334580001e-05,1.0
0.0,4.539934721664708e-05,2.8389120302142785e-05,0.19395354097371573,2.0494244651918456,10.247122325959229,0.6238174994146813,0.011724581362112775,623817.4994146813,6.723505281090467e-05,0.0
0.5817474253681341,4.5253485712657826e-05,2.8372692769807346e-05,0.19334806149529862,2.0484296409192515,10.242148204596257,0.6239604116319686,0.01065653462256582,623960.4116319686,6.768205467711637e-05,1.0
0.583844798922959,4.4688204424982465e-05,2.7897805685100644e-05,0.19313896804733738,2.046820631194356,10.23410315597178,0.624191624417862,0.010469560512536764,624191.624417862,6.72612751914892e-05,1.0
0.5818908828375632,4.367597758711981e-05,2.7610418865471833e-05,0.19295235252586715,2.043443017385636,10.21721508692818,0.624677262246574,0.010581967298308365,624677.262246574,6.704019983491006e-05,1.0
0.0,4.368040367611636e-05,2.7514822814392126e-05,0.19134567992018112,2.020905200337792,10.10452600168896,0.6279274662005491,0.010618826040911314,627927.466200549,6.582553027240497e-05,0.0
0.5889156371250249,4.364861289101331e-05,2.736282867805994e-05,0.19172576282602172,2.027675164388515,10.138375821942574,0.6269493891316062,0.010400914783649679,626949.3891316062,6.609635352104241e-05,1.0
0.5860272440557723,4.3449992570012974e-05,2.745092292715403e-05,0.19183684514821245,2.0295663167645954,10.147831583822978,0.6266764409905777,0.01035013128700265,626676.4409905777,6.632999496738112e-05,1.0
0.593320664507856,4.3691680345600826e-05,2.767694490660049e-05,0.19218978243076185,2.0372302330913903,10.18615116545695,0.625571531581,0.00995109644252368,625571.531581,6.61510961189152e-05,1.0
0.0,4.4015433310096555e-05,2.840428977925404e-05,0.1920550512177402,2.0353156129148426,10.176578064574214,0.6258473803379041,0.009957482773384475,625847.3803379041,6.646934781406912e-05,0.0
0.0,4.429666627286357e-05,2.843019887465968e-05,0.19249784183222204,2.041257552276081,10.206287761380405,0.6249916926567686,0.00998737632121267,624991.6926567686,6.633050315048869e-05,0.0
0.6007889058577781,4.4252670511422056e-05,2.879621569609557e-05,0.19122058126490796,2.026657330601945,10.133286653009725,0.6270963412760218,0.009537503805837661,627096.3412760218,6.579677588905857e-05,1.0
0.0,4.3816806186406487e-05,2.8571299549079726e-05,0.1904082195426785,2.0144315278972904,10.072157639486452,0.6288641642446184,0.009680603329975458,628864.1642446184,6.546439374364803e-05,0.0
0.5921824582300165,4.427338661158171e-05,2.8097389663605523e-05,0.18865784513676645,1.989380781342131,9.946903906710654,0.6325020273173833,0.009817717590916175,632502.0273173832,6.525431187767266e-05,1.0
0.0,4.4394175759060845e-05,2.8029751376320374e-05,0.18853573808138963,1.9882496737569721,9.94124836878486,0.6326667821195281,0.009738258282307316,632666.782119528,6.489817899573704e-05,0.0
0.595740904590247,4.4950471006296955e-05,2.7589839833431693e-05,0.18859756831849012,1.9807594244040467,9.903797122020233,0.6337588799978243,0.01095401663480458,633758.8799978243,6.473445815648735e-05,1.0
0.594789277624333,4.544649936090713e-05,2.764244498691379e-05,0.18792115596422315,1.9721104171642616,9.860552085821308,0.63502227318032,0.010864585108766334,635022.27318032,6.468637485100273e-05,1.0
0.5910065900094839,4.4826688339165425e-05,2.7455459849822914e-05,0.18812801638318796,1.9760147326006294,9.880073663003147,0.6344516435175286,0.010707676283904498,634451.6435175285,6.488685149757785e-05,1.0
0.0,4.421304346865332e-05,2.692006923680008e-05,0.1877394537752688,1.9722393660066406,9.861196830033203,0.635003418653085,0.010482326203622543,635003.418653085,6.49043579789969e-05,0.0
0.5854262802555449,4.3951012239909986e-05,2.7502475395822133e-05,0.1864831903733807,1.9584636686184713,9.792318343092356,0.6370208293212505,0.009987210068011891,637020.8293212504,6.471644813436822e-05,1.0
0.0,4.354385929096645e-05,2.7391157373974078e-05,0.188576224061556,1.9847420629736228,9.923710314868114,0.6331779664234614,0.010330414546573356,633177.9664234613,6.513189404748735e-05,0.0
0.5806502931306906,4.4050607993135174e-05,2.6952048435611335e-05,0.1883966236434141,1.9846771155092697,9.923385577546348,0.6331874354848039,0.009980682771632164,633187.435484804,6.556633744746468e-05,1.0
0.5845754007269368,4.434525067126643e-05,2.7282459004051294e-05,0.1874866310526394,1.9741519426697274,9.870759713348637,0.6347238329374219,0.009697095042700644,634723.8329374219,6.519087511582974e-05,1.0
0.5879719788949823,4.5007937654733755e-05,2.7118225515208484e-05,0.1869030710290868,1.9679705492070025,9.839852746035012,0.6356278903039038,0.009434032362077332,635627.8903039037,6.488644428738516e-05,1.0
0.5858554749784238,4.530602231034454e-05,2.750291081501151e-05,0.18658265777224964,1.9668797085327705,9.834398542663852,0.6357875644124122,0.00895287995691153,635787.5644124122,6.518971730977929e-05,1.0
0.5901056929669707,4.550422665507433e-05,2.7332834298307867e-05,0.18607555864205325,1.9657896547395433,9.828948273697716,0.6359471634073944,0.008098280691500937,635947.1634073944,6.489294141295631e-05,1.0
0.0,4.619400701214493e-05,2.7223908305262872e-05,0.18698074825443814,1.9794955043752112,9.897477521876056,0.6339433486352151,0.007904845144091321,633943.3486352151,6.525670711016837e-05,0.0
0.0,4.650499054176956e-05,2.738287965200073e-05,0.18719199068506087,1.979111294711385,9.895556473556924,0.6339994345274439,0.00838341589756564,633999.4345274438,6.495486509135837e-05,0.0
0.0,4.660894121265303e-05,2.7613187873171947e-05,0.18863902731460827,1.9980811505358398,9.990405752679198,0.6312361828531304,0.00851423748234695,631236.1828531304,6.611534057713178e-05,0.0
0.5819478715793764,4.741698890536531e-05,2.7891469236910688e-05,0.18873240604469974,1.9937952980850018,9.968976490425009,0.6318594282783946,0.009324240367794074,631859.4282783946,6.661752438460414e-05,1.0
0.0,4.75262395688344e-05,2.7906717510553674e-05,0.18924598181332475,1.9981837525259007,9.990918762629503,0.6312212700862833,0.009713233712932784,631221.2700862832,6.659871061254608e-05,0.0
0.0,4.7423544474998755e-05,2.8107168176808976e-05,0.19012429490172916,2.008439879418661,10.042199397093304,0.6297323616403528,0.009980951443811151,629732.3616403529,6.691818860092727e-05,0.0
0.5841367794781516,4.705616195610995e-05,2.8368713395349823e-05,0.1914482447331134,2.0202226048774046,10.101113024387022,0.6280261674600345,0.010922656926261286,628026.1674600345,6.712017284660086e-05,1.0
0.588272661344759,4.746655144651046e-05,2.8461509869012883e-05,0.19233268235786455,2.0329368749541445,10.164684374770722,0.6261902662745054,0.010855630990234455,626190.2662745054,6.724115759750352e-05,1.0
0.0,4.8135745688501485e-05,2.8449482237653335e-05,0.1920962090095287,2.0295580200462604,10.147790100231301,0.6266776381881248,0.010870056207182241,626677.6381881249,6.710422096006517e-05,0.0
0.0,4.814773707401474e-05,2.804690410843093e-05,0.1920380268423411,2.028911967042586,10.14455983521293,0.6267708691875263,0.010846922872208528,626770.8691875263,6.698858379522842e-05,0.0
0.0,4.883874014442437e-05,2.8265718273296307e-05,0.19057927716779266,2.0035395020360975,10.017697510180486,0.6304433234447708,0.011601877780356132,630443.3234447709,6.581275625545333e-05,0.0
0.0,4.7876957825550096e-05,2.8313056017572726e-05,0.1904164457044444,2.00150861160937,10.00754305804685,0.6307382064740897,0.011571097882978556,630738.2064740898,6.57664056171638e-05,0.0
0.0,4.789169198163514e-05,2.822271014151606e-05,0.19102791484814705,2.012390981156482,10.061954905782411,0.6291597075419864,0.011215537238280433,629159.7075419864,6.595120318754923e-05,0.0
0.0,4.791381068595022e-05,2.8641585847763235e-05,0.19179371456485797,2.0211115263319117,10.105557631659558,0.6278976351327803,0.01148506426249625,627897.6351327803,6.619004838075227e-05,0.0
0.599761608206916,4.7592037286027545e-05,2.8240404040933974e-05,0.19148174138538507,2.0198244245951726,10.099122122975862,0.6280837503009477,0.01104723307171781,628083.7503009477,6.606137029955536e-05,1.0
0.6073231141476102,4.8832127059297934e-05,2.876880685472476e-05,0.1928023383531945,2.0364193305325684,10.182096652662842,0.6256883474602014,0.011293024166590417,625688.3474602014,6.629682594525318e-05,1.0
0.0,4.8822388201767594e-05,2.8786748734039926e-05,0.19256360750983006,2.031850891078469,10.159254455392345,0.6263468691306694,0.011474084150329526,626346.8691306694,6.637736112334463e-05,0.0
0.603195610407864,4.864207505193002e-05,2.8906269212909998e-05,0.19193866040953156,2.0240524750167004,10.120262375083502,0.6274725803143566,0.011349901133419688,627472.5803143566,6.627071926598527e-05,1.0
0.5977637056755596,4.868221460760817e-05,2.8809630594292717e-05,0.19169343915043383,2.018889808164103,10.094449040820514,0.628218930595927,0.011605808896794707,628218.930595927,6.648707863683969e-05,1.0
0.0,4.770716344619309e-05,2.8333316108649864e-05,0.190465148726085,2.00728736175246,10.036436808762298,0.6298995003015346,0.010829797753704637,629899.5003015347,6.626513973723557e-05,0.0
0.0,4.737308621459677e-05,2.8324766816937132e-05,0.19093807340324168,2.0133655648344457,10.066827824172229,0.6290185360528097,0.010894682859293037,629018.5360528097,6.627615373487219e-05,0.0
0.0,4.791724447502754e-05,2.8458694952666226e-05,0.19100293386505626,2.015983071653843,10.079915358269215,0.6286395387796613,0.01064540650977381,628639.5387796613,6.644778167093224e-05,0.0
0.6038195107400307,4.76444269080606e-05,2.869238868753368e-05,0.19213010341185935,2.0217632046844964,10.108816023422483,0.6278034233445019,0.012063630168220594,627803.4233445019,6.591713695133517e-05,1.0
0.5945551223451526,4.727710078849925e-05,2.8659130954251337e-05,0.19181728716894514,2.0171842290714945,10.085921145357473,0.628465695761786,0.012100270099676286,628465.695761786,6.63663053909449e-05,1.0
0.0,4.798632159098647e-05,2.8028186382804986e-05,0.19158029353122616,2.016259814696672,10.081299073483361,0.6285994816103387,0.011760068672791042,628599.4816103388,6.634677508142445e-05,0.0
0.0,4.869672235964266e-05,2.76051242517741e-05,0.1896139773557375,1.9941504311686498,9.970752155843249,0.6318077617198337,0.01103571643130868,631807.7617198337,6.637057166718146e-05,0.0
0.0,4.8981283148530377e-05,2.8268627653867605e-05,0.1902120204537851,1.998029678058387,9.990148390291935,0.6312436642935094,0.01166770520107964,631243.6642935094,6.61164131037614e-05,0.0
0.5986231443599487,4.877409881854044e-05,2.797549430565862e-05,0.19018252287578616,1.999057499047816,9.99528749523908,0.6310942889857238,0.011459334737296158,631094.2889857239,6.572350159066688e-05,1.0
0.0,4.867888130961147e-05,2.8444099257017208e-05,0.18917083563411097,1.988071072451925,9.940355362259625,0.6326928007407906,0.011034472009012525,632692.8007407906,6.548364963127946e-05,0.0
0.5975831499393526,4.830322870263176e-05,2.8194991250651587e-05,0.18918570458541414,1.9872630756820209,9.936315378410104,0.6328105230050085,0.011181932175836804,632810.5230050085,6.549657267846223e-05,1.0
0.5958264018930203,4.78397775690648e-05,2.8176354652720195e-05,0.18916697252546102,1.984939321147679,9.924696605738394,0.6331492078971008,0.011483152948022895,633149.2078971008,6.546365233170654e-05,1.0
0.5956569050689028,4.7360773773529287e-05,2.840039003754576e-05,0.19061596479596135,2.0028836540748,10.014418270374,0.6305385367637445,0.0117704663556672,630538.5367637445,6.58912051297994e-05,1.0
0.5980493377489557,4.71045310946661e-05,2.8186323902820585e-05,0.1898277504720552,1.992214711312026,9.96107355656013,0.6320894312959732,0.011744932240083538,632089.4312959731,6.535966413689356e-05,1.0
0.0,4.6645079977430404e-05,2.8700261965491888e-05,0.19010251425948338,1.9956846788744524,9.978423394372262,0.6315846001447585,0.011789628663725227,631584.6001447585,6.49297206606488e-05,0.0
0.0,4.593032581861022e-05,2.8748975233602573e-05,0.18935478196086777,1.9848633017701798,9.924316508850898,0.6331602907065556,0.011869854628291075,633160.2907065556,6.468337932626143e-05,0.0
0.6123624078481191,4.612142063711497e-05,2.8912250982820424e-05,0.18903535328301246,1.9795873012940737,9.897936506470367,0.6339299491025148,0.01200065566853969,633929.9491025148,6.410546577862914e-05,1.0
0.0,4.631629001481939e-05,2.8853723860758277e-05,0.18935331244577785,1.9827637448051143,9.913818724025571,0.633466460261564,0.012173085153119637,633466.460261564,6.371945931215799e-05,0.0
0.6251822341236769,4.724036059373716e-05,2.9074265469648237e-05,0.18947616135610876,1.980994840000381,9.904974200001904,0.6337245271134925,0.012676849825710016,633724.5271134925,6.351803983865857e-05,1.0
0.0,4.6961384197685066e-05,2.9566417982210232e-05,0.18948685718739763,1.9813150346382375,9.906575173191188,0.6336778058854134,0.012651520260208741,633677.8058854134,6.361537902343053e-05,0.0
0.0,4.7170206808543e-05,2.9535703841279063e-05,0.18952602626298923,1.9850159550277926,9.925079775138963,0.6331380356961109,0.012190088222089385,633138.0356961109,6.42625797411968e-05,0.0
0.6157000924528849,4.738315896200954e-05,3.0063903601678253e-05,0.18912985277420036,1.9803787402152513,9.901893701076256,0.6338144350576949,0.01207414060609558,633814.4350576949,6.438768354454936e-05,1.0
0.0,4.730857700220658e-05,2.9879146787130952e-05,0.18997064314792866,1.9896126307591004,9.948063153795502,0.6324682619074838,0.012409548203341168,632468.2619074838,6.499093178350096e-05,0.0
0.0,4.773457225653729e-05,3.0110792663193846e-05,0.1892925380534921,1.9867655807115423,9.933827903557711,0.6328830171530977,0.011468093260081922,632883.0171530977,6.505084171828446e-05,0.0
0.6112162532125937,4.81674954048319e-05,3.0255311110802885e-05,0.18878086873781283,1.986054714481786,9.930273572408929,0.6329866178215686,0.010548355297194303,632986.6178215686,6.507549213421375e-05,1.0
0.6003324131597728,4.836785104433403e-05,2.9929630266782118e-05,0.18928845908696684,1.9899467329380287,9.949733664690143,0.6324196080780129,0.01099652625194658,632419.6080780129,6.585604720463327e-05,1.0
0.0,4.8272674170923454e-05,2.9995180572837675e-05,0.1898383917622713,1.9924178002909163,9.962089001454581,0.6320598736107907,0.011736657135333312,632059.8736107907,6.543881962666408e-05,0.0
0.0,4.812845563322772e-05,2.9997486742736033e-05,0.18998419154640714,1.9990117235305265,9.995058617652631,0.6311009408823026,0.011069323975116908,631100.9408823026,6.540713112034824e-05,0.0
0.6096646751579896,4.748200957116463e-05,2.974157935499826e-05,0.19023026474851976,2.0022011330747627,10.011005665373814,0.6306376376339915,0.011098167131031017,630637.6376339915,6.531767566743773e-05,1.0
0.6063341300956749,4.7129410490432494e-05,2.9854148498156533e-05,0.1904565591194093,2.0068474170288293,10.034237085144147,0.6299633129931332,0.010876431231951889,629963.3129931332,6.563664692588552e-05,1.0
0.6113696749768186,4.6875818518673e-05,2.9900952392025956e-05,0.19013657518040272,2.0034567435466015,10.017283717733006,0.6304553371903866,0.01072848755119204,630455.3371903866,6.51889378315207e-05,1.0
0.6074192231679503,4.6376316267084825e-05,2.9881157259993274e-05,0.1894239320083042,1.9926998976948143,9.96349948847407,0.632018819287938,0.010866683304546407,632018.8192879381,6.508699518264187e-05,1.0
0.0,4.666875192508696e-05,2.98629608740758e-05,0.1880621916976334,1.9785695107133894,9.892847553566947,0.6340785311286833,0.010202914523950104,634078.5311286832,6.484224050283164e-05,0.0
0.0,4.733369082107873e-05,2.98386985789172e-05,0.18659278228885023,1.9622910190226985,9.811455095113493,0.6364596829055245,0.009645247483224902,636459.6829055245,6.461172238634848e-05,0.0
0.602563625296868,4.693298578849258e-05,2.9731614720964958e-05,0.18786507354865262,1.9806724658195376,9.903362329097687,0.6337715698497945,0.009501716947099791,633771.5698497945,6.523873653210736e-05,1.0
0.597733064165682,4.713604679059505e-05,2.9778932655050153e-05,0.18624337556734627,1.9589312823942056,9.794656411971028,0.6369522436745182,0.009438994809210715,636952.2436745182,6.508226433973147e-05,1.0
0.5976134016337975,4.6676270285018296e-05,2.9590179738240014e-05,0.1869017361383141,1.9716898917360925,9.858449458680463,0.6350837650835562,0.008887237360184415,635083.7650835563,6.53042870887999e-05,1.0
0.5989235874730324,4.659028379384835e-05,3.0395418990916214e-05,0.18655099007159814,1.964047403788396,9.82023701894198,0.636202336307179,0.009304316450375319,636202.3363071791,6.5192031467047e-05,1.0
0.0,4.6313313328382495e-05,2.9964710637458296e-05,0.18737390463905879,1.976630865433826,9.88315432716913,0.6343616403566947,0.009109449634812295,634361.6403566947,6.520383629506714e-05,0.0
0.6069395022507474,4.6687994886118064e-05,2.978999560153879e-05,0.1856989822615047,1.9550728478459953,9.775364239229976,0.6375183873160732,0.008916351839082626,637518.3873160733,6.429968605910666e-05,1.0
0.0,4.641484090147461e-05,2.9642473058134933e-05,0.18567386408172337,1.9536204518702425,9.768102259351211,0.6377316260339692,0.009079354197415923,637731.6260339691,6.472436749783479e-05,0.0
0.0,4.699237429029844e-05,3.0261771621269596e-05,0.18678449614307585,1.9690882868630901,9.84544143431545,0.6354643206892822,0.009033312975433855,635464.3206892821,6.478975061242728e-05,0.0
0.6036046504437702,4.6929666417661375e-05,2.9860495793850953e-05,0.18757004484367135,1.976838616760584,9.88419308380292,0.6343312954350354,0.009471385122378084,634331.2954350354,6.510465161413349e-05,1.0
0.6024681762183802,4.666627123451073e-05,2.9991062567369767e-05,0.18712942846197209,1.9739291898184643,9.869645949092321,0.634756389227086,0.00901524615103019,634756.389227086,6.511755505653038e-05,1.0
0.0,4.610629317864794e-05,3.0065759535536334e-05,0.18540511254981668,1.9550208330068104,9.775104165034051,0.6375260228298445,0.008336247929477849,637526.0228298445,6.492195389831882e-05,0.0
