F_before,F_after,delta_F,success_probability,purification_gain,resource_cost_pairs,useful
0.676745206012103,0.7094891990227149,0.03274399301061193,0.6618768629816106,0.03274399301061193,2,True
0.6801341103904368,0.7132890123140659,0.03315490192362913,0.6644580914856643,0.03315490192362913,2,True
0.6854064484375314,0.7191745204296977,0.03376807199216625,0.6685144669697639,0.03376807199216625,2,True
0.6675668406501638,0.6991337686244028,0.03156692797423899,0.6549885034760524,0.03156692797423899,2,True
0.6655645355135968,0.6968625170780108,0.03129798156441399,0.6535056739347833,0.03129798156441399,2,True
0.6725408767288723,0.7047571873131834,0.03221631058431107,0.6587029266727144,0.03221631058431107,2,True
0.6702528565403383,0.7021737981245186,0.03192094158418035,0.6569888563825013,0.03192094158418035,2,True
0.6866006023984232,0.7205030761204992,0.033902473722076,0.6694400764574807,0.033902473722076,2,True
0.6712519950179658,0.7033026237442852,0.03205062872631936,0.6577362162725475,0.03205062872631936,2,True
0.6665319391778926,0.6979603954349847,0.03142845625709212,0.6542212056491514,0.03142845625709212,2,True
0.6672102657066091,0.6987296128230125,0.03151934711640336,0.6547239162764259,0.03151934711640336,2,True
0.6745824744495568,0.7070574792404866,0.032475004790929796,0.6602402467641851,0.032475004790929796,2,True
0.6816106258526605,0.714940472759063,0.033329846906402505,0.6655890954212668,0.033329846906402505,2,True
0.6767159159497267,0.7094563009977549,0.03274038504802823,0.6618546425998346,0.03274038504802823,2,True
0.6536913948306837,0.6833086579315462,0.029617263100862434,0.6448593264536381,0.029617263100862434,2,True
0.6560633893250049,0.6860279255497419,0.02996453622473705,0.6465666454667646,0.02996453622473705,2,True
0.6515047545126775,0.6807969351115507,0.029292180598873174,0.6432942825744757,0.029292180598873174,2,True
0.6542539767769757,0.6839541129791963,0.02970013620222056,0.6452633579911106,0.02970013620222056,2,True
0.6548925904499878,0.6846864179804915,0.029793827530503636,0.6457226753789346,0.029793827530503636,2,True
0.6551562545683054,0.684988645600262,0.029832391031956562,0.6459125249918375,0.029832391031956562,2,True
0.6512370281557913,0.6804890837489187,0.02925205559312738,0.6431032469007032,0.02925205559312738,2,True
0.6568442696163235,0.6869218959055925,0.03007762628926902,0.6471308975285684,0.03007762628926902,2,True
0.6552260101504971,0.6850685919939403,0.02984258184344324,0.6459627727133249,0.02984258184344324,2,True
0.6603979631697776,0.6909824171686566,0.03058445399887899,0.6497124339323573,0.03058445399887899,2,True
0.6611154012901972,0.6918006029386864,0.030685201648489202,0.6502363317137775,0.030685201648489202,2,True
0.6618328846788523,0.6926183066651557,0.030785421986303407,0.6507611776914708,0.030785421986303407,2,True
0.6652368810149436,0.6964904458429368,0.03125356482799324,0.6532637043155717,0.03125356482799324,2,True
0.6513253541272581,0.6805906551609584,0.029265301033700286,0.6431662576581058,0.029265301033700286,2,True
0.6523145215348001,0.681727637161556,0.02941311562675597,0.6438728659891332,0.02941311562675597,2,True
0.6619926998595449,0.692800372438399,0.030807672578854084,0.6508782086556059,0.030807672578854084,2,True
0.6621777081847705,0.6930111056889672,0.03083339750419667,0.6510137449995107,0.03083339750419667,2,True
0.6765158737714206,0.709231591788028,0.03271571801660733,0.6617029249591095,0.03271571801660733,2,True
0.684423757514411,0.7180799799894639,0.033656222475052955,0.6677546676381684,0.033656222475052955,2,True
0.6955306979471565,0.7303847192909606,0.03485402134380411,0.6764423136118046,0.03485402134380411,2,True
0.6915638675859278,0.7260069543337173,0.03444308674778951,0.6733143548066155,0.03444308674778951,2,True
0.6779292535921753,0.7108182899880455,0.032889036395870264,0.6627763965155163,0.032889036395870264,2,True
0.6706377258097234,0.7026087519837481,0.0319710261740247,0.6572765301105562,0.0319710261740247,2,True
0.6816763501202501,0.7150139263183825,0.03333757619813238,0.6656395300027915,0.03333757619813238,2,True
0.6784889862561471,0.7114460382361635,0.032957051980016416,0.6632024989713958,0.032957051980016416,2,True
0.6720462949997664,0.7041992441906327,0.03215294919086631,0.6583316223315819,0.03215294919086631,2,True
0.6593844123314069,0.6898256312443856,0.030441218912978685,0.6489738640532721,0.030441218912978685,2,True
0.652286898677932,0.6816958995619462,0.029409000884014214,0.6438531100870297,0.029409000884014214,2,True
0.6569760728876021,0.6870727266803504,0.030096653792748285,0.6472262434693463,0.030096653792748285,2,True
0.6626858170351899,0.6935896819936028,0.030903864958412908,0.6513862965173352,0.030903864958412908,2,True
0.6704254798871158,0.7023689056011988,0.03194342571408304,0.6571178525673879,0.03194342571408304,2,True
0.6646196565229976,0.6957892415220638,0.03116958499906619,0.6528084085113318,0.03116958499906619,2,True
0.6565521289062213,0.6865875183066023,0.030035389400380974,0.6469196742383826,0.030035389400380974,2,True
0.6556266544820647,0.6855276732758079,0.029901018793743184,0.6462515402900552,0.029901018793743184,2,True
0.6523070804744053,0.6817190877433386,0.029412007268933227,0.6438675439998572,0.029412007268933227,2,True
0.6645680417183715,0.6957305857220165,0.031162544003645043,0.6527703655237379,0.031162544003645043,2,True
0.670700020791184,0.702679138481621,0.03197911769043704,0.6573231177721798,0.03197911769043704,2,True
0.6712386611550967,0.7032875663369208,0.03204890518182413,0.6577262308015449,0.03204890518182413,2,True
0.67764271275767,0.710496793356179,0.03285408059850903,0.6625584797997678,0.03285408059850903,2,True
0.6774283610601615,0.7102562318433518,0.03282787078319038,0.6623955589676226,0.03282787078319038,2,True
0.67987641783723,0.7130005317881457,0.033124113950915746,0.6642610974333941,0.033124113950915746,2,True
0.6695388439973369,0.7013664414886719,0.031827597491335013,0.6564558592201079,0.031827597491335013,2,True
0.6584373964537982,0.6887438299222792,0.030306433468481053,0.6482854282861839,0.030306433468481053,2,True
0.6781323179527232,0.7110460705306462,0.03291375257792295,0.6629309170449523,0.03291375257792295,2,True
0.6810966816102306,0.714365916895834,0.03326923528560333,0.6651949767958686,0.03326923528560333,2,True
0.6781719177764203,0.7110904848578014,0.03291856708138108,0.6629610588198555,0.03291856708138108,2,True
0.6770152599916013,0.7097924729606109,0.032777212969009595,0.6620818064583952,0.032777212969009595,2,True
0.663840275745119,0.6949032427786316,0.031062967033512634,0.6522344656255963,0.031062967033512634,2,True
0.6712802931251283,0.7033345790403276,0.03205428591519932,0.6577574092227501,0.03205428591519932,2,True
0.6674887650254989,0.6990452863618073,0.031556521336308374,0.6549305501533476,0.031556521336308374,2,True
0.6585397537446491,0.6888607995884429,0.030321045843793804,0.648359760346434,0.030321045843793804,2,True
0.6574720830630201,0.687640184625827,0.030168101562806915,0.6475853319784145,0.030168101562806915,2,True
0.6509836050788923,0.6801976148418738,0.029214009762981497,0.6429225347040576,0.029214009762981497,2,True
0.6547120185153189,0.6844793955103826,0.02976737699506371,0.6455927270495498,0.02976737699506371,2,True
0.6639261280741096,0.6950008709434226,0.031074742869313,0.6522976351132657,0.031074742869313,2,True
0.6641531837638925,0.6952590330489021,0.03110584928500959,0.6524647641082385,0.03110584928500959,2,True
0.6729382576137992,0.7052052820276957,0.032267024413896506,0.6590015731141299,0.032267024413896506,2,True
0.6690210446856445,0.7007806033963376,0.031759558710693137,0.6560698985683987,0.031759558710693137,2,True
0.6605927380757576,0.6912045963679387,0.03061185829218116,0.6498545747204866,0.03061185829218116,2,True
0.6527297560840828,0.6822046351780762,0.029474879093993378,0.6441700057204839,0.029474879093993378,2,True
0.6507143120353366,0.6798878248147563,0.029173512779419708,0.6427306309955135,0.029173512779419708,2,True
0.6688409048146939,0.7005767251274251,0.031735820312731144,0.6559357364853257,0.031735820312731144,2,True
0.6556545970850441,0.6855596855079717,0.029905088422927606,0.6462716907877594,0.029905088422927606,2,True
0.6685900882686037,0.7002927981832368,0.03170270991463309,0.6557490328859706,0.03170270991463309,2,True
0.6754675661306341,0.7080532851551542,0.03258571902452012,0.6609090220703335,0.03258571902452012,2,True
0.6867188895820275,0.7206345856477899,0.03391569606576239,0.6695319009046744,0.03391569606576239,2,True
0.6873618892686039,0.7213491737164415,0.03398728444783761,0.6700314863863129,0.03398728444783761,2,True
0.6887121564237898,0.7228481891636144,0.03413603273982457,0.6710829832835657,0.03413603273982457,2,True
0.6833358774174614,0.7168669696926188,0.03353109227515738,0.6669155401396986,0.03353109227515738,2,True
0.688562071637297,0.7226816769741222,0.03411960533682523,0.6709659472700421,0.03411960533682523,2,True
0.6748502237366308,0.7073588127594328,0.03250858902280196,0.6604424112080577,0.03250858902280196,2,True
0.6755067719694824,0.7080973749689239,0.0325906029994415,0.6609386782150123,0.0325906029994415,2,True
0.6586787388426888,0.6890196088600563,0.030340870017367516,0.648460721406267,0.030340870017367516,2,True
0.6801398738756832,0.7132954635297365,0.0331555896540533,0.6644624987535898,0.0331555896540533,2,True
0.6862885427599188,0.7201560552385212,0.033867512478602424,0.6691979489276206,0.033867512478602424,2,True
0.6891290320571739,0.7233105538180908,0.03418152176091693,0.6714082727070847,0.03418152176091693,2,True
0.6811041724083,0.7143742932893502,0.03327012088105019,0.6652007177491955,0.03327012088105019,2,True
0.6917870082073687,0.7262537126164953,0.03446670440912658,0.6734895649962821,0.03446670440912658,2,True
0.6956329042976758,0.730497262393266,0.03486435809559019,0.6765232759046944,0.03486435809559019,2,True
0.6788666829580967,0.711869430187686,0.03300274722958929,0.6634903393346493,0.03300274722958929,2,True
0.6647804031488989,0.6959718982359379,0.031191495087039,0.6529269180767668,0.031191495087039,2,True
0.6604062598583642,0.6909918819775298,0.0305856221191656,0.649718487227494,0.0305856221191656,2,True
0.6509583238436656,0.6801685347551244,0.02921021091145881,0.6429045132973524,0.02921021091145881,2,True
0.6562686895999735,0.6862630177846112,0.029994328184637653,0.6467148872438039,0.029994328184637653,2,True
0.6620608368624129,0.6928779878640806,0.03081715100166771,0.6509281184673349,0.03081715100166771,2,True
0.6650994184472899,0.696334314981442,0.031234896534152123,0.6531622463958028,0.031234896534152123,2,True
0.6611760574498382,0.6918697524236455,0.03069369497380725,0.6502806668622155,0.03069369497380725,2,True
0.6650999027533924,0.6963348650945623,0.03123496234116996,0.6531626037918893,0.03123496234116996,2,True
0.6615310735972955,0.6922744028311053,0.030743329233809846,0.650540288476571,0.030743329233809846,2,True
0.6683362662928911,0.7000053999400097,0.03166913364711854,0.65556020595189,0.03166913364711854,2,True
0.6599232629107235,0.6904407639108273,0.030517501000103864,0.6493662946447768,0.030517501000103864,2,True
0.6568686662438064,0.6869498158265765,0.030081149582770195,0.6471485436186787,0.030081149582770195,2,True
0.6521893181572639,0.6815837772926049,0.029394459135341,0.6437833312353819,0.029394459135341,2,True
0.6634896905120974,0.6945044894427918,0.031014798930694365,0.651976643697591,0.031014798930694365,2,True
0.6599161713592239,0.6904326703872149,0.03051649902799103,0.6493611267038261,0.03051649902799103,2,True
0.6788031806101464,0.7117982563775195,0.03299507576737304,0.6634419268456689,0.03299507576737304,2,True
0.6796269307916355,0.712721165062804,0.03309423427116853,0.664070488587947,0.03309423427116853,2,True
0.6678295898002998,0.6994314913133637,0.03160190151306386,0.655183614322388,0.03160190151306386,2,True
0.6589982187271337,0.6893845829397223,0.030386364212588557,0.6486929270417494,0.030386364212588557,2,True
0.6585700432400483,0.6888954111155634,0.030325367875515097,0.6483817602072665,0.030325367875515097,2,True
0.6570209932238972,0.6871241278303728,0.030103134606475623,0.6472587457110822,0.030103134606475623,2,True
0.6508968189766208,0.6800977853382526,0.02920096636163183,0.6428606750805096,0.02920096636163183,2,True
0.6658385510164159,0.6971735904682002,0.031335039451784286,0.653708178232384,0.031335039451784286,2,True
0.6701119659976995,0.7020145325987482,0.03190256660104873,0.6568836124217351,0.03190256660104873,2,True
0.6715602517551571,0.7036506717191899,0.032090419964032835,0.657967151875441,0.032090419964032835,2,True
0.6775384615797666,0.7103798013526597,0.03284133977289305,0.6624792321155496,0.03284133977289305,2,True
0.6844463840163862,0.7181051944660153,0.03365881044962904,0.667772142742145,0.03365881044962904,2,True
0.6879133063043736,0.7219615956404647,0.03404828933609105,0.6704605011897137,0.03404828933609105,2,True
0.6846347236560517,0.7183150529365293,0.033680329280477594,0.667917638228953,0.033680329280477594,2,True
0.6887346054719354,0.7228730930643595,0.034138487592424105,0.6711004924787684,0.034138487592424105,2,True
0.6891643592828944,0.7233497264596228,0.034185367176728376,0.6714358528572043,0.034185367176728376,2,True
0.6923843123797472,0.7269139434060347,0.03452963102628748,0.6739590043019569,0.03452963102628748,2,True
0.6926352264571111,0.727191163997865,0.03455593754075392,0.6741563944006558,0.03455593754075392,2,True
0.6892817641055862,0.7234799003356875,0.03419813623010137,0.6715275273561915,0.03419813623010137,2,True
0.6917007010242671,0.7261582775655888,0.034457576541321755,0.6734217860314032,0.034457576541321755,2,True
0.6861206451628772,0.7199693002510205,0.033848655088143276,0.6690677485664747,0.033848655088143276,2,True
0.6947287593488405,0.7295012362986161,0.03477247694977559,0.6758077061261853,0.03477247694977559,2,True
0.7100616842495997,0.7462559437166691,0.036194259467069445,0.688139336279625,0.036194259467069445,2,True
0.6609163189697385,0.6915736174945616,0.03065729852482313,0.650090863285013,0.03065729852482313,2,True
0.6665986020591356,0.6980360124596003,0.03143741040046477,0.6542705735445562,0.03143741040046477,2,True
0.6640272670826566,0.695115872609974,0.031088605527317403,0.6523720692337184,0.031088605527317403,2,True
0.6776428708151555,0.7104969707210056,0.03285409990585009,0.66255859996358,0.03285409990585009,2,True
0.6999620225433032,0.7352525105230168,0.03529048797971357,0.6799696193166754,0.03529048797971357,2,True
0.671688932444244,0.7037959323310818,0.03210699988683785,0.6580636051075253,0.03210699988683785,2,True
0.6781868026406815,0.7111071789493157,0.0329203763086342,0.6629723892939107,0.0329203763086342,2,True
0.698127112153632,0.7332397835774014,0.03511267142376939,0.6785048076863588,0.03511267142376939,2,True
0.6665055450838323,0.6979304547806475,0.03142490969681522,0.6542016614094043,0.03142490969681522,2,True
0.6739674244743554,0.7063649809033966,0.032397556429041185,0.6597763351248159,0.032397556429041185,2,True
0.6714341393525441,0.7035082927046542,0.03207415335211006,0.6578726522771728,0.03207415335211006,2,True
0.6718046193774612,0.7039265095057338,0.0321218901282726,0.6581503439361464,0.0321218901282726,2,True
0.6627026824273453,0.6936088817494408,0.030906199322095484,0.6513986702957565,0.030906199322095484,2,True
0.6635036317077363,0.6945203485336824,0.03101671682594609,0.6519868919426551,0.03101671682594609,2,True
0.6619248549488715,0.6927230849315059,0.030798229982634373,0.6508285209996877,0.030798229982634373,2,True
0.666485792314425,0.6979080473555935,0.03142225504116858,0.6541870357331324,0.03142225504116858,2,True
0.6685476176395397,0.7002447142642942,0.031697096624754506,0.6557174295393191,0.031697096624754506,2,True
0.6747778517543978,0.7072773709061043,0.03249951915170657,0.6603877540809607,0.03249951915170657,2,True
0.6719345366969561,0.7040731311816688,0.03213859448471268,0.6582477806734887,0.03213859448471268,2,True
0.6745060853455628,0.7069714939094227,0.03246540856385993,0.6601825924403678,0.03246540856385993,2,True
0.680467825093474,0.7136624852394895,0.033194660146015464,0.6647133763917382,0.033194660146015464,2,True
0.6850227479438934,0.71874728107074,0.033724533126846645,0.6682175922032497,0.033724533126846645,2,True
0.680800841960089,0.714035050406028,0.03323420844593894,0.6649683248297967,0.03323420844593894,2,True
0.6762633014213517,0.7089478108394409,0.0326845094180892,0.6615114685676711,0.0326845094180892,2,True
0.6661843869480956,0.6975660832437411,0.03138169629564558,0.6539639501683215,0.03138169629564558,2,True
0.6646783795865427,0.6958559718246046,0.031177592238061824,0.6528516964413517,0.031177592238061824,2,True
0.6684933620715076,0.7001832849744247,0.03168992290291717,0.6556770614203676,0.03168992290291717,2,True
0.6653638012132732,0.6966345848218302,0.03127078360855695,0.6533574109851904,0.03127078360855695,2,True
0.6527327087610192,0.6822080264384348,0.029475317677415624,0.6441721197386557,0.029475317677415624,2,True
0.6706427161289155,0.7026143906531482,0.031971674524232774,0.6572802618953876,0.031971674524232774,2,True
0.6689807431758379,0.700734994097537,0.031754250921699145,0.6560398783574909,0.031754250921699145,2,True
0.66611869167369,0.6974915347981467,0.03137284312445676,0.653915347164643,0.03137284312445676,2,True
0.6682510216294992,0.6999088632968383,0.03165784166733909,0.655496815194773,0.03165784166733909,2,True
0.6581648666967692,0.6884323420869807,0.030267475390211462,0.6480876074716365,0.030267475390211462,2,True
0.6571430475690574,0.6872637810642049,0.030120733495147545,0.6473470766078395,0.030120733495147545,2,True
0.6612272606451932,0.6919281223314165,0.030700861686223324,0.6503180976868884,0.030700861686223324,2,True
0.6564433686390289,0.6864630117660369,0.030019643127008,0.6468410772539034,0.030019643127008,2,True
0.6592848891722598,0.6897119865071588,0.03042709733489901,0.6489014404486656,0.03042709733489901,2,True
0.6622383863713017,0.6930802132471435,0.030841826875841805,0.6510582108426795,0.030841826875841805,2,True
0.6694991885356102,0.7013215855750699,0.03182239703945966,0.6564262837173646,0.03182239703945966,2,True
0.6546967187700754,0.6844618531316755,0.02976513436160011,0.6455817192740135,0.02976513436160011,2,True
0.671742717852559,0.7038566423666424,0.03211392451408335,0.6581039289437004,0.03211392451408335,2,True
0.6583672521295084,0.6886636657213366,0.03029641359182822,0.6482345000993824,0.03029641359182822,2,True
0.6524706392094406,0.6819069962524604,0.029436357043019834,0.6439845470450271,0.029436357043019834,2,True
0.6586827160666681,0.6890241530857866,0.03034143701911851,0.6484636110325588,0.03034143701911851,2,True
0.6527547446630081,0.6822333352279929,0.029478590564984808,0.6441878971987242,0.029478590564984808,2,True
0.6759762176581656,0.7086251673514181,0.032648949693252494,0.6612939893425392,0.032648949693252494,2,True
0.6819813605014969,0.7153547415338456,0.03337338103234866,0.6658736851739769,0.03337338103234866,2,True
0.6846995702612987,0.7183872990774105,0.03368772881611182,0.6679677478980955,0.03368772881611182,2,True
0.6919910693039858,0.726479319812861,0.03448825050887516,0.673649871417316,0.03448825050887516,2,True
0.6936536485926738,0.7283155837520382,0.03466193515936444,0.6749587199196369,0.03466193515936444,2,True
0.6847816705945805,0.7184787607244913,0.033697090129910845,0.6680312009644569,0.033697090129910845,2,True
0.6751268675594759,0.707670072651775,0.03254320509229902,0.6606514253519394,0.03254320509229902,2,True
0.6671370441546379,0.6986466038201314,0.031509559665493514,0.6546696120942826,0.031509559665493514,2,True
0.6718318333410126,0.7039572240875358,0.03212539074652321,0.6581707516620796,0.03212539074652321,2,True
0.6886979656894798,0.7228324463340938,0.034134480644613996,0.6710719156445225,0.034134480644613996,2,True
0.7027004672538621,0.7382486059510218,0.03554813869715967,0.6821668560461019,0.03554813869715967,2,True
0.6914266620210077,0.7258551970971201,0.03442853507611243,0.67320666483823,0.03442853507611243,2,True
0.682865223941403,0.7163417562320545,0.033476532290651506,0.6665531574203029,0.033476532290651506,2,True
0.6826968352408798,0.7161537851425619,0.03345694990168213,0.6664236010910869,0.03345694990168213,2,True
0.6795866106604318,0.712676009363543,0.03308939870311123,0.6640396942744152,0.03308939870311123,2,True
0.6842956239331535,0.7179371795243921,0.0336415555912386,0.6676557235266549,0.0336415555912386,2,True
0.6656224084434696,0.6969282233976651,0.03130581495419549,0.6535484323558668,0.03130581495419549,2,True
0.6527136434701141,0.6821861290843135,0.029472485614199462,0.6441584698995323,0.029472485614199462,2,True
0.6644338510578259,0.6955780763703676,0.031144225312541685,0.6526714816912177,0.031144225312541685,2,True
0.656567123542126,0.686604682924122,0.030037559381996037,0.6469305119513938,0.030037559381996037,2,True
0.6666996927684987,0.6981506725927471,0.03145097982424838,0.6543454524029876,0.03145097982424838,2,True
0.669096969810098,0.7008665232378135,0.03176955342771548,0.656126462314672,0.03176955342771548,2,True
0.6653536506122628,0.6966230577561491,0.03126940714388626,0.6533499156239407,0.03126940714388626,2,True
0.674873181939471,0.7073846469342625,0.03251146499479152,0.6604597517612182,0.03251146499479152,2,True
0.6779526259922508,0.7108445095550647,0.03289188356281392,0.6627941778610339,0.03289188356281392,2,True
0.6556451885155222,0.6855489067388655,0.029903718223343256,0.6462649057473718,0.029903718223343256,2,True
0.6526747472927753,0.682141453943365,0.029466706650589702,0.644130624095378,0.029466706650589702,2,True
0.6783927903773868,0.7113381783847829,0.032945388007396104,0.6631292291976207,0.032945388007396104,2,True
0.6688127797202144,0.7005448906099783,0.03173211088976391,0.6559147950728644,0.03173211088976391,2,True
0.6745885764006526,0.7070643474571233,0.032475771056470704,0.6602448526310511,0.032475771056470704,2,True
0.6629639921760528,0.6939063217314639,0.030942329555411097,0.6515904522968735,0.030942329555411097,2,True
0.664819021474597,0.6960157762454621,0.03119675477086503,0.6529553960685707,0.03119675477086503,2,True
0.6557515998332134,0.6856708098884163,0.029919210055202927,0.6463416540152994,0.029919210055202927,2,True
0.6535462487421377,0.6831420795927378,0.029595830850600024,0.6447551776656454,0.029595830850600024,2,True
0.660056765636835,0.6905931196991312,0.030536354062296156,0.6494636009284817,0.030536354062296156,2,True
0.6572734869602983,0.6874130116912458,0.030139524730947498,0.6474415050496,0.030139524730947498,2,True
0.674047242435232,0.7064548734093651,0.03240763097413313,0.6598365011705992,0.03240763097413313,2,True
0.6679438343546473,0.6995609193800588,0.031617085025411495,0.6552684877111686,0.031617085025411495,2,True
0.6861348670286429,0.719985120721925,0.033850253693282095,0.6690787753227483,0.033850253693282095,2,True
0.6727273255674594,0.7049674524574875,0.03224012689002809,0.6588430149168146,0.03224012689002809,2,True
0.6647508048409333,0.69593826767169,0.031187462830756685,0.6529050934366237,0.031187462830756685,2,True
0.6803249658236701,0.7135026215086034,0.03317765568493336,0.6646040677432378,0.03317765568493336,2,True
0.6722786254971927,0.7044613722905618,0.03218274679336908,0.6585059889349317,0.03218274679336908,2,True
0.6785542391211019,0.711519197199362,0.032964958078260054,0.6632522096610368,0.032964958078260054,2,True
0.66280980010839,0.6937308187991892,0.030921018690799218,0.6514772720582477,0.030921018690799218,2,True
0.6735517885753558,0.7058967697802546,0.032344981204898815,0.659463215649229,0.032344981204898815,2,True
0.6819969429387129,0.7153721503060083,0.03337520736729538,0.6658856521852385,0.03337520736729538,2,True
0.6958269348764098,0.7307108815846627,0.0348839467082529,0.6766770274322617,0.0348839467082529,2,True
0.6908291644969884,0.7251940684363636,0.03436490393937519,0.6727380909076556,0.03436490393937519,2,True
0.6907562592181052,0.7251133698829784,0.034357110664873125,0.6726809600354998,0.034357110664873125,2,True
0.6941815593139622,0.728897948081846,0.034716388767883855,0.6753753401196291,0.034716388767883855,2,True
0.6942504719431282,0.7289739441877041,0.03472347224457595,0.6754297616192816,0.03472347224457595,2,True
0.6865531072082629,0.72045026722176,0.033897160013497074,0.6694032137006123,0.033897160013497074,2,True
0.6776243433596014,0.7104761798723345,0.032851836512733046,0.6625445146966488,0.032851836512733046,2,True
0.6652869508182623,0.6965473104669893,0.031260359648726976,0.6533006680177151,0.031260359648726976,2,True
0.6735627987875588,0.7059091751781135,0.03234637639055471,0.6594715062371109,0.03234637639055471,2,True
0.6577033872542798,0.6879047216809354,0.030201334426655624,0.6477529350921004,0.030201334426655624,2,True
0.674611965889395,0.7070906737474351,0.03247870785804008,0.6602625080679613,0.03247870785804008,2,True
0.6862349841245251,0.7200964847572462,0.03386150063272109,0.6691564101103328,0.03386150063272109,2,True
0.7035776369994796,0.7392063371625305,0.035628700163050864,0.6828734869209169,0.035628700163050864,2,True
0.6993980190964985,0.7346342913853248,0.03523627228882631,0.6795187373936502,0.03523627228882631,2,True
0.7072789297629322,0.743236963370144,0.03595803360721184,0.6858702396490066,0.03595803360721184,2,True
0.688709523038061,0.7228452677723455,0.03413574473428449,0.671080929426029,0.03413574473428449,2,True
0.7001176596684404,0.7354230395204914,0.035305379852050955,0.6800941400403498,0.035305379852050955,2,True
0.6996686956010173,0.7349310359572405,0.03526234035622322,0.6797350540475734,0.03526234035622322,2,True
0.6940918750118172,0.7287990366134057,0.03470716160158849,0.6753045275124544,0.03470716160158849,2,True
0.6970336513508811,0.7320383960149048,0.0350047446640237,0.6776347426134229,0.0350047446640237,2,True
0.6926540572819451,0.7272119660502007,0.034557908768255596,0.6741712128250376,0.034557908768255596,2,True
0.6981968851733894,0.7333163936998722,0.03511950852648282,0.6785603981147804,0.03511950852648282,2,True
0.7106261728451535,0.7468671510945274,0.03624097824937389,0.6886013076533092,0.03624097824937389,2,True
0.7089011760814301,0.7449981146739665,0.036096938592536376,0.6871913683634839,0.036096938592536376,2,True
0.7075230222490394,0.7435021690460929,0.035979146797053496,0.6860687252336842,0.035979146797053496,2,True
0.7051074785071212,0.7408743846673925,0.03576690616027134,0.6841091706605417,0.03576690616027134,2,True
0.7084183554142532,0.744474300693325,0.036055945279071744,0.6867976787384074,0.036055945279071744,2,True
0.6678261710887907,0.6994276180265266,0.03160144693773592,0.6551810748859727,0.03160144693773592,2,True
0.6539779919522758,0.6836375125476726,0.029659520595396782,0.6450650826504823,0.029659520595396782,2,True
0.6702989966083678,0.7022259510972566,0.031926954488888826,0.6570233302666671,0.031926954488888826,2,True
0.6759047960675217,0.7085448847711703,0.03264008870364854,0.6612399069451707,0.03264008870364854,2,True
0.6692532783212937,0.7010433884222882,0.03179011010099453,0.6562429434516904,0.03179011010099453,2,True
0.6673109173902019,0.6988437091381666,0.03153279174796475,0.6547985793538237,0.03153279174796475,2,True
0.6584243923446926,0.688728968599922,0.03030457625522942,0.6482759860107833,0.03030457625522942,2,True
0.6684739098943614,0.7001612600388762,0.03168735014451485,0.6556625895664655,0.03168735014451485,2,True
0.6740666267039368,0.7064767032755076,0.0324100765715708,0.6598511145636051,0.0324100765715708,2,True
0.6738649972977101,0.7062496151234986,0.0323846178257885,0.659699143052611,0.0323846178257885,2,True
0.662662347006524,0.6935629629487832,0.030900615942259124,0.6513690778994957,0.030900615942259124,2,True
0.6649677342799869,0.6961847284845022,0.03121699420451529,0.6530650848830805,0.03121699420451529,2,True
0.6677188974826197,0.6993060742044231,0.031587176721803445,0.6551014020569734,0.031587176721803445,2,True
0.6596717138178135,0.6901536415609031,0.030481927743089554,0.6491830338688215,0.030481927743089554,2,True
0.6603523987719631,0.6909304363303794,0.03057803755841637,0.6496791921581367,0.03057803755841637,2,True
0.66435510733291,0.6954885742961514,0.031133466963241374,0.652613471086993,0.031133466963241374,2,True
0.6653091151912063,0.6965724818504602,0.03126336665925389,0.6533170321430243,0.03126336665925389,2,True
0.674173563344025,0.70659712398187,0.03242356063784502,0.6599317438577487,0.03242356063784502,2,True
0.6754677255375056,0.7080534644232356,0.03258573888573002,0.660909142643607,0.03258573888573002,2,True
0.6775126400469434,0.7103508222056765,0.03283818215873302,0.6624596065776952,0.03283818215873302,2,True
0.6755200413140678,0.7081122969221056,0.0325922556080378,0.6609487160532673,0.0325922556080378,2,True
0.6759212776329501,0.7085634116446824,0.03264213401173233,0.6612523864359859,0.03264213401173233,2,True
0.6813597405371886,0.7146600373083623,0.03330029677117363,0.6653966451167205,0.03330029677117363,2,True
0.6688666119408632,0.700605822022606,0.03173921008174285,0.6559548787545043,0.03173921008174285,2,True
0.6759378710262836,0.7085820639165873,0.032644192890303736,0.6612649510883579,0.032644192890303736,2,True
0.6696244722502157,0.7014632932877118,0.031838821037496134,0.6565197312989083,0.031838821037496134,2,True
0.6720610928785276,0.7042159417430124,0.03215484886448483,0.658342725441615,0.03215484886448483,2,True
0.6625888129219968,0.6934792456233763,0.030890432701379478,0.6513151364874509,0.030890432701379478,2,True
0.6981816969813937,0.7332997177149279,0.035118020733534205,0.6785482964525523,0.035118020733534205,2,True
0.695702557472221,0.7305739527545666,0.03487139528234562,0.6765784619886916,0.03487139528234562,2,True
0.6674785129083151,0.6990336672621206,0.031555154353805515,0.6549229411023448,0.031555154353805515,2,True
0.6823051068264142,0.7157163750771967,0.033411268250782444,0.6661224047895086,0.033411268250782444,2,True
0.6824834686603081,0.7159155586097312,0.03343208994942315,0.6662595117017346,0.03343208994942315,2,True
0.6827988018645399,0.7162676136541941,0.03346881178965422,0.6665020470181163,0.03346881178965422,2,True
0.6770552469206462,0.7098373718059121,0.032782124885265884,0.6621121634866257,0.032782124885265884,2,True
0.6699118261064196,0.7017882532934872,0.03187642718706751,0.6567341704035802,0.03187642718706751,2,True
0.6575027252589906,0.6876752324927311,0.030172507233740542,0.6476075298608925,0.030172507233740542,2,True
0.6665634429151718,0.6979961313387187,0.03143268842354696,0.6542445350874145,0.03143268842354696,2,True
0.6639434284720981,0.695020543391096,0.031077114918997895,0.6523103662002087,0.031077114918997895,2,True
0.6621955620052857,0.6930314401486171,0.03083587814333133,0.6510268278549806,0.03083587814333133,2,True
0.6732450200603746,0.7055510744575105,0.032306054397135964,0.6592323084496948,0.032306054397135964,2,True
0.6745900255180255,0.7070659785444233,0.03247595302639783,0.6602459464616864,0.03247595302639783,2,True
0.6763298723221182,0.7090226143813055,0.032692742059187374,0.661561920030394,0.032692742059187374,2,True
0.6697327979002085,0.701585806099967,0.03185300819975856,0.6566005525627885,0.03185300819975856,2,True
0.6792536946537555,0.7123030963043243,0.0330494016505688,0.6637855416656883,0.0330494016505688,2,True
0.6907224309277905,0.7250759233361674,0.03435349240837693,0.6726544543314673,0.03435349240837693,2,True
0.6892321673534337,0.7234249113882972,0.0341927440348635,0.6714887971893285,0.0341927440348635,2,True
0.6681928727002764,0.6998430071467046,0.03165013444642817,0.655453581135386,0.03165013444642817,2,True
0.6558197490826044,0.6857488746324364,0.02992912554983196,0.646390816662638,0.02992912554983196,2,True
0.6567349420590302,0.6867967721733365,0.030061830114306298,0.6470518338593442,0.030061830114306298,2,True
0.6579914754477251,0.6882341251794819,0.030242649731756832,0.6479618169226767,0.030242649731756832,2,True
0.6645321381124862,0.6956897826920616,0.031157644579575372,0.6527439053583193,0.031157644579575372,2,True
0.6709992223403793,0.7030171444049214,0.032017922064542015,0.65754697352107,0.032017922064542015,2,True
0.6944393663627135,0.7291822255148125,0.03474285915209896,0.6755789781092355,0.03474285915209896,2,True
0.6900323569278722,0.7243117420301288,0.03427938510225659,0.6721142001275539,0.03427938510225659,2,True
0.6967088230388176,0.7316812252644086,0.03497240222559095,0.6773766867384227,0.03497240222559095,2,True
0.6850317050848866,0.7187572565426672,0.033725551457780556,0.6682245194925008,0.033725551457780556,2,True
0.6768033852062155,0.7095545418976504,0.03275115669143491,0.6619210041097644,0.03275115669143491,2,True
0.6877347439959437,0.7217633176466691,0.034028573650725424,0.6703215165343948,0.034028573650725424,2,True
0.6722527131740368,0.7044321395153077,0.03217942634127091,0.6584865366958534,0.03217942634127091,2,True
0.6675387926745504,0.6991019829095058,0.03156319023495535,0.654967683011663,0.03156319023495535,2,True
0.6822404952986206,0.7156442118567293,0.0334037165581087,0.6660727518008859,0.0334037165581087,2,True
0.6854213669362531,0.7191911282785228,0.03376976134226972,0.6685260149196753,0.03376976134226972,2,True
0.6866097434406264,0.720513239548851,0.03390349610822463,0.6694471716153684,0.03390349610822463,2,True
0.6831467759324363,0.7166559775795152,0.03350920164707882,0.6667698928894791,0.03350920164707882,2,True
0.6903179295925677,0.7246280511697099,0.034310121577142194,0.6723376703294979,0.034310121577142194,2,True
0.658176411228576,0.6884455384438116,0.03026912721523567,0.6480959846075015,0.03026912721523567,2,True
0.6871128219941516,0.7210724341424973,0.03395961214834575,0.6698378836903917,0.03395961214834575,2,True
0.673435741277098,0.7057660091140516,0.032330267836953586,0.65937584621412,0.032330267836953586,2,True
0.6791923194709669,0.7122343336609884,0.03304201419002151,0.663738708526994,0.03304201419002151,2,True
0.6679957765213013,0.6996197602052944,0.03162398368399311,0.6553070837241292,0.03162398368399311,2,True
0.6927656674825868,0.7273352509675284,0.034569583484941546,0.6742590544900449,0.034569583484941546,2,True
0.7014057409071687,0.7368332206153584,0.03542747970818971,0.681126349265733,0.03542747970818971,2,True
0.709696014397255,0.7458597933364592,0.036163778939204194,0.6878403783579743,0.036163778939204194,2,True
0.7062480306170401,0.7421160659034702,0.03586803528643012,0.6850331248372686,0.03586803528643012,2,True
0.7097220498056185,0.7458880045601676,0.03616595475454909,0.6878616560688704,0.03616595475454909,2,True
0.6926467834927229,0.7272039308846991,0.03455714739197624,0.6741654888324028,0.03455714739197624,2,True
0.686413746549939,0.7202952997930463,0.033881553243107265,0.6692950739357814,0.033881553243107265,2,True
0.6674222321705001,0.6989698802328038,0.0315476480623037,0.6548811732535135,0.0315476480623037,2,True
0.6587808122323369,0.6891362289360842,0.030355416703747307,0.6485348910660701,0.030355416703747307,2,True
0.6801323411909563,0.7132870319964776,0.03315469080552125,0.6644567386119226,0.03315469080552125,2,True
0.6871876345843885,0.7211555663488437,0.03396793176445523,0.6698960247408822,0.03396793176445523,2,True
0.6883221532386737,0.7224154432453019,0.034093290006628196,0.6707789422398108,0.034093290006628196,2,True
0.6851690435430415,0.7189101972102655,0.033741153667223966,0.668330752407258,0.033741153667223966,2,True
0.6867690991388512,0.7206904027546709,0.03392130361581969,0.6695708853000563,0.03392130361581969,2,True
0.682533866372453,0.7159718330368424,0.033437966664389474,0.6662982627192023,0.033437966664389474,2,True
0.6724227941003721,0.7046240014386292,0.032201207338257154,0.6586142373116134,0.032201207338257154,2,True
0.6769021876287199,0.709665501280779,0.03276331365205909,0.6619959802686101,0.03276331365205909,2,True
0.655808807263203,0.6857363411283448,0.029927533865141798,0.6463829227132295,0.029927533865141798,2,True
0.6624486865202138,0.6933196984125284,0.03087101189231456,0.6512123724553328,0.03087101189231456,2,True
0.662281977769294,0.6931298579610613,0.03084788019176732,0.651090159282987,0.03084788019176732,2,True
0.6507117551302621,0.679884883057172,0.029173127926909848,0.6427288095107332,0.029173127926909848,2,True
0.6603287255283976,0.6909034285424637,0.030574703014066063,0.649661922661119,0.030574703014066063,2,True
0.663769763631431,0.6948230531496381,0.031053289518207072,0.6521825931516533,0.031053289518207072,2,True
0.6667163520995413,0.6981695670606496,0.03145321496110831,0.6543577938730208,0.03145321496110831,2,True
0.664242424054226,0.6953604842990446,0.03111806024481867,0.6525304763433964,0.03111806024481867,2,True
0.6562800341406703,0.6862760073398465,0.02999597319917624,0.6467230810145279,0.02999597319917624,2,True
0.6629738132580598,0.6939174993404714,0.030943686082411603,0.65159766261058,0.030943686082411603,2,True
0.6681369360755139,0.6997796530892773,0.03164271701376331,0.6554119976094384,0.03164271701376331,2,True
0.669241442749358,0.7010299972389341,0.03178855448957607,0.6562341220609449,0.03178855448957607,2,True
0.674988763194634,0.7075146981287976,0.03252593493416367,0.6605470656370707,0.03252593493416367,2,True
0.6716421996902991,0.7037431803723517,0.03210098068205258,0.6580285729419323,0.03210098068205258,2,True
0.6589009972177958,0.6892735280654213,0.03037253084762548,0.6486222449117401,0.03037253084762548,2,True
0.6642956112604514,0.6954209452413466,0.03112533398089512,0.6525696475641519,0.03112533398089512,2,True
0.6750352857855066,0.707567040812968,0.03253175502746131,0.6605822170335708,0.03253175502746131,2,True
0.6743211604214172,0.7067633113190522,0.032442150897635025,0.6600430641612247,0.032442150897635025,2,True
0.656580541481335,0.6866200424773705,0.030039500996035473,0.6469402104100047,0.030039500996035473,2,True
0.6608618818916798,0.6915115434374685,0.03064966154578863,0.6500510986591754,0.03064966154578863,2,True
0.6660436945794024,0.697406425387556,0.03136273080815366,0.6538598718215811,0.03136273080815366,2,True
0.6733139250252747,0.7056287320444882,0.03231480701921352,0.6592841592180475,0.03231480701921352,2,True
0.6872765793153353,0.7212543937193933,0.033977814404058004,0.6699651616157515,0.033977814404058004,2,True
0.6946347967630145,0.7293976682544967,0.03476287149148216,0.6757334244377662,0.03476287149148216,2,True
0.6890514013950075,0.7232244677631361,0.03417306636812856,0.671347673837262,0.03417306636812856,2,True
0.6701482060094178,0.7020555011058108,0.03190729509639301,0.6569106800114951,0.03190729509639301,2,True
0.6804215982954556,0.7136107586408881,0.03318916034543251,0.6646780020259683,0.03318916034543251,2,True
0.6774202455428865,0.7102471229853963,0.03282687744250978,0.6623893922666143,0.03282687744250978,2,True
0.6724893438887253,0.7046990651013312,0.0322097212126059,0.658664218399578,0.0322097212126059,2,True
0.6701087894930171,0.702010941564527,0.031902152071509926,0.656881240008256,0.031902152071509926,2,True
0.6759784953978811,0.708627727587231,0.0326492321893499,0.6612957142590598,0.0326492321893499,2,True
0.6729222571636324,0.7051872429597815,0.032264985796149115,0.6589895427594501,0.032264985796149115,2,True
0.6703432372327671,0.7022759549171806,0.031932717684413525,0.657056388522064,0.031932717684413525,2,True
0.6619862734824209,0.6927930518492218,0.030806778366800902,0.650873501811495,0.030806778366800902,2,True
0.6664669883300377,0.6978867158396707,0.031419727509632955,0.6541731132166146,0.031419727509632955,2,True
0.6597383503375585,0.6902297079399048,0.030491357602346336,0.6492315695443054,0.030491357602346336,2,True
0.6539472681682816,0.6836022625796999,0.02965499441141828,0.6450430181872154,0.02965499441141828,2,True
0.6721992239336293,0.7043717937323426,0.0321725697987133,0.6584463863912521,0.0321725697987133,2,True
0.6643454901695733,0.6954776427408409,0.031132152571267557,0.6526063868656565,0.031132152571267557,2,True
0.666899788363986,0.6983775948452627,0.03147780648127674,0.6544937187003876,0.03147780648127674,2,True
0.6631417952929943,0.6941086680755563,0.03096687278256194,0.6517210160159274,0.03096687278256194,2,True
0.6684648331741787,0.7001509826857459,0.03168614951156723,0.6556558369808826,0.03168614951156723,2,True
0.6741275674209861,0.7065453298045757,0.03241776238358962,0.6598970608412825,0.03241776238358962,2,True
0.668745475028415,0.7004687056224226,0.03172323059400761,0.655864686983798,0.03172323059400761,2,True
0.6745507537888082,0.7070217745231705,0.032471020734362255,0.6602163044823511,0.032471020734362255,2,True
0.6620056453395801,0.6928151191144322,0.030809473774852103,0.6508876904814965,0.030809473774852103,2,True
0.6582620126815588,0.6885433837615438,0.030281371079984964,0.6481581075544863,0.030281371079984964,2,True
0.6547750841258768,0.6845517027977576,0.02977661867188075,0.6456381055369871,0.02977661867188075,2,True
0.6636888915884323,0.694731075290798,0.031042183702365778,0.652123110243258,0.031042183702365778,2,True
0.6576269680895864,0.6878173289274374,0.030190360837850982,0.647697551212363,0.030190360837850982,2,True
0.666898417402528,0.6983760402257829,0.03147762282325495,0.6544927026068731,0.03147762282325495,2,True
0.6610272101531911,0.6917000561112334,0.030672845958042316,0.6501718822100578,0.030672845958042316,2,True
0.6780270779351225,0.7109280269336667,0.03290094899854423,0.6628508261739371,0.03290094899854423,2,True
0.684298625825412,0.7179405252480607,0.033641899422648724,0.6676580412389698,0.033641899422648724,2,True
0.6869501203862238,0.7208916164317568,0.03394149604553298,0.6697114735160313,0.03394149604553298,2,True
0.6951639636081874,0.729980790583658,0.034816826975470505,0.6761519595514233,0.034816826975470505,2,True
0.6952619901996527,0.7300887750436773,0.03482678484402457,0.6762295465924937,0.03482678484402457,2,True
0.7103113595076475,0.7465263329356817,0.03621497342803426,0.6883435979482475,0.03621497342803426,2,True
0.6599176715218825,0.6904343825136127,0.030516710991730145,0.6493622199341526,0.030516710991730145,2,True
0.6570934556461847,0.6872070403534514,0.03011358470726666,0.6473111836710682,0.03011358470726666,2,True
0.684834491178729,0.71853759991685,0.03370310873812099,0.6680720308610345,0.03370310873812099,2,True
0.6873926545129269,0.7213833520341265,0.03399069752119965,0.6700554081972128,0.03399069752119965,2,True
0.6673530470060884,0.6988914630278124,0.031538416021723914,0.6548298363069032,0.031538416021723914,2,True
0.6621481564189465,0.692977447221776,0.03082929080282948,0.6509920914129209,0.03082929080282948,2,True
0.6510023659570873,0.6802191943958593,0.029216828438772047,0.6429359088917169,0.029216828438772047,2,True
0.6735465698906101,0.7058908897504119,0.032344319859801796,0.6594592861032011,0.032344319859801796,2,True
0.656020298631052,0.685978576400828,0.029958277769776,0.6465355403559541,0.029958277769776,2,True
0.6659306587443061,0.697278136922591,0.03134747817828487,0.6537762781186419,0.03134747817828487,2,True
0.6861356131958269,0.7199859507553054,0.033850337559478416,0.669079353864622,0.033850337559478416,2,True
0.6753603383635481,0.7079326909785667,0.03257235261501856,0.6608279266246683,0.03257235261501856,2,True
0.693909145962447,0.7285974774598123,0.03468833149736528,0.6751602932169857,0.03468833149736528,2,True
0.6876749927201226,0.7216969606397551,0.03402196791963252,0.6702750215578304,0.03402196791963252,2,True
0.6898167809261541,0.7240728991707935,0.03425611824463948,0.6719456006971061,0.03425611824463948,2,True
0.6977464743989711,0.7328217419550791,0.035075267556108014,0.6782016936326295,0.035075267556108014,2,True
0.6941570248841595,0.7288708903927539,0.034713865508594344,0.6753559668923977,0.034713865508594344,2,True
0.6894601502169185,0.7236776566195899,0.034217506402671405,0.6716668654477124,0.034217506402671405,2,True
0.6863586788768725,0.720234058911352,0.03387538003447943,0.6692523525610393,0.03387538003447943,2,True
0.6605041679684508,0.6911035695492233,0.030599401580772456,0.6497899305950843,0.030599401580772456,2,True
0.6717173586124684,0.703828018634638,0.03211066002216956,0.6580849160489574,0.03211066002216956,2,True
0.6550879874842108,0.684910400447823,0.02982241296361221,0.6458633578702292,0.02982241296361221,2,True
0.6642685940869052,0.6953902336463875,0.031121639559482328,0.6525497493748807,0.031121639559482328,2,True
0.6717505250562466,0.7038654544487568,0.03211492939251026,0.6581097825646395,0.03211492939251026,2,True
0.660173193699235,0.690725974571627,0.030552780872391994,0.6495484878483822,0.030552780872391994,2,True
0.6552884146788088,0.6851401092654956,0.029851694586686794,0.6460077325092105,0.029851694586686794,2,True
0.6513767447812479,0.6806497488944042,0.029273004113156365,0.643202925556614,0.029273004113156365,2,True
0.6533872636606403,0.6829595948356084,0.02957233117496816,0.6446411417632166,0.02957233117496816,2,True
0.658280059451383,0.6885640108680829,0.030283951416699928,0.6481712061738886,0.030283951416699928,2,True
0.6603148456065537,0.6908875932661429,0.030572747659589172,0.6496517978001154,0.030572747659589172,2,True
0.6546734835320267,0.684435211630391,0.029761728098364304,0.6455650029101736,0.029761728098364304,2,True
0.6542426563141344,0.6839411280186032,0.02969847170446882,0.6452552223856952,0.02969847170446882,2,True
0.6670687480917377,0.6985691735148166,0.03150042542307896,0.6546189694531636,0.03150042542307896,2,True
0.6596959071758172,0.6901812590945116,0.030485351918694392,0.6492006545392138,0.030485351918694392,2,True
0.6627738386451267,0.6936898835278568,0.03091604488273003,0.6514508816620737,0.03091604488273003,2,True
0.6713638262668411,0.7034289027222226,0.03206507645538148,0.6578199769655398,0.03206507645538148,2,True
0.6841330861343173,0.7177560093190638,0.03362292318474647,0.6675302546457834,0.03362292318474647,2,True
0.6809508345681048,0.7142028143652692,0.03325197979716443,0.665083219391063,0.03325197979716443,2,True
0.6770976193423626,0.7098849472108315,0.03278732786846894,0.6621443346203675,0.03278732786846894,2,True
0.6633362952454931,0.6943299780556644,0.03099368281017134,0.6518639048597948,0.03099368281017134,2,True
0.6599654148536563,0.6904888704734462,0.030523455619789863,0.6493970145565603,0.030523455619789863,2,True
0.6745195571988889,0.7069866586081754,0.03246710140928655,0.6601927595060805,0.03246710140928655,2,True
0.70073710858904,0.7361014631839128,0.03536435459487275,0.6805901698304068,0.03536435459487275,2,True
0.7054357921900805,0.7412319763076333,0.03579618411755281,0.6843748984958274,0.03579618411755281,2,True
0.6913914329212847,0.7258162280598252,0.034424795138540465,0.6731790196056041,0.034424795138540465,2,True
0.6979856128260911,0.7330844003382808,0.035098787512189755,0.6783920971548162,0.035098787512189755,2,True
0.6884616049717436,0.7225701989445744,0.034108593972830836,0.6708876258083529,0.034108593972830836,2,True
0.6901465400220683,0.7244382263995934,0.03429168637752511,0.672203534838576,0.03429168637752511,2,True
0.68370614211409,0.7172799769283156,0.0335738348142256,0.6672009046288773,0.0335738348142256,2,True
0.6789125947315691,0.7119208855291355,0.0330082907975664,0.663525345706104,0.0330082907975664,2,True
0.6790743342224554,0.7121021350331489,0.03302780081069345,0.6636486971452829,0.03302780081069345,2,True
0.6771781374244532,0.7099753466826236,0.03279720925817042,0.6622054765274886,0.03279720925817042,2,True
0.6770164950198326,0.7097938597242066,0.03277736470437398,0.6620827440169089,0.03277736470437398,2,True
0.6634152046712047,0.6944197530990102,0.031004548427805423,0.6519218946251856,0.031004548427805423,2,True
0.6523538256520136,0.6817727947862171,0.0294189691342035,0.6439009786816093,0.0294189691342035,2,True
0.6644224621782288,0.6955651318917764,0.03114266971354762,0.6526630908069914,0.03114266971354762,2,True
0.6666641429316259,0.6981103521397609,0.03144620920813501,0.6543191182266188,0.03144620920813501,2,True
0.6605256439524423,0.6911280667113746,0.030602422758932324,0.6498056038600597,0.030602422758932324,2,True
0.6683341913408777,0.7000030502213648,0.031668858880487094,0.6555586627954008,0.031668858880487094,2,True
0.6615603384212363,0.6923077532854001,0.03074741486416377,0.6505616996990242,0.03074741486416377,2,True
0.652087646449609,0.6814669442009575,0.02937929775134851,0.6437106448243427,0.02937929775134851,2,True
0.653999733124048,0.6836624560310275,0.029662722906979466,0.6450806972127127,0.029662722906979466,2,True
0.6559818826195347,0.6859345793056663,0.02995269668613154,0.6465078124580458,0.02995269668613154,2,True
0.6526181931514086,0.6820764946622035,0.029458301510794982,0.6440901417391153,0.029458301510794982,2,True
0.6602909898398553,0.6908603763185857,0.03056938647873031,0.649634396750016,0.03056938647873031,2,True
0.6508594700539965,0.6800548208496268,0.029195350795630293,0.6428340575395295,0.029195350795630293,2,True
0.6525356444408903,0.6819816718126889,0.029446027371798578,0.6440310622626156,0.029446027371798578,2,True
0.6550264280181074,0.6848398393150469,0.029813411296939485,0.6458190287938727,0.029813411296939485,2,True
0.6522054250621391,0.6816022851428417,0.029396860080702636,0.6437948479550362,0.029396860080702636,2,True
0.6564986062564014,0.6865262481581647,0.030027641901763213,0.6468809927896858,0.030027641901763213,2,True
0.67827558925869,0.711206752210525,0.03293116295183496,0.6630399825376693,0.03293116295183496,2,True
0.67848137455337,0.7114375039784081,0.032956129425038116,0.6631967007459066,0.032956129425038116,2,True
0.666646070568554,0.6980898540352333,0.03144378346667931,0.6543057316624142,0.03144378346667931,2,True
0.6526097365711512,0.6820667809846243,0.029457044413473077,0.6440840888727924,0.029457044413473077,2,True
0.6750389026937799,0.7075711101045667,0.032532207410786884,0.6605849500472286,0.032532207410786884,2,True
0.6881449473587746,0.7222187570013869,0.03407380964261231,0.6706408843520206,0.03407380964261231,2,True
0.6923562551007303,0.7268829398314909,0.03452668473076059,0.673936939045993,0.03452668473076059,2,True
0.700439161378396,0.7357752089781285,0.03533604759973252,0.6803515005362422,0.03533604759973252,2,True
0.6943983129171808,0.7291369622737709,0.0347386493565901,0.6755465426876767,0.0347386493565901,2,True
0.6916328032821527,0.726083192681279,0.03445038939912626,0.6733684737198687,0.03445038939912626,2,True
0.6853827367380919,0.7191481231161136,0.03376538637802173,0.6684961132884892,0.03376538637802173,2,True
0.6953167307751258,0.7301490712821558,0.03483234050702999,0.6762728806295516,0.03483234050702999,2,True
0.7007344687117261,0.7360985729819293,0.0353641042702032,0.6805880544754148,0.0353641042702032,2,True
0.6882379866561968,0.7223220287923316,0.03408404213613481,0.6707133626208682,0.03408404213613481,2,True
0.6710657261730472,0.7030922600452972,0.032026533872250074,0.6575967517845646,0.032026533872250074,2,True
0.6757120213807296,0.7083281648234719,0.03261614344274233,0.6610939779093925,0.03261614344274233,2,True
0.6818411573774746,0.7151980933918611,0.033356936014386496,0.6657660312934369,0.033356936014386496,2,True
0.6682717929620022,0.6999323868365338,0.03166059387453157,0.655512260255687,0.03166059387453157,2,True
0.6703566168164198,0.7022910770302161,0.03193446021379631,0.6570663869345299,0.03193446021379631,2,True
0.6611183851886763,0.691804004744136,0.030685619555459676,0.6502385125690172,0.030685619555459676,2,True
0.6520865726527423,0.6814657102242694,0.029379137571527103,0.6437098772512256,0.029379137571527103,2,True
0.6699789960816716,0.7018642009060383,0.03188520482436674,0.6567843174664608,0.03188520482436674,2,True
0.6862689058459888,0.7201342145115276,0.03386530866553883,0.6691827184071607,0.03386530866553883,2,True
0.670697612538879,0.7026764174992564,0.031978804960377305,0.6573213166185888,0.031978804960377305,2,True
0.666020390019959,0.6973799773119554,0.031359587291996394,0.653842635477652,0.031359587291996394,2,True
0.6644826630567519,0.6956335540141222,0.031150890957370336,0.6527074470885481,0.031150890957370336,2,True
0.6687160630506173,0.7004354114417412,0.03171934839112389,0.655842792405874,0.03171934839112389,2,True
0.6800967178314071,0.7132471569513542,0.033150439119947084,0.664429499279421,0.033150439119947084,2,True
0.6787452147341995,0.7117332838873436,0.03298806915314412,0.6633977414733108,0.03298806915314412,2,True
0.6615638767005649,0.6923117854797587,0.030747908779193756,0.6505642885375978,0.030747908779193756,2,True
0.6642354734930622,0.6953525829777771,0.03111710948471491,0.6525253577777966,0.03111710948471491,2,True
0.6623704087162713,0.693230562772276,0.03086015405600473,0.6511549813198437,0.03086015405600473,2,True
0.6561756804171409,0.6861565169198729,0.029980836502731978,0.6466477185442908,0.029980836502731978,2,True
0.6755742031553974,0.708173202221302,0.03259899906590458,0.6609896910145344,0.03259899906590458,2,True
0.6608224032409399,0.6914665244066255,0.0306441211656856,0.6500222640041432,0.0306441211656856,2,True
0.6643660680748215,0.6955010329398833,0.031134964865061843,0.6526215452193663,0.031134964865061843,2,True
0.6502975344633326,0.6794082320235515,0.02911069756021889,0.6424338809754868,0.02911069756021889,2,True
0.6575144045327469,0.6876885907371623,0.030174186204415365,0.6476159910237147,0.030174186204415365,2,True
0.6786526272177976,0.7116294969742287,0.032976869756431104,0.6633271776184176,0.032976869756431104,2,True
0.6814056791786897,0.7147113921604874,0.03330571298179774,0.6654318755801122,0.03330571298179774,2,True
0.680330964815214,0.713509335025466,0.03317837021025194,0.6646086571367046,0.03317837021025194,2,True
0.6655876404586725,0.6968887498194294,0.03130110936075692,0.6535227439128948,0.03130110936075692,2,True
0.6801777874424474,0.713337900205363,0.03316011276291564,0.6644914922745592,0.03316011276291564,2,True
0.6614650121867313,0.6921991153868616,0.03073410320013037,0.6504919611145126,0.03073410320013037,2,True
0.671202212651725,0.7032464054820641,0.0320441928303391,0.6576989368379632,0.0320441928303391,2,True
0.6679687984715874,0.6995891994491102,0.03162040097752283,0.6552870368851397,0.03162040097752283,2,True
0.6513969358573621,0.6806729657572477,0.029276029899885536,0.6432173334361592,0.029276029899885536,2,True
0.6690054028219751,0.7007629016767055,0.03175749885473045,0.6560582467502268,0.03175749885473045,2,True
0.6512287297066283,0.6804795404653367,0.02925081075870839,0.6430973275928837,0.02925081075870839,2,True
0.6611204836211397,0.6918063970649683,0.03068591344382854,0.6502400462692263,0.03068591344382854,2,True
0.6601709033236597,0.6907233611822124,0.030552457858552762,0.6495468177185304,0.030552457858552762,2,True
0.6583229725511451,0.6886130583714506,0.030290085820305457,0.6482023554782247,0.030290085820305457,2,True
0.6523177733445976,0.681731373316515,0.029413599971917392,0.6438751917768487,0.029413599971917392,2,True
0.6538214830378967,0.6834579371848875,0.029636454146990787,0.6449527023670453,0.029636454146990787,2,True
0.6637908017889461,0.6948469792606599,0.031056177471713742,0.652198069017901,0.031056177471713742,2,True
0.6583915574501742,0.6886914435424465,0.0302998860922723,0.6482521459525142,0.0302998860922723,2,True
0.6708802530339472,0.7028827573057823,0.03200250427183515,0.6574579443501504,0.03200250427183515,2,True
0.6704891836005171,0.7024408985020854,0.03195171490156823,0.6571654698000259,0.03195171490156823,2,True
0.660456382129218,0.6910490596292863,0.030592677500068333,0.6497550592272056,0.030592677500068333,2,True
0.6633450997002343,0.6943399951843436,0.030994895484109386,0.6518703746188411,0.030994895484109386,2,True
0.6607800348706924,0.691418208322425,0.030638173451732587,0.6499913218207706,0.030638173451732587,2,True
0.669036997994962,0.7007986573028703,0.03176165930790831,0.6560817828343372,0.03176165930790831,2,True
0.6746227522010247,0.7071028141914361,0.03248006199041131,0.6602706503882424,0.03248006199041131,2,True
0.674006252921933,0.7064087111219451,0.032402458200012196,0.6598056022372426,0.032402458200012196,2,True
0.6693842119835729,0.701191521259962,0.031807309276389084,0.6563405486765175,0.031807309276389084,2,True
0.6769529761908859,0.7097225347584989,0.03276955856761299,0.6620345278917822,0.03276955856761299,2,True
0.6899625267463478,0.7242343812060256,0.03427185445967773,0.6720595777253605,0.03427185445967773,2,True
0.686210888022309,0.7200696828224425,0.03385879480013354,0.6691377234037433,0.03385879480013354,2,True
0.6885567018942105,0.7226757189971718,0.03411901710296128,0.6709617606900685,0.03411901710296128,2,True
0.6685279582787524,0.7002224558913829,0.031694497612630435,0.6557028016542051,0.031694497612630435,2,True
0.6685820943739383,0.7002837478942338,0.031701653520295414,0.6557430842048644,0.031701653520295414,2,True
0.6732029736492804,0.7055036845434153,0.03230071089413489,0.6592006728049717,0.03230071089413489,2,True
0.6724492199021213,0.7046538085400521,0.03220458863793085,0.6586340830185871,0.03220458863793085,2,True
0.6648911820427704,0.6960977606066682,0.031206578563897747,0.6530086159438641,0.031206578563897747,2,True
0.6535491488832809,0.683145408172805,0.02959625928952414,0.6447572582794844,0.02959625928952414,2,True
0.6741574973531911,0.7065790329760994,0.03242153562290828,0.6599196289430418,0.03242153562290828,2,True
0.6896058079710502,0.7238391027370226,0.034233294765972366,0.6717806812461152,0.034233294765972366,2,True
0.6695734677244345,0.7014056044069961,0.031832136682561574,0.6564816842829394,0.031832136682561574,2,True
0.6970713191825559,0.7320798060245173,0.03500848684196134,0.6776646794983382,0.03500848684196134,2,True
0.6925446869837112,0.7270911408298203,0.034546453846109104,0.674085155535565,0.034546453846109104,2,True
0.6876164565638387,0.7216319490128363,0.0340154924489976,0.6702294782715467,0.0340154924489976,2,True
0.6979555591669492,0.7330513946590442,0.03509583549209505,0.67836816265651,0.03509583549209505,2,True
0.6937479943048506,0.7284196858168934,0.03467169151204286,0.6750331399551798,0.03467169151204286,2,True
0.6776549948887497,0.7105105757136962,0.03285558082494655,0.6625678174695967,0.03285558082494655,2,True
0.6721080816702499,0.704268961113634,0.03216087944338408,0.6583779845434116,0.03216087944338408,2,True
0.6688152237144079,0.700547656976847,0.03173243326243902,0.6559166147688439,0.03173243326243902,2,True
0.670144480178251,0.7020512892045047,0.031906809026253646,0.6569078970882245,0.031906809026253646,2,True
0.663012243450239,0.6939612366927312,0.03094899324249223,0.6516258784353771,0.03094899324249223,2,True
0.6598617418294992,0.6903705487332261,0.030508806903726926,0.6493214643693429,0.030508806903726926,2,True
0.6645315587293077,0.695689124234797,0.031157565505489315,0.6527434783844882,0.031157565505489315,2,True
0.6721404073554886,0.7043054340948562,0.03216502673936761,0.6584022431308957,0.03216502673936761,2,True
0.6571205470033932,0.6872380372998353,0.030117490296442173,0.6473307909265261,0.030117490296442173,2,True
0.6573017685926136,0.6874453653300406,0.03014359673742706,0.6474619828432627,0.03014359673742706,2,True
0.6598321799147183,0.6903368077729458,0.030504627858227495,0.649299925061022,0.030504627858227495,2,True
0.6628775482135961,0.6938079334266216,0.03093038521302549,0.6515269953945513,0.03093038521302549,2,True
0.651176209779084,0.6804191405646026,0.02924293078551865,0.6430598678157433,0.02924293078551865,2,True
0.6612015824133677,0.6918988503571171,0.030697267943749385,0.650299325670451,0.030697267943749385,2,True
0.6647520209194157,0.6959396494380352,0.03118762851861956,0.6529059900948792,0.03118762851861956,2,True
0.6632616209064647,0.6942450152401888,0.0309833943337241,0.6518090376126561,0.0309833943337241,2,True
0.6634291933110752,0.6944356672550979,0.031006473944022672,0.6519321758949743,0.031006473944022672,2,True
0.6663977405806077,0.6978081569221947,0.03141041634158692,0.6541218474316753,0.03141041634158692,2,True
0.6598031283983612,0.6903036484877579,0.030500520089396743,0.6492787591511854,0.030500520089396743,2,True
0.6524418419647724,0.6818739137332184,0.029432071768445978,0.6439639432568874,0.029432071768445978,2,True
0.6690996281274876,0.700869531380771,0.03176990325328344,0.6561284429303095,0.03176990325328344,2,True
0.6769483520892612,0.7097173422014977,0.03276899011223655,0.6620310180904315,0.03276899011223655,2,True
0.6639325099706287,0.6950081278955542,0.031075617924925525,0.652302331387186,0.031075617924925525,2,True
0.678893823529223,0.7118998481069155,0.03300602457769253,0.6635110327657919,0.03300602457769253,2,True
0.6726600366170999,0.7048915726734484,0.03223153605634843,0.6587924502694825,0.03223153605634843,2,True
0.6887015538830846,0.7228364270047238,0.03413487312163921,0.6710747141150512,0.03413487312163921,2,True
0.6807210512877695,0.7139457955283942,0.033224744240624715,0.6649072213532811,0.033224744240624715,2,True
0.6798043001350871,0.7129197842303301,0.03311548409524301,0.6642059879240992,0.03311548409524301,2,True
0.6699623395064814,0.7018453681402896,0.03188302863380821,0.6567718814255615,0.03188302863380821,2,True
0.6745941932163481,0.7070706695798583,0.032476476363510254,0.6602490923671477,0.032476476363510254,2,True
0.678133902931404,0.7110478482433591,0.03291394531195513,0.6629321234126903,0.03291394531195513,2,True
0.6742407552032496,0.7066727818395998,0.03243202663635025,0.6599824163337095,0.03243202663635025,2,True
0.6663707049291708,0.6977774846229988,0.03140677969382799,0.6541018345984128,0.03140677969382799,2,True
0.6572507218356707,0.6873869682411146,0.03013624640544388,0.6474250226094885,0.03013624640544388,2,True
0.6745691193613105,0.7070424469140769,0.03247332755276644,0.6602301663246563,0.03247332755276644,2,True
0.6738021457459475,0.7061788184076001,0.03237667266165256,0.6596517855456615,0.03237667266165256,2,True
0.6774751732583327,0.7103087724140499,0.03283359915571715,0.6624311322242146,0.03283359915571715,2,True
0.6792133347601504,0.7122578789496518,0.03304454418950131,0.66375474376527,0.03304454418950131,2,True
0.6638122299994393,0.6948713484893236,0.031059118489884296,0.6522138326196519,0.031059118489884296,2,True
0.6674273696493472,0.6989757030499772,0.03154833340063001,0.6548849857176645,0.03154833340063001,2,True
0.6709262348362521,0.7029346999390672,0.032008465102815076,0.6574923512652652,0.032008465102815076,2,True
0.6802597518013106,0.7134296373524364,0.033169885551125766,0.6645541813512224,0.033169885551125766,2,True
0.6764396453658152,0.7091459519076443,0.032706306541829044,0.6616451299019751,0.032706306541829044,2,True
0.6559742977206385,0.6859258922960446,0.029951594575406082,0.6465023381420135,0.029951594575406082,2,True
0.6687374127006821,0.7004595792092272,0.03172216650854509,0.6558586851513432,0.03172216650854509,2,True
0.6729578985235884,0.7052274250002355,0.03226952647664705,0.6590163412653244,0.03226952647664705,2,True
0.6776812609572292,0.710540049534806,0.032858788577576736,0.6625877875324137,0.032858788577576736,2,True
0.6832574618374005,0.7167794816415279,0.03352201980412739,0.6668551362113656,0.03352201980412739,2,True
0.6897095627161036,0.7239540884802677,0.034244525764164035,0.6718617773724326,0.034244525764164035,2,True
0.6888179173811221,0.7229655101045398,0.03414759272341772,0.6711654796575156,0.03414759272341772,2,True
0.6898407761124304,0.7240994868583919,0.03425871074596143,0.6719643629610533,0.03425871074596143,2,True
0.6698381390706721,0.7017049313452607,0.03186679227458855,0.6566791671273997,0.03186679227458855,2,True
0.6751902025966706,0.7077413207214909,0.032551118124820255,0.6606992963415089,0.032551118124820255,2,True
0.6619279595746904,0.6927266217611486,0.030798662186458214,0.6508307945594378,0.030798662186458214,2,True
0.6858636059295569,0.719683327820139,0.03381972189058213,0.6688685181990363,0.03381972189058213,2,True
0.6830351497848084,0.7165314100529366,0.03349626026812824,0.6666839475103566,0.03349626026812824,2,True
0.6767595435315279,0.7095053022927843,0.032745758761256405,0.6618877404402114,0.032745758761256405,2,True
0.6825678647776786,0.7160097942334703,0.03344192945579172,0.6663244067896176,0.03344192945579172,2,True
0.6500906739551041,0.6791701315921801,0.02907945763707598,0.6422867087874214,0.02907945763707598,2,True
0.6776017517902333,0.7104508278966363,0.032849076106402975,0.6625273405636231,0.032849076106402975,2,True
0.6628265268017288,0.693749858490132,0.03092333168840322,0.6514895477610473,0.03092333168840322,2,True
0.6763405309413822,0.7090345906615673,0.03269405972018502,0.6615699985096705,0.03269405972018502,2,True
0.6604622958819939,0.6910558056508469,0.030593509768853,0.6497593745250819,0.030593509768853,2,True
0.6649220796721592,0.6961328628913243,0.03121078321916504,0.6530314063995284,0.03121078321916504,2,True
0.6705689255659898,0.7025310103349902,0.03196208476900042,0.657225085468205,0.03196208476900042,2,True
0.6605668032497133,0.691175014845396,0.03060821159568272,0.6498356443828343,0.03060821159568272,2,True
0.6663081684141744,0.697706533143098,0.031398364728923656,0.6540555476341016,0.031398364728923656,2,True
0.6749494275725542,0.7074704396404514,0.03252101206789726,0.6605173475504366,0.03252101206789726,2,True
0.6813076841266619,0.7146018404720056,0.03329415634534372,0.665356727454848,0.03329415634534372,2,True
0.6803678546687635,0.713550617836979,0.03318276316821556,0.6646368802952832,0.03318276316821556,2,True
0.6822980950866602,0.7157085440488926,0.03341044896223244,0.6661170160138264,0.03341044896223244,2,True
0.6890464883606933,0.7232190193698731,0.03417253100917983,0.6713438390594276,0.03417253100917983,2,True
0.6732140946737548,0.7055162190824246,0.03230212440866975,0.6592090399382451,0.03230212440866975,2,True
0.6734653029331888,0.7057993202376408,0.032334017304451956,0.6593981002562641,0.032334017304451956,2,True
0.6776638311161606,0.7105204911552584,0.03285666003909782,0.6625745355066237,0.03285666003909782,2,True
0.6716968153316906,0.703804830302866,0.032108014971175436,0.6580695147207908,0.032108014971175436,2,True
0.6795176259468233,0.712598747067805,0.033081121120981716,0.6639870142213288,0.033081121120981716,2,True
0.7022601243433717,0.7377674598491648,0.0355073355057931,0.6818126400631838,0.0355073355057931,2,True
0.6820252251733813,0.7154037466384788,0.033378521465097566,0.6659073734987648,0.033378521465097566,2,True
0.6869083448544925,0.7208451843656061,0.03393683951111359,0.6696790238253261,0.03393683951111359,2,True
0.7043892467170496,0.7400916322885801,0.03570238557153049,0.6835285222507445,0.03570238557153049,2,True
0.6953623001071048,0.7301992627100024,0.03483696260289759,0.6763089585392805,0.03483696260289759,2,True
0.672249744707432,0.7044287906168846,0.03217904590945253,0.6584843083604367,0.03217904590945253,2,True
0.6825368202786308,0.7159751312977151,0.03343831101908423,0.6663005341304429,0.03343831101908423,2,True
0.6668451361679055,0.6983156197229987,0.03147048355509319,0.6544532155971906,0.03147048355509319,2,True
0.6614250125132647,0.692153527217772,0.030728514704507326,0.6504627030413687,0.030728514704507326,2,True
0.6637789665506316,0.6948335194308167,0.031054552880185105,0.6521893628086296,0.031054552880185105,2,True
0.6691237561370185,0.7008968342049757,0.03177307806795726,0.656146420407469,0.03177307806795726,2,True
0.6825133125267437,0.7159488828267438,0.033435570300000106,0.6662824582336501,0.033435570300000106,2,True
0.6680300029442413,0.6996585307974298,0.03162852785318848,0.6553325185436109,0.03162852785318848,2,True
0.666792574021926,0.6982560116859232,0.031463437663997174,0.6544142664531755,0.031463437663997174,2,True
0.6643353430573574,0.695466108701922,0.03113076564456463,0.6525989124501848,0.03113076564456463,2,True
0.6675342830125195,0.6990968722004859,0.031562589187966394,0.6549643355473587,0.031562589187966394,2,True
0.6624140239253522,0.6932802285929915,0.03086620466763934,0.6511869574491562,0.03086620466763934,2,True
0.6747766237298611,0.7072759889316061,0.03249936520174501,0.6603868267265242,0.03249936520174501,2,True
0.6780142750694319,0.7109136656080393,0.032899390538607354,0.6628410841450765,0.032899390538607354,2,True
0.6669905385228395,0.6984804976890842,0.03148995916624464,0.6545609859711711,0.03148995916624464,2,True
0.6809299683014054,0.7141794773731189,0.033249509071713534,0.6650672334046667,0.033249509071713534,2,True
0.6676408699184038,0.6992176591505131,0.03157678923210938,0.6550434633121784,0.03157678923210938,2,True
0.6662312406589919,0.6976192482047366,0.03138800754574478,0.6539986184004652,0.03138800754574478,2,True
0.6580355762594544,0.688284543122202,0.030248966862747584,0.6479938057718976,0.030248966862747584,2,True
0.6508292843043928,0.6800200955537125,0.02919081124931966,0.642812546805308,0.02919081124931966,2,True
0.6529780338484544,0.6824897614686746,0.02951172762022014,0.6443478184572141,0.02951172762022014,2,True
0.6570726980958297,0.6871832898157039,0.03011059171987418,0.6472961613644607,0.03011059171987418,2,True
0.654596955705082,0.6843474610889972,0.029750505383915216,0.645509952502951,0.029750505383915216,2,True
0.6544401484638314,0.6841676400050505,0.02972749154121912,0.6453971855017294,0.02972749154121912,2,True
0.6561284586792144,0.6861024419781464,0.029973983298931972,0.6466136221770259,0.029973983298931972,2,True
0.6505558649204114,0.6797055170175842,0.029149652097172796,0.6426177785974565,0.029149652097172796,2,True
0.6500417260701001,0.6791137855613589,0.029072059491258795,0.6422518956419064,0.029072059491258795,2,True
0.6642001501392925,0.6953124269913326,0.0311122768520401,0.6524993461114773,0.0311122768520401,2,True
0.6778230042572848,0.7106990898524057,0.032876085595120896,0.6626955759748697,0.032876085595120896,2,True
0.6738235523682574,0.7062029315662884,0.03237937919803102,0.6596679142595988,0.03237937919803102,2,True
0.6637501641796916,0.6948007628196622,0.031050598639970617,0.6521681763188636,0.031050598639970617,2,True
0.6558410003261745,0.6857732169082844,0.029932216582109872,0.6464061489295553,0.029932216582109872,2,True
0.6577408621777875,0.6879475757346757,0.0302067135568882,0.6477800983906535,0.0302067135568882,2,True
0.6567961364880047,0.6868668097587222,0.03007067327071744,0.6470960859213929,0.03007067327071744,2,True
0.6546781000653265,0.6844405049858681,0.029762404920541607,0.6455683241533173,0.029762404920541607,2,True
0.6605029520235766,0.6911021825345518,0.03059923051097524,0.6497890432178405,0.03059923051097524,2,True
0.6620885771627758,0.6929095856846421,0.03082100852186631,0.6509484403804807,0.03082100852186631,2,True
0.668885420154855,0.7006271098552558,0.03174168970040081,0.655968884638497,0.03174168970040081,2,True
0.6503125255414218,0.6794254854296057,0.029112959888183854,0.6424445494269789,0.029112959888183854,2,True
0.6517095093697765,0.681032329912163,0.029322820542386552,0.6434404710383166,0.029322820542386552,2,True
0.659311507062454,0.6897423822688823,0.030430875206428287,0.6489208087233218,0.030430875206428287,2,True
0.6567493735552874,0.6868132894942809,0.03006391593899349,0.6470622692334387,0.03006391593899349,2,True
0.6585181168399626,0.6888360747231026,0.030317957883139957,0.6483440460324169,0.030317957883139957,2,True
0.6583321493876997,0.6886235467878337,0.03029139740013398,0.6482090170876252,0.03029139740013398,2,True
0.653138888491949,0.6826744571088494,0.02953556861690043,0.6444630785906879,0.02953556861690043,2,True
0.6624790172304891,0.6933542345452378,0.030875217314748737,0.6512346130270487,0.030875217314748737,2,True
0.6514787867049543,0.6807670784947547,0.029288291789800414,0.6432757477102949,0.029288291789800414,2,True
0.6634638733446093,0.6944751200592413,0.031011246714631957,0.651957666276557,0.031011246714631957,2,True
0.6698308283368396,0.701696664378364,0.031865836041524376,0.6566737105973303,0.031865836041524376,2,True
0.6605461991696785,0.6911515131296695,0.030605313959991,0.6498206059134836,0.030605313959991,2,True
0.6657120670332244,0.697030010696213,0.03131794366298857,0.6536146868240318,0.03131794366298857,2,True
0.6698346950287138,0.7017010368349914,0.031866341806277565,0.656676596577647,0.031866341806277565,2,True
0.6691156956526633,0.7008877131750681,0.03177201752240488,0.6561404145265916,0.03177201752240488,2,True
0.6609045332396217,0.6915601786043168,0.030655645364695117,0.6500822537216633,0.030655645364695117,2,True
0.6836930345577876,0.7172653589740038,0.03357232441621616,0.6671907984212818,0.03357232441621616,2,True
0.6937409497946183,0.7284119131997498,0.03467096340513154,0.6750275826885598,0.03467096340513154,2,True
0.6815253424494063,0.7148451524842363,0.03331981003482998,0.6655236632676241,0.03331981003482998,2,True
0.6851392442508409,0.718877014463447,0.033737770212606044,0.6683076994552825,0.033737770212606044,2,True
0.6736460086832844,0.7060029248798037,0.03235691619651926,0.6595341694873574,0.03235691619651926,2,True
0.6794116790321465,0.7124800768817451,0.033068397849598585,0.6639061245237394,0.033068397849598585,2,True
0.6581575882542027,0.6884240221539656,0.030266433899762912,0.6480823260884329,0.030266433899762912,2,True
0.6623832123193707,0.6932451427881077,0.030861930468736976,0.6511643678247491,0.030861930468736976,2,True
0.665324994547915,0.6965905152175903,0.03126552066967525,0.653328756529978,0.03126552066967525,2,True
0.6736435423623048,0.7060001462717302,0.03235660390942541,0.6595323119869171,0.03235660390942541,2,True
0.672585353531224,0.70480734889952,0.032221995368296064,0.6587363386836528,0.032221995368296064,2,True
0.6596154917531364,0.6900894598548649,0.030473968101728532,0.6491420898525898,0.030473968101728532,2,True
0.6666451282428556,0.6980887852174139,0.03144365697455831,0.6543050336786714,0.03144365697455831,2,True
0.6778629799139703,0.7107439396632721,0.03288095974930183,0.6627259818496553,0.03288095974930183,2,True
0.664999420722954,0.6962207243455926,0.03122130362263853,0.6530884615114552,0.03122130362263853,2,True
0.6708763248716672,0.7028783198108531,0.032001994939185985,0.6574550051888719,0.032001994939185985,2,True
0.6546225873676764,0.6843768522551767,0.029754264887500326,0.6455283895183223,0.029754264887500326,2,True
0.682403024943423,0.7158257285471853,0.033422703603762316,0.6661976675379753,0.033422703603762316,2,True
0.6820372829763907,0.715417217089046,0.033379934112655385,0.6659166345614412,0.033379934112655385,2,True
0.6810139789600637,0.7142734325000931,0.03325945354002946,0.665131600052432,0.03325945354002946,2,True
0.6795705145394518,0.7126579823283418,0.033087467788889935,0.6640274017437237,0.033087467788889935,2,True
0.6718358818762958,0.703961793329305,0.03212591145300914,0.658173787767424,0.03212591145300914,2,True
0.6664244365096005,0.6978384430365514,0.03141400652695092,0.6541416100643004,0.03141400652695092,2,True
0.6772419296301592,0.7100469624554399,0.03280503282528069,0.6622539257192015,0.03280503282528069,2,True
0.6718836767412363,0.704015734020221,0.032132057278984716,0.6582096326228476,0.032132057278984716,2,True
0.6658777450042361,0.6972180785279025,0.031340333523666386,0.6537371544798295,0.031340333523666386,2,True
0.6607580958740725,0.6913931887776756,0.03063509290360311,0.6499753007343053,0.03063509290360311,2,True
0.66333175218355,0.6943248092272014,0.030993057043651406,0.6518605665449985,0.030993057043651406,2,True
0.6758631293632306,0.7084980460107896,0.03263491664755902,0.661208359956483,0.03263491664755902,2,True
0.6821969891939083,0.7155956181208168,0.03339862892690859,0.6660393221940258,0.03339862892690859,2,True
0.6842384666021674,0.717873473498282,0.03363500689611465,0.6676115963351124,0.03363500689611465,2,True
0.6797396489563702,0.7128473916318706,0.03310774267550043,0.6641565918979057,0.03310774267550043,2,True
0.6986394343712856,0.7338021696624378,0.035162735291152214,0.6789131929537661,0.035162735291152214,2,True
0.6879095243964718,0.7219573965483159,0.03404787215184413,0.6704575569396835,0.03404787215184413,2,True
0.6806106342223412,0.7138222695661347,0.033211635343793455,0.6648226829381038,0.033211635343793455,2,True
0.671716550715632,0.7038271067257503,0.03211055601011836,0.6580843103533244,0.03211055601011836,2,True
0.6592918672756154,0.6897199550815556,0.030428087805940196,0.6489065178826308,0.030428087805940196,2,True
0.6609252434814278,0.6915837937334541,0.03065855025202635,0.6500973828713515,0.03065855025202635,2,True
0.6706325683224547,0.7026029243989897,0.03197035607653509,0.6572726733631503,0.03197035607653509,2,True
0.6712047421069454,0.7032492620122264,0.03204451990528101,0.6577008309096695,0.03204451990528101,2,True
0.6810555477891785,0.7143199189064074,0.03326437111722891,0.6651634535820699,0.03326437111722891,2,True
0.6675909744363311,0.6991611178597402,0.031570143423409136,0.6550064194939416,0.031570143423409136,2,True
0.6786010603054783,0.7115716883114962,0.03297062800601791,0.6632878834622044,0.03297062800601791,2,True
0.6872702617408188,0.7212473745065697,0.03397711276575088,0.6699602504914524,0.03397711276575088,2,True
0.6817188241878134,0.7150613927744818,0.0333425685866684,0.6656721272516514,0.0333425685866684,2,True
0.6749494767368021,0.7074704949586963,0.03252101822189424,0.6605173846923392,0.03252101822189424,2,True
0.6827796571382305,0.7162462427155529,0.033466585577322405,0.6664873170068304,0.033466585577322405,2,True
0.6777083880847724,0.7105704887553291,0.032862100670556726,0.6626084135449547,0.032862100670556726,2,True
0.6793543959892064,0.7124159093460832,0.03306151335687679,0.6638623976491164,0.03306151335687679,2,True
0.6673734853642616,0.6989146292066025,0.03154114384234097,0.654845001142321,0.03154114384234097,2,True
0.6548805207625835,0.6846725813172375,0.029792060554654,0.6457139876382049,0.029792060554654,2,True
0.6619249248382478,0.6927231645504915,0.030798239712243713,0.6508285721804408,0.030798239712243713,2,True
0.6747304097401297,0.707223980155573,0.03249357041544332,0.6603519297404604,0.03249357041544332,2,True
0.6703419431291007,0.7022744922617828,0.031932549132682175,0.6570554214698202,0.031932549132682175,2,True
0.6606938462721829,0.6913199147505896,0.030626068478406765,0.649928386991857,0.030626068478406765,2,True
0.6557300686720663,0.6856461450431129,0.02991607637104665,0.6463261232219016,0.02991607637104665,2,True
0.6596457594997984,0.6901240131629476,0.030478253663149157,0.6491641318010368,0.030478253663149157,2,True
0.6581098554067905,0.6883694577566606,0.03025960234987013,0.6480476925156898,0.03025960234987013,2,True
0.6570841366585447,0.6871963777346226,0.030112241076077906,0.6473044393946955,0.030112241076077906,2,True
0.6581704914600268,0.6884387716746151,0.030268280214588272,0.6480916889766396,0.030268280214588272,2,True
0.6692338788009183,0.701021439041551,0.03178756024063267,0.6562284845639669,0.03178756024063267,2,True
0.6685200406487681,0.700213491414948,0.03169345076617991,0.6556969105996855,0.03169345076617991,2,True
0.6587411725133289,0.6890909413455498,0.030349768832220958,0.6485060854289516,0.030349768832220958,2,True
0.6663844289553549,0.6977930548071763,0.03140862585182147,0.6541119934902014,0.03140862585182147,2,True
0.6698223160875475,0.7016870386664376,0.03186472257889006,0.6566673574089888,0.03186472257889006,2,True
0.6641744586318536,0.6952832197697161,0.03110876113786243,0.652480428607101,0.03110876113786243,2,True
0.6733328307165142,0.7056500383055273,0.03231720758901313,0.6592983871666279,0.03231720758901313,2,True
0.6622513817262772,0.693095013408455,0.030843631682177852,0.6510677348757551,0.030843631682177852,2,True
0.6548960174142526,0.6846903466182941,0.02979432920404146,0.6457251421492644,0.02979432920404146,2,True
0.6532954619663063,0.6828542124806364,0.0295587505143301,0.6445753152378809,0.0295587505143301,2,True
0.6515060948813799,0.6807984761892633,0.029292381307883364,0.6432952393127959,0.029292381307883364,2,True
0.6631913657226592,0.6941650751005394,0.030973709377880132,0.6517574264068943,0.030973709377880132,2,True
0.6664618050998696,0.6978808358409213,0.03141903074105168,0.6541692756507036,0.03141903074105168,2,True
0.6770275032780453,0.7098062203794261,0.032778717101380805,0.6620911009385607,0.032778717101380805,2,True
0.6804549975066343,0.713648131744201,0.03319313423756676,0.6647035598919434,0.03319313423756676,2,True
0.6716553875557363,0.7037580670846613,0.03210267952892498,0.6580384585375804,0.03210267952892498,2,True
0.6799811867090284,0.7131178271134332,0.03313664040440478,0.6643411741544036,0.03313664040440478,2,True
0.6597705632869728,0.6902664777668134,0.03049591447984057,0.6492550351435756,0.03049591447984057,2,True
0.669493722140352,0.7013154021782334,0.03182168003788144,0.6564222070357036,0.03182168003788144,2,True
0.6729137892662327,0.7051776960531112,0.032263906786878516,0.6589831761346873,0.032263906786878516,2,True
0.6698605823198615,0.7017303097752511,0.03186972745538963,0.6566959187430871,0.03186972745538963,2,True
0.6846179742671532,0.718296391508869,0.03367841724171583,0.6679046964942964,0.03367841724171583,2,True
0.7048938044863876,0.7406415832804594,0.03574777879407176,0.6839363318756441,0.03574777879407176,2,True
0.7078159897064158,0.7438203778202548,0.03600438811383899,0.6863070937163243,0.03600438811383899,2,True
0.6937008215955383,0.7283676362871955,0.03466681469165722,0.6749959280751604,0.03466681469165722,2,True
0.6700176924684618,0.7019079518325705,0.03189025936410872,0.6568132106546941,0.03189025936410872,2,True
0.6845911576534209,0.7182665129458544,0.033675355292433484,0.6678839771649246,0.033675355292433484,2,True
0.6833560181523964,0.7168894395087211,0.033533421356324644,0.6669310564167997,0.033533421356324644,2,True
0.6806204634112365,0.7138332662576231,0.03321280284638661,0.664830207563118,0.03321280284638661,2,True
0.685704395493149,0.7195061573964657,0.03380176190331674,0.6687451735573778,0.03380176190331674,2,True
0.6647424494980763,0.6959287738905163,0.031186324392440068,0.6528989328139236,0.031186324392440068,2,True
0.6673654295002179,0.6989054982141857,0.03154006871396775,0.6548390237705787,0.03154006871396775,2,True
0.6571755477445967,0.6873009648621164,0.030125417117519704,0.6473706014943218,0.030125417117519704,2,True
0.6560516587051245,0.6860144913699477,0.029962832664823247,0.6465581773663845,0.029962832664823247,2,True
0.6578108142639724,0.6880275648850136,0.030216750621041233,0.6478308090939057,0.030216750621041233,2,True
0.6636292153999448,0.6946631996131263,0.031033984213181487,0.6520792247398876,0.031033984213181487,2,True
0.6632019365081228,0.6941771034416148,0.030975166933492004,0.6517651914080554,0.030975166933492004,2,True
0.6672784303609943,0.6988068838141342,0.031528453453139926,0.6547744786173644,0.031528453453139926,2,True
0.677720094760007,0.7105836245034226,0.032863529743415554,0.662617315076897,0.032863529743415554,2,True
0.6823894774331997,0.715810599551053,0.03342112211785331,0.6661872535066268,0.03342112211785331,2,True
0.6870428593939282,0.720994685326106,0.033951825932177826,0.6697835208419738,0.033951825932177826,2,True
0.6778186959180662,0.7106942560980882,0.03287556018002202,0.6626922991795863,0.03287556018002202,2,True
0.6747653461177121,0.7072632974354044,0.032497951317692286,0.6603783104555552,0.032497951317692286,2,True
0.6801409730634017,0.7132966938742147,0.03315572081081297,0.6644633392959377,0.03315572081081297,2,True
0.6753273668772022,0.7078956068732654,0.032568239996063175,0.6608029946797279,0.032568239996063175,2,True
0.6793525334429842,0.712413822889415,0.03306128944643083,0.6638609759768076,0.03306128944643083,2,True
0.6829751571807772,0.7164644562602159,0.03348929907943876,0.6666377659873053,0.03348929907943876,2,True
0.6937380949658424,0.7284087632843801,0.03467066831853771,0.6750253305990351,0.03467066831853771,2,True
0.6806180783864965,0.7138305979518437,0.03321251956534721,0.6648283817184698,0.03321251956534721,2,True
0.6878384128037393,0.7218784374609153,0.03404002465717604,0.6704022006457754,0.03404002465717604,2,True
0.6839810319761629,0.7175864967898015,0.033605464813638575,0.6674129209911956,0.033605464813638575,2,True
0.6802156314772786,0.7133802574188773,0.03316462594159875,0.6645204351710162,0.03316462594159875,2,True
0.6930576441369641,0.7276576983706572,0.034600054233693056,0.6744889564695079,0.034600054233693056,2,True
0.687254863241397,0.7212302656326242,0.033975402391227205,0.6699482803806689,0.033975402391227205,2,True
0.7009305733740905,0.7363132496973763,0.035382676323285844,0.6807452284475427,0.035382676323285844,2,True
0.6898056519283459,0.7240605675355302,0.0342549156071843,0.6719368990827708,0.0342549156071843,2,True
0.6993381054148039,0.7345685954069386,0.03523048999213474,0.6794708737580134,0.03523048999213474,2,True
0.7030768673929783,0.7386596930128475,0.03558282561986925,0.6824699091258969,0.03558282561986925,2,True
0.664109071228244,0.6952088813895021,0.031099810161258068,0.652432286998683,0.031099810161258068,2,True
0.6737521165898882,0.7061224618593386,0.032370345269450373,0.6596140945016977,0.032370345269450373,2,True
0.66955055976584,0.7013796933469422,0.031829133581102176,0.6564645975109594,0.031829133581102176,2,True
0.6628040672873915,0.6937242931658896,0.030920225878498075,0.6514730648613448,0.030920225878498075,2,True
0.6529768333094397,0.6824883828962179,0.029511549586778263,0.64434695838587,0.029511549586778263,2,True
0.6753436790091942,0.7079139538113575,0.032570274802163235,0.6608153291316233,0.032570274802163235,2,True
0.684290130164843,0.7179310564825194,0.033640926317676456,0.667651481918752,0.033640926317676456,2,True
0.690661000711109,0.7250079190891802,0.034346918378071134,0.6726063267090806,0.034346918378071134,2,True
0.6752075435214254,0.7077608274287094,0.03255328390728396,0.6607124045044662,0.03255328390728396,2,True
0.6721115130268999,0.7042728327583073,0.032161319731407456,0.6583805594932074,0.032161319731407456,2,True
0.6730832897929065,0.7053687798780665,0.03228549008515991,0.6591106400906562,0.03228549008515991,2,True
0.6782875571662172,0.7112201734115924,0.032932616245375135,0.6630490947763604,0.032932616245375135,2,True
0.6801015550395404,0.7132525715702864,0.033151016530746036,0.6644331979088272,0.033151016530746036,2,True
0.6543303170834329,0.6840416746072645,0.029711357523831583,0.6453182269447014,0.029711357523831583,2,True
0.6785711853875293,0.7115381959027196,0.032967010515190354,0.6632651208395304,0.032967010515190354,2,True
0.6610690438947875,0.6917477518182323,0.030678707923444848,0.650202452309844,0.030678707923444848,2,True
0.6507236768114827,0.6798985990756334,0.02917492226415075,0.6427373023620563,0.02917492226415075,2,True
0.6549772274196535,0.6847834415266704,0.029806214107016893,0.6457836042031195,0.029806214107016893,2,True
0.6511909854258575,0.6804361333888749,0.02924514796301736,0.6430704060328626,0.02924514796301736,2,True
0.6608804731110451,0.6915327431644587,0.030652270053413533,0.6500646783857387,0.030652270053413533,2,True
0.6755850531340901,0.7081854026902769,0.032600349556186736,0.6609978999565743,0.032600349556186736,2,True
0.6741926590799019,0.7066186262400949,0.03242596716019297,0.6599461440153579,0.03242596716019297,2,True
0.673958073150084,0.7063544488019238,0.032396375651839726,0.6597692869236728,0.032396375651839726,2,True
0.6687855710933595,0.7005140926198218,0.03172852152646233,0.655894537383103,0.03172852152646233,2,True
0.6852504623416013,0.7190008551405407,0.03375039279893943,0.6683937466387354,0.03375039279893943,2,True
0.6760389956378386,0.7086957292290481,0.032656733591209464,0.6613415340480872,0.032656733591209464,2,True
0.6701446102642411,0.7020514362617049,0.03190682599746375,0.656907994252525,0.03190682599746375,2,True
0.6570410279874108,0.6871470524204504,0.030106024433039558,0.6472732430800426,0.030106024433039558,2,True
0.6591082601278829,0.689510270130046,0.030402010002163027,0.6487729497821008,0.030402010002163027,2,True
0.6711337411311752,0.703169077492495,0.03203533636131983,0.6576476692614572,0.03203533636131983,2,True
0.6707612459696723,0.7027483120946062,0.03198706612493385,0.6573689120977341,0.03198706612493385,2,True
0.6642727085503561,0.6953949107854585,0.031122202235102314,0.6525527795996872,0.031122202235102314,2,True
0.660898725877497,0.6915535566025504,0.030654830725053372,0.6500780114913334,0.030654830725053372,2,True
0.6507356761960171,0.6799124043528493,0.029176728156832143,0.6427458508233589,0.029176728156832143,2,True
0.6573934484972833,0.6875502397855361,0.03015679128825277,0.6475283750031186,0.03015679128825277,2,True
0.658994864690729,0.6893807518284616,0.030385887137732603,0.6486904883052332,0.030385887137732603,2,True
0.6695464972692873,0.7013750982210653,0.031828600951777974,0.6564615674408247,0.031828600951777974,2,True
0.6761833006387988,0.708857910009834,0.03267460937103517,0.6614508495496716,0.03267460937103517,2,True
0.6806855523519663,0.7139060836201386,0.03322053126817237,0.6648800400041938,0.03322053126817237,2,True
0.6857374812607918,0.7195429778941629,0.03380549663337107,0.6687708022893321,0.03380549663337107,2,True
0.6841959974103269,0.7178261360220354,0.03363013861170849,0.6675788125930207,0.03363013861170849,2,True
0.6879459839642766,0.7219978772882142,0.03405189332393754,0.6704859421070561,0.03405189332393754,2,True
0.6627954918833368,0.693714531774359,0.030919039891022293,0.6514667716615161,0.030919039891022293,2,True
0.6639449827467012,0.6950223107561521,0.031077328009450844,0.652311509992148,0.031077328009450844,2,True
0.6648159289817444,0.6960122626237837,0.03119633364203933,0.6529531154995442,0.03119633364203933,2,True
0.6648014950597566,0.6959958629884414,0.031194367928684796,0.6529424713811637,0.031194367928684796,2,True
0.6615677196976257,0.6923161649132263,0.030748445215600606,0.6505671003529806,0.030748445215600606,2,True
0.6537201422316713,0.6833416476905365,0.029621505458865216,0.6448799584387205,0.029621505458865216,2,True
0.6593923653578581,0.6898347123060637,0.03044234694820569,0.6489796522784904,0.03044234694820569,2,True
0.6596711889156233,0.69015304236069,0.03048185344506671,0.6491826515800356,0.03048185344506671,2,True
0.6678317888053554,0.6994339827065718,0.031602193901216324,0.6551852477655847,0.031602193901216324,2,True
0.656191508599383,0.686174641714456,0.029983133115072946,0.6466591481406597,0.029983133115072946,2,True
0.6741670943540411,0.7065898396516955,0.03242274529765443,0.6599268657179997,0.03242274529765443,2,True
0.6709350269341329,0.7029446315337924,0.032009604599659514,0.6574989305778123,0.032009604599659514,2,True
0.6789319357199889,0.7119425611088663,0.033010625388877446,0.6635400937604413,0.033010625388877446,2,True
0.6869339606295704,0.7208736556611667,0.03393969503159633,0.6696989208457268,0.03393969503159633,2,True
0.6888523475253828,0.7230037007109377,0.034151353185554845,0.6711923403809236,0.034151353185554845,2,True
0.6852210990014301,0.718968160637886,0.03374706163645591,0.6683710266808999,0.03374706163645591,2,True
0.681444899992747,0.7147552352317336,0.03331033523898652,0.6654619570931121,0.03331033523898652,2,True
0.6847806405836654,0.718477613317364,0.03369697273369865,0.6680304048234152,0.03369697273369865,2,True
0.6748983511132919,0.7074129683739737,0.03251461726068183,0.660478763358928,0.03251461726068183,2,True
0.6778894648722286,0.710773652887637,0.03288418801540849,0.6627461281321261,0.03288418801540849,2,True
0.6725697906561721,0.7047897971097723,0.032220006453600236,0.6587246470890673,0.032220006453600236,2,True
0.665855222186888,0.697192513672951,0.03133729148606301,0.6537205029512051,0.03133729148606301,2,True
0.6629404860620367,0.6938795684489893,0.030939082386952643,0.6515731955814675,0.030939082386952643,2,True
0.6738915200831862,0.7062794893832507,0.03238796930006449,0.659719129598608,0.03238796930006449,2,True
0.6795516003281857,0.7126367987640022,0.033085198435816476,0.66401295763956,0.033085198435816476,2,True
0.668130459150392,0.6997723170788731,0.031641857928481065,0.6554071829949487,0.031641857928481065,2,True
0.65702418651577,0.6871277817518466,0.03010359523607664,0.6472610563633993,0.03010359523607664,2,True
0.6763741200454674,0.7090723313515896,0.03269821130612227,0.6615954579951523,0.03269821130612227,2,True
0.6820662857175838,0.7154496169993277,0.03338333128174398,0.6659389113367008,0.03338333128174398,2,True
0.6774827570034271,0.7103172839437759,0.03283452694034883,0.6624368955868895,0.03283452694034883,2,True
0.6759611437957372,0.7086082238106444,0.032647080014907126,0.6612825742433533,0.032647080014907126,2,True
0.6729196149605902,0.7051842640864219,0.03226464912583171,0.6589875561941455,0.03226464912583171,2,True
0.6774990639982222,0.7103355856937132,0.032836521695491006,0.6624492886394274,0.032836521695491006,2,True
0.68009414190197,0.7132442735259226,0.03315013162395253,0.6644275296874592,0.03315013162395253,2,True
0.6808579773471873,0.7140989583150981,0.03324098096791073,0.6650120859055193,0.03324098096791073,2,True
0.676443150074016,0.709149889464567,0.03270673939055102,0.6616477868844884,0.03270673939055102,2,True
0.6799666999773186,0.7131016090534582,0.033134909076139585,0.6643301005238981,0.033134909076139585,2,True
0.6799017950312005,0.7130289442966435,0.03312714926544302,0.6642804918853761,0.03312714926544302,2,True
0.6750625533258231,0.7075977184705026,0.03253516514467947,0.6606028215465493,0.03253516514467947,2,True
0.6584259368613047,0.6887307337094387,0.03030479684813403,0.648277107467586,0.03030479684813403,2,True
0.6550336849489282,0.6848481576034581,0.029814472654529856,0.6458242541718288,0.029814472654529856,2,True
0.6513426620538808,0.6806105577062445,0.02926789565236365,0.6431786065639958,0.02926789565236365,2,True
0.6519762673153251,0.6813389444498182,0.029362677134493143,0.6436310395420102,0.029362677134493143,2,True
0.6521366024123157,0.6815232017921349,0.029386599379819134,0.6437456417775295,0.029386599379819134,2,True
0.6566261182425603,0.6866722129682669,0.030046094725706518,0.6469731555884554,0.030046094725706518,2,True
0.6582503220217297,0.6885300213877005,0.030279699365970747,0.6481496226051962,0.030279699365970747,2,True
0.6500955890658612,0.6791757894607677,0.029080200394906552,0.642290204791074,0.029080200394906552,2,True
0.6526889160033651,0.6821577279297412,0.02946881192637607,0.64414076717508,0.02946881192637607,2,True
0.6555244232762951,0.6854105461875996,0.029886122911304436,0.6461778292209525,0.029886122911304436,2,True
0.6619117681556498,0.6927081761781044,0.030796408022454647,0.650818937551212,0.030796408022454647,2,True
0.6864206439627593,0.7203029701709109,0.03388232620815168,0.6693004253127726,0.03388232620815168,2,True
0.6821885028297371,0.7155861391020261,0.03339763627228898,0.6660328017584084,0.03339763627228898,2,True
0.6849164507619793,0.7186288919060346,0.03371244114405536,0.6681353947941305,0.03371244114405536,2,True
0.6985567907002758,0.7337114718596736,0.035154681159397794,0.6788472839851828,0.035154681159397794,2,True
0.696205003210239,0.7311269869318433,0.034921983721604266,0.6769768043465325,0.034921983721604266,2,True
0.6991642492906693,0.7343779353626841,0.035213686072014805,0.6793320203029779,0.035213686072014805,2,True
0.6984385645181386,0.733581709250585,0.035143144732446396,0.6787530187974119,0.035143144732446396,2,True
0.6903139911705127,0.7246236895108098,0.03430969834029707,0.6723345873960053,0.03430969834029707,2,True
0.6911425332190365,0.7255408628220291,0.034398329602992606,0.6729837641021409,0.034398329602992606,2,True
0.6754853825807232,0.7080733212602264,0.03258793867950316,0.660922498479879,0.03258793867950316,2,True
0.6666592788743975,0.6981048352445554,0.03144555637015789,0.6543155152641179,0.03144555637015789,2,True
0.6760684192894811,0.7087287996273927,0.03266038033791152,0.6613638203696327,0.03266038033791152,2,True
0.6541316962237754,0.6838138462231961,0.02968214999942065,0.6451754914601828,0.02968214999942065,2,True
0.6895254271121544,0.7237500122215881,0.034224585109433714,0.6717178676249969,0.034224585109433714,2,True
0.6762255282240982,0.7089053641260049,0.032679835901906706,0.6614828452532545,0.032679835901906706,2,True
0.6627303682690431,0.6936403989840456,0.030910030715002534,0.6514189839035552,0.030910030715002534,2,True
0.6649013221079983,0.6961092806781225,0.03120795857012415,0.6530160951884131,0.03120795857012415,2,True
0.6648133789310948,0.6960093653052731,0.03119598637417831,0.6529512349690949,0.03119598637417831,2,True
0.6548334088122894,0.6846185708873089,0.029785162075019578,0.6456800790138472,0.029785162075019578,2,True
0.6510491012558474,0.6802729498164174,0.02922384856057003,0.642969228104998,0.02922384856057003,2,True
0.6576584206529835,0.6878532987139344,0.03019487806095089,0.6477203448260308,0.03019487806095089,2,True
0.6618368810615503,0.6926228597765308,0.030785978714980566,0.6507641036466713,0.030785978714980566,2,True
0.6656825758769581,0.6969965310197828,0.031313955142824645,0.6535928923446247,0.031313955142824645,2,True
0.6560754883757083,0.6860417815200094,0.029966293144301104,0.6465753797862842,0.029966293144301104,2,True
0.6568592783565866,0.6869390722378899,0.03007979388130322,0.6471417532309708,0.03007979388130322,2,True
0.6596621815704464,0.690142760013963,0.030480578443516593,0.6491760915636063,0.030480578443516593,2,True
0.6555305201097278,0.6854175316712121,0.029887011561484322,0.6461822246581921,0.029887011561484322,2,True
0.6756067990592265,0.7082098549216871,0.032603055862460595,0.6610143532492804,0.032603055862460595,2,True
0.668930365484681,0.7006779790941823,0.03174761360950129,0.6560023565556693,0.03174761360950129,2,True
0.6575111294957315,0.6876848449064971,0.030173715410765523,0.6476136183670101,0.030173715410765523,2,True
0.6604870521050432,0.6910840455353615,0.030596993430318298,0.6497774399519006,0.030596993430318298,2,True
0.668152052733327,0.6997967746120116,0.03164472187868461,0.6554232348489731,0.03164472187868461,2,True
0.6610029479741114,0.6916723933562667,0.030669445382155325,0.6501541539941421,0.030669445382155325,2,True
0.6590552796187095,0.6894497583510654,0.0303944787323559,0.6487344193635026,0.0303944787323559,2,True
0.6562191509761912,0.68620629429551,0.029987143319318843,0.646679109884282,0.029987143319318843,2,True
0.6678894264999072,0.6994992822761571,0.03160985577624986,0.6552280646937075,0.03160985577624986,2,True
0.6547771982525032,0.6845541266611129,0.029776928408609682,0.6456396268667965,0.029776928408609682,2,True
0.6500523897776626,0.679126061214946,0.029073671437283455,0.6422594796149498,0.029073671437283455,2,True
0.6521817976744358,0.6815751356958925,0.029393338021456605,0.643777954116125,0.029393338021456605,2,True
0.6520305606978902,0.6814013413157343,0.02937078061784404,0.6436698415422754,0.02937078061784404,2,True
0.6580303286979372,0.6882785439882362,0.030248215290298974,0.6479899992331967,0.030248215290298974,2,True
0.6705097321662044,0.7024641199233654,0.031954387757161085,0.65718083097466,0.031954387757161085,2,True
0.6705024467997887,0.702455886965241,0.03195344016545232,0.6571753846796523,0.03195344016545232,2,True
0.6682290819091675,0.6998840160528115,0.031654934143643954,0.6554805021818532,0.031654934143643954,2,True
0.6592342058553631,0.6896541077081602,0.030419901852797082,0.6488645646596173,0.030419901852797082,2,True
0.6908797660675758,0.7252500753821692,0.034370309314593395,0.6727777494469335,0.034370309314593395,2,True
0.6939410918528387,0.7286327182577814,0.03469162640494272,0.6751855049204358,0.03469162640494272,2,True
0.6701523578392894,0.7020601945636168,0.0319078367243274,0.6569137811537014,0.0319078367243274,2,True
0.6767354374126787,0.7094782272300475,0.03274278981736878,0.6618694520389244,0.03274278981736878,2,True
0.6915740143560921,0.7260181763509366,0.03444416199484446,0.6733223201373811,0.03444416199484446,2,True
0.6918487638039654,0.726321994029942,0.03447323022597659,0.6735380711778597,0.03447323022597659,2,True
0.682958347243007,0.7164456950508894,0.03348734780788243,0.6666248270643519,0.03348734780788243,2,True
0.6820922131115164,0.7154785805197299,0.033386367408213546,0.6659588272280959,0.033386367408213546,2,True
0.6729291948205602,0.7051950645784211,0.03226586975786083,0.6589947589613929,0.03226586975786083,2,True
0.6649742062408416,0.6961920807310815,0.03121787449023994,0.65306985941797,0.03121787449023994,2,True
0.6542651250405486,0.6839669002966163,0.029701775256067764,0.6452713700658222,0.029701775256067764,2,True
0.6542201203739508,0.6839152781396517,0.029695157765700864,0.6452390273023386,0.029695157765700864,2,True
0.6585733525379842,0.6888991925630064,0.030325840025022144,0.6483841639147802,0.030325840025022144,2,True
0.6745589507199266,0.7070310010809101,0.03247205036098355,0.6602224912323597,0.03247205036098355,2,True
0.6530358231415808,0.6825561189177498,0.029520295776168992,0.6443892219870323,0.029520295776168992,2,True
0.6635564747534729,0.6945804593621241,0.03102398460865119,0.6520257402760173,0.03102398460865119,2,True
0.6642563571161294,0.6953763230966745,0.031119965980545117,0.652540737254334,0.031119965980545117,2,True
0.6705683066702791,0.702530310983044,0.03196200431276486,0.6572246227337827,0.03196200431276486,2,True
0.6793895654931377,0.7124553060959548,0.033065740602817084,0.6638892435150091,0.033065740602817084,2,True
0.6530163718054796,0.6825337839887401,0.02951741218326054,0.6443752852828909,0.02951741218326054,2,True
0.6633029212542035,0.6942920065879072,0.030989085333703703,0.6518393819708961,0.030989085333703703,2,True
0.6585853675051797,0.6889129216549734,0.030327554149793712,0.6483928911460822,0.030327554149793712,2,True
0.6532271416327153,0.6827757797824215,0.029548638149706208,0.6445263357771462,0.029548638149706208,2,True
0.6565130676120237,0.6865428031057806,0.03002973549375698,0.6468914436794111,0.03002973549375698,2,True
0.66385591708375,0.6949210301214961,0.03106511303774606,0.6522459734268725,0.03106511303774606,2,True
0.659052808253637,0.6894469356070188,0.03039412735338176,0.6487326221690545,0.03039412735338176,2,True
0.6575870500183064,0.6877716763679094,0.03018462634960295,0.6476686251934446,0.03018462634960295,2,True
0.6807640072213715,0.7139938474957455,0.03322984027437392,0.6649401154821454,0.03322984027437392,2,True
0.6811095311826285,0.7143802855623729,0.03327075437974436,0.6652048247791159,0.03327075437974436,2,True
0.6518049589423693,0.6811420487243098,0.029337089781940495,0.6435086444717145,0.029337089781940495,2,True
0.677047126011428,0.7098282534855708,0.032781127474142746,0.662105998075218,0.032781127474142746,2,True
0.6750055552833466,0.7075335912281621,0.03252803594481546,0.6605597529081827,0.03252803594481546,2,True
0.6529134417616819,0.6824155887031357,0.02950214694145381,0.644301548046439,0.02950214694145381,2,True
0.6671726945223759,0.6986870202540544,0.03151432573167845,0.6546960507156082,0.03151432573167845,2,True
0.6712919072638426,0.7033476939127674,0.03205578664892483,0.6577661076675608,0.03205578664892483,2,True
0.6695249791587363,0.7013507585969151,0.03182577943817877,0.6564455183450114,0.03182577943817877,2,True
0.6756637878804711,0.7082739335633134,0.03261014568284226,0.661057475833556,0.03261014568284226,2,True
0.6694992485021872,0.7013216534070041,0.031822404904816914,0.6564263284390218,0.031822404904816914,2,True
0.6600770468808291,0.6906162634244327,0.030539216543603587,0.6494783861142236,0.030539216543603587,2,True
0.663152079190295,0.6941203705069525,0.03096829131665757,0.6517285693682342,0.03096829131665757,2,True
0.6665331358391622,0.6979617528733613,0.03142861703419908,0.6542220917795606,0.03142861703419908,2,True
0.6595901217941376,0.6900604970788446,0.030470375284707085,0.6491236158856322,0.030470375284707085,2,True
0.674784712133853,0.7072850912987018,0.032500379164848714,0.6603929348112357,0.032500379164848714,2,True
0.6744273873881573,0.7068829028983437,0.03245551551018633,0.6601232063690102,0.03245551551018633,2,True
0.6715072969214523,0.7035908886261605,0.0320835917047082,0.6579274678738036,0.0320835917047082,2,True
0.6693453261733944,0.7011475294289388,0.03180220325554439,0.6563115578519736,0.03180220325554439,2,True
0.6541075467942733,0.6837861429035421,0.029678596109268818,0.6451581416676316,0.029678596109268818,2,True
0.651915097156517,0.6812686409582791,0.02935354380176214,0.6435873291754065,0.02935354380176214,2,True
0.6619443720359903,0.6927453188812325,0.03080094684524215,0.650842813913001,0.03080094684524215,2,True
0.6537721575771426,0.6834013370445484,0.029629179467405842,0.6449172935417783,0.029629179467405842,2,True
0.6624174337302412,0.6932841113465191,0.030866677616277927,0.6511894574619,0.030866677616277927,2,True
0.6681204967263482,0.6997610331723678,0.03164053644601961,0.6553997775846113,0.03164053644601961,2,True
0.6782802051979582,0.7112119286942629,0.03293172349630469,0.6630434970350266,0.03293172349630469,2,True
0.6518110254031131,0.6811490217891607,0.029337996386047616,0.643512977898223,0.029337996386047616,2,True
0.6539487023433167,0.6836039080562228,0.02965520571290614,0.6450440481109772,0.02965520571290614,2,True
0.6711162283212282,0.7031492986598108,0.0320330703385826,0.6576345580048858,0.0320330703385826,2,True
0.683629260339784,0.7171942331445156,0.033564972804731585,0.6671416314869582,0.033564972804731585,2,True
0.6777110447150163,0.7105734697028407,0.032862424987824435,0.6626104335744093,0.032862424987824435,2,True
0.6838001290327067,0.7173847882329546,0.03358465920024789,0.667273379510038,0.03358465920024789,2,True
0.6650792896150036,0.6963114508441722,0.03123216122916861,0.6531473925931518,0.03123216122916861,2,True
0.6648742358269298,0.6960785078625956,0.03120427203566578,0.6529961169359811,0.03120427203566578,2,True
0.655036564543733,0.6848514583368859,0.02981489379315283,0.6458263276599017,0.02981489379315283,2,True
0.6681805193732296,0.6998290160062386,0.03164849663300895,0.6554443971406788,0.03164849663300895,2,True
0.6691897829827472,0.7009715457818291,0.03178176279908185,0.6561956214729978,0.03178176279908185,2,True
0.6823977622366941,0.7158198515167713,0.03342208928007717,0.6661936220331558,0.03342208928007717,2,True
0.6664131994945997,0.6978256949112821,0.03141249541668245,0.6541332913007368,0.03141249541668245,2,True
0.6653772027063164,0.6966498034468522,0.03127260074053584,0.6533673071361102,0.03127260074053584,2,True
0.6697448734999233,0.7015994624242754,0.03185458892435211,0.6566095634039701,0.03185458892435211,2,True
0.6695175551625379,0.7013423610294921,0.03182480586695424,0.6564399814129357,0.03182480586695424,2,True
0.678144760208977,0.7110600256938269,0.03291526548484991,0.6629403872839129,0.03291526548484991,2,True
0.650393910677405,0.6795191487204447,0.02912523804303968,0.6425024744067072,0.02912523804303968,2,True
0.6705608360487727,0.7025218691503052,0.03196103310153253,0.6572190371715932,0.03196103310153253,2,True
0.6646697543663314,0.6958461707327223,0.031176416366390902,0.6528453379433186,0.031176416366390902,2,True
0.6585891205147913,0.6889172100604292,0.030328089545637815,0.6483956172471558,0.030328089545637815,2,True
0.659323457534272,0.6897560286321791,0.03043257109790709,0.648929504789165,0.03043257109790709,2,True
0.6560285066425906,0.6859879766809119,0.029959470038321334,0.6465414650723662,0.029959470038321334,2,True
0.6723981172136281,0.7045961663400241,0.03219804912639601,0.6585957061561044,0.03219804912639601,2,True
0.665263424335128,0.6965205916075452,0.03125716727241723,0.6532832991915878,0.03125716727241723,2,True
0.6661179399110186,0.697490681700453,0.03137274178943439,0.6539147910362576,0.03137274178943439,2,True
0.6574552527850224,0.6876209341200807,0.03016568133505837,0.6475731404640944,0.03016568133505837,2,True
0.6516328154462223,0.680944164158344,0.02931134871212171,0.643385705282897,0.02931134871212171,2,True
0.6529017013917214,0.6824021064899355,0.029500405098214055,0.6442931386527498,0.029500405098214055,2,True
0.6505916365040223,0.6797466776082227,0.02915504110420042,0.6426432526550848,0.02915504110420042,2,True
0.6582849496272984,0.6885696001867424,0.03028465055944396,0.6481747556374803,0.03028465055944396,2,True
0.659202409879218,0.6896177963301837,0.030415386450965753,0.6488414331119637,0.030415386450965753,2,True
0.6691412632903279,0.700916644592232,0.03177538130190416,0.6561594654156547,0.03177538130190416,2,True
0.6695100575441314,0.7013338801245006,0.0318238225803692,0.6564343896717156,0.0318238225803692,2,True
0.6835795484157641,0.7171387873826401,0.03355923896687607,0.6671033109372602,0.03355923896687607,2,True
0.6826644895707664,0.7161176741604298,0.0334531845896634,0.6663987204760281,0.0334531845896634,2,True
0.6805728976312304,0.7137800496296709,0.03320715199844049,0.6647937957107143,0.03320715199844049,2,True
0.6781891708973017,0.7111098350399784,0.03292066414267669,0.6629741920655273,0.03292066414267669,2,True
0.6845362924896992,0.7182053806151822,0.03366908812548308,0.6678415906583939,0.03366908812548308,2,True
0.6852604736789031,0.7190120019973459,0.03375152831844286,0.6684014932863848,0.03375152831844286,2,True
0.6799453907995716,0.7130777527534023,0.033132361953830736,0.6643138125064855,0.033132361953830736,2,True
0.6677664350922946,0.69935993709461,0.031593502002315366,0.6551367060353103,0.031593502002315366,2,True
0.6547702113313205,0.6845461160822032,0.029775904750882654,0.6456345990944014,0.029775904750882654,2,True
0.6651108852144347,0.6963473397744512,0.031236454560016447,0.6531707084653434,0.031236454560016447,2,True
0.6542172270106151,0.6839119592669273,0.02969473225631214,0.6452369480996897,0.02969473225631214,2,True
0.6507972274867311,0.6799832168334086,0.029185989346677488,0.6427897044987113,0.029185989346677488,2,True
0.6707744389313818,0.7027632172701627,0.03198877833878089,0.6573787808515723,0.03198877833878089,2,True
0.6767588418661105,0.7095045142184768,0.03274567235236636,0.661887208098581,0.03274567235236636,2,True
0.671821032122997,0.7039450335718959,0.03212400144889882,0.6581626516811647,0.03212400144889882,2,True
0.6834808946017569,0.717028746239246,0.03354785163748908,0.6670272764308792,0.03354785163748908,2,True
0.6849068073398229,0.7186181508322608,0.03371134349243787,0.668127938729349,0.03371134349243787,2,True
0.679108823341942,0.7121407806026889,0.033031957260746925,0.6636750064621384,0.033031957260746925,2,True
0.6864181402766294,0.7203001859132867,0.03388204563665731,0.6692984828111214,0.03388204563665731,2,True
0.6875504933229489,0.7215586838589585,0.034008190536009564,0.670178163739694,0.034008190536009564,2,True
0.675846514010942,0.7084793676660076,0.03263285365506563,0.6611957808846854,0.03263285365506563,2,True
0.7017787641922858,0.737241220236566,0.03546245604428022,0.6814258238000966,0.03546245604428022,2,True
0.6880979695739612,0.7221666087045713,0.03406863913061009,0.6706042941731797,0.03406863913061009,2,True
0.6792886966818792,0.7123423094566593,0.03305361277478014,0.6638122534211789,0.03305361277478014,2,True
0.6545480704353305,0.6842914037944631,0.029743333359132595,0.6454747922603988,0.029743333359132595,2,True
0.6827059319665568,0.7161639405873784,0.0334580086208216,0.6664305987191522,0.0334580086208216,2,True
0.678811288535634,0.7118073440433371,0.032996055507703126,0.663448107711636,0.032996055507703126,2,True
0.6780017345565881,0.7108995983912995,0.03289786383471138,0.6628315420297314,0.03289786383471138,2,True
0.6735130311100983,0.7058531000022721,0.03234006889217378,0.659434033351167,0.03234006889217378,2,True
0.6740386053944549,0.7064451465505419,0.03240654115608699,0.6598299901021102,0.03240654115608699,2,True
0.6839453687087579,0.7175467348986494,0.03360136618989151,0.6673854071322485,0.03360136618989151,2,True
0.6884622111206276,0.7225708715644343,0.03410866044380678,0.6708880982940352,0.03410866044380678,2,True
0.6842738259881385,0.7179128845676543,0.03363905857951588,0.667638894167445,0.03363905857951588,2,True
0.689616594273978,0.7238510572050455,0.034234462931067466,0.6717891110764899,0.034234462931067466,2,True
0.6895458461410715,0.7237726444775788,0.034226798336507325,0.6717338229865512,0.034226798336507325,2,True
0.6851788151455811,0.7189210780693764,0.03374226292379534,0.6683383121346769,0.03374226292379534,2,True
0.673474654256488,0.7058098574395493,0.03233520318306127,0.6594051402645794,0.03233520318306127,2,True
0.6714872505783971,0.7035682566066089,0.032081006028211845,0.6579124465778989,0.032081006028211845,2,True
0.6621953039280662,0.6930311462160922,0.03083584228802594,0.6510266387380895,0.03083584228802594,2,True
0.6684634706874399,0.7001494399669345,0.03168596927949452,0.6556548233775802,0.03168596927949452,2,True
0.6564878388334836,0.6865139217823132,0.03002608294882958,0.6468732116617919,0.03002608294882958,2,True
0.661474359683833,0.6922097686162267,0.030735408932393793,0.6504987988241956,0.030735408932393793,2,True
0.6583751533712981,0.6886726958794439,0.03029754250814576,0.6482402363475832,0.03029754250814576,2,True
0.673691349052527,0.7060540050752171,0.03236265602269006,0.6595683193439555,0.03236265602269006,2,True
0.6605127239997443,0.6911133292748997,0.0306006052751554,0.6497961747250578,0.0306006052751554,2,True
0.6536885329434536,0.6833053736603865,0.029616840716932824,0.6448572725600333,0.029616840716932824,2,True
0.6583333687127952,0.6886249403759067,0.030291571663111472,0.6482099022260794,0.030291571663111472,2,True
0.660632421542264,0.6912498583817676,0.030617436839503576,0.6498835427748119,0.030617436839503576,2,True
0.6502560365792079,0.6793604704884383,0.029104433909230343,0.6424043509494187,0.029104433909230343,2,True
0.651643401169832,0.680956333630731,0.029312932460899055,0.6433932637362403,0.029312932460899055,2,True
0.657017453503796,0.6871200774966336,0.030102623992837585,0.6472561844059684,0.030102623992837585,2,True
0.6612158443328886,0.6919151083577825,0.03069926402489387,0.6503097516714756,0.03069926402489387,2,True
0.6600896312035357,0.6906306236769643,0.030540992473428563,0.6494875605516904,0.030540992473428563,2,True
0.6566894512067059,0.6867447050229575,0.030055253816251626,0.6470189419758322,0.030055253816251626,2,True
0.6604644450956915,0.6910582573240165,0.030593812228325024,0.6497609428335233,0.030593812228325024,2,True
0.658537701685164,0.6888584546850909,0.03032075299992687,0.6483582699539517,0.03032075299992687,2,True
0.6558939644912699,0.6858338828323512,0.02993991834108134,0.64644436480928,0.02993991834108134,2,True
0.6708152770372944,0.7028093542382607,0.031994077200966364,0.6574093310115329,0.031994077200966364,2,True
0.6613961004911422,0.6921205747603515,0.030724474269209323,0.6504415568882824,0.030724474269209323,2,True
0.6526186460883907,0.682077014927708,0.029458368839317295,0.644090465936043,0.029458368839317295,2,True
0.6593950042840174,0.6898377255158472,0.030442721231829784,0.6489815729179648,0.030442721231829784,2,True
0.6588688774501247,0.6892368359431026,0.03036795849297791,0.6485988968420665,0.03036795849297791,2,True
0.6566783163746607,0.6867319601866619,0.030053643812001263,0.6470108915638474,0.030053643812001263,2,True
0.6534735654782454,0.683058656081245,0.02958509060299963,0.6447030382575357,0.02958509060299963,2,True
0.653674346696863,0.6832890935556479,0.029614746858784957,0.6448470917165678,0.029614746858784957,2,True
0.6594484884460158,0.6898987938914531,0.030450305445437365,0.6490205019473128,0.030450305445437365,2,True
0.6646394797304793,0.6958117681493777,0.03117228841889841,0.6528230205788109,0.03117228841889841,2,True
0.6708961751254748,0.7029007437120455,0.032004568586570636,0.6574698579868926,0.032004568586570636,2,True
0.6680044331734215,0.6996295663017514,0.03162513312832993,0.6553135165801184,0.03162513312832993,2,True
0.650379197911187,0.6795022167915861,0.029123018880399032,0.6424920018844491,0.029123018880399032,2,True
0.6500302487460963,0.6791005731803967,0.029070324434300465,0.6422437332549896,0.029070324434300465,2,True
0.6508583864065373,0.6800535742509687,0.029195187844431425,0.6428332852910689,0.029195187844431425,2,True
0.6513651694201555,0.6806364386974348,0.0292712692772793,0.6431946659765954,0.0292712692772793,2,True
0.6678560054112874,0.6994614189015048,0.03160541349021739,0.6552032366740245,0.03160541349021739,2,True
0.672828768954348,0.7050818377718068,0.03225306881745882,0.6589192603159547,0.03225306881745882,2,True
0.6681291988823158,0.6997708896463266,0.0316416907640108,0.6554062461848594,0.0316416907640108,2,True
0.6792500199358147,0.7122989793971738,0.033048959461359106,0.663782737435464,0.033048959461359106,2,True
0.670185282455237,0.70209741370399,0.03191213124875303,0.6569383747484329,0.03191213124875303,2,True
0.6670432117691554,0.6985402205591955,0.03149700879004014,0.6546000359846508,0.03149700879004014,2,True
0.6672064207396536,0.6987252540461139,0.031518833306460214,0.6547210644501268,0.031518833306460214,2,True
0.6665260640779792,0.6979537309654026,0.03142766688742338,0.654216855161149,0.03142766688742338,2,True
0.6591021592268675,0.6895033021220843,0.03040114289521678,0.6487685126080757,0.03040114289521678,2,True
0.6724873336546776,0.704696797764594,0.03220946410991643,0.6586627085321232,0.03220946410991643,2,True
0.6584732785993704,0.6887848357677074,0.030311557168337,0.6483114838486388,0.030311557168337,2,True
0.6560071306202384,0.6859634955067888,0.029956364886550402,0.6465260356573147,0.029956364886550402,2,True
0.6663050223243859,0.6977029636026704,0.031397941278284436,0.6540532192111174,0.031397941278284436,2,True
0.6668104698185547,0.6982763067238227,0.03146583690526794,0.6544275268892125,0.03146583690526794,2,True
0.667892123226357,0.699502337395482,0.031610214169124906,0.6552300681374511,0.031610214169124906,2,True
0.6676150202807223,0.6991883668144661,0.031573346533743774,0.6550242712569491,0.031573346533743774,2,True
0.6586892336449609,0.6890315997893337,0.0303423661443728,0.6484683463976045,0.0303423661443728,2,True
0.6514650690915605,0.6807513063338652,0.029286237242304614,0.6432659570672811,0.029286237242304614,2,True
0.6526930289366434,0.6821624519513501,0.029469423014706675,0.644143711603705,0.029469423014706675,2,True
0.6546718399520329,0.6844333270827662,0.029761487130733233,0.6455638204890343,0.029761487130733233,2,True
0.6577938871038687,0.6880082093903805,0.030214322286511885,0.6478185372082511,0.030214322286511885,2,True
0.6586591440634324,0.6889972203701119,0.030338076306679507,0.6484464853570284,0.030338076306679507,2,True
0.6638620153634581,0.6949279650203094,0.031065949656851277,0.6522504602317359,0.031065949656851277,2,True
0.6688490323424704,0.7005859244368698,0.03173689209439945,0.6559417883504209,0.03173689209439945,2,True
0.6716847226626955,0.7037911804254315,0.03210645776273602,0.658060449179657,0.03210645776273602,2,True
0.6672117997228357,0.6987313518282031,0.03151955210536739,0.6547250540693043,0.03151955210536739,2,True
0.6726727316837499,0.7049058889110719,0.03223315722732201,0.6588019894302247,0.03223315722732201,2,True
0.6644264834502497,0.6955697024421347,0.03114321899188499,0.6526660534977243,0.03114321899188499,2,True
0.6630212412003552,0.6939714767970087,0.03095023559665344,0.6516324850512726,0.03095023559665344,2,True
0.655949837909437,0.6858978779996652,0.029948040090228223,0.6464846852432871,0.029948040090228223,2,True
0.6607189102834443,0.6913484997320293,0.03062958944858496,0.6499466873461507,0.03062958944858496,2,True
0.6621905072328438,0.6930256830915312,0.030835175858687447,0.6510231237803278,0.030835175858687447,2,True
0.6574507475021848,0.6876157809197471,0.03016503341756227,0.6475698770134123,0.03016503341756227,2,True
0.6612473625155227,0.6919510370390476,0.03070367452352485,0.6503327939341986,0.03070367452352485,2,True
0.6725824496017814,0.7048040738720002,0.032221624270218796,0.6587341570768372,0.032221624270218796,2,True
0.6857675920094529,0.7195764864406988,0.033808894431245906,0.6687941282184148,0.033808894431245906,2,True
0.6794368040158374,0.71250822030429,0.03307141628845256,0.6639253054607434,0.03307141628845256,2,True
0.6833988392988942,0.7169372109476625,0.03353837164876827,0.6669640479161142,0.03353837164876827,2,True
0.6829112019837708,0.7163930755025961,0.03348187351882537,0.6665885411582514,0.03348187351882537,2,True
0.6751253853016691,0.7076684051482329,0.032543019846563825,0.6606503050914598,0.032543019846563825,2,True
0.6801287882745963,0.7132830551007617,0.0331542668261654,0.6644540217800642,0.0331542668261654,2,True
0.6883622713599916,0.7224599664349257,0.0340976950749341,0.6708102052905695,0.0340976950749341,2,True
0.6865715382173581,0.7204707605853792,0.03389922236802112,0.669417518205751,0.03389922236802112,2,True
0.6791729420623945,0.7122126229905428,0.03303968092814824,0.6637239237319922,0.03303968092814824,2,True
0.6692532471631728,0.7010433531690909,0.03179010600591814,0.6562429202283238,0.03179010600591814,2,True
0.6846546380349755,0.7183372402315258,0.03368260219655028,0.6679330261025026,0.03368260219655028,2,True
0.6736963185248772,0.7060596035154001,0.03236328499052288,0.6595720625169191,0.03236328499052288,2,True
0.6598892824951236,0.6904019818993298,0.0305126994042062,0.6493415323594374,0.0305126994042062,2,True
0.6676028179614436,0.699174539120399,0.031571721158955346,0.655015212061634,0.031571721158955346,2,True
0.6655613656829582,0.6968589180921928,0.0312975524092346,0.653503332131809,0.0312975524092346,2,True
0.6677436728679391,0.6993341464670354,0.03159047359909628,0.6551198010855069,0.03159047359909628,2,True
0.6799420289360393,0.7130739889933444,0.03313196005730512,0.6643112428850113,0.03313196005730512,2,True
0.6919489592284678,0.7264327675626561,0.03448380833418829,0.673616784500556,0.03448380833418829,2,True
0.6808868651887404,0.7141312689449048,0.03324440375616433,0.6650342138597151,0.03324440375616433,2,True
0.6780259730339298,0.7109267875429919,0.032900814509062126,0.662849985414793,0.032900814509062126,2,True
0.6724814001935553,0.7046901054062938,0.03220870521273855,0.6586582520084504,0.03220870521273855,2,True
0.664943947795896,0.6961577062934633,0.031213758497567246,0.6530475376110605,0.031213758497567246,2,True
0.6558410356270311,0.6857732573433382,0.02993222171630705,0.6464061743989519,0.02993222171630705,2,True
0.6537607636362406,0.6833882623447688,0.02962749870852821,0.6449091148907732,0.02962749870852821,2,True
0.6659356601111699,0.6972838134426852,0.031348153331515305,0.6537799763129905,0.031348153331515305,2,True
0.6627689597739391,0.6936843297587157,0.03091536998477662,0.6514473014692084,0.03091536998477662,2,True
0.6674485326946477,0.6989996889413789,0.031551156246731216,0.6549006910657014,0.031551156246731216,2,True
0.6592294459514688,0.6896486719080304,0.030419225956561546,0.6488611017188851,0.030419225956561546,2,True
0.6531913251484088,0.6827346601127957,0.02954333496438688,0.6445006619332708,0.02954333496438688,2,True
0.6652216441192949,0.6964731406668558,0.031251496547560986,0.6532524566623378,0.031251496547560986,2,True
0.6744866454888508,0.7069496109247411,0.03246296543589022,0.6601679219541129,0.03246296543589022,2,True
0.6793236856621933,0.7123815066003324,0.03305782093813914,0.6638389573960618,0.03305782093813914,2,True
0.6651621003610786,0.6964055119836169,0.031243411622538297,0.6532085062899752,0.031243411622538297,2,True
0.6701914223146886,0.7021043542859301,0.031912931971241454,0.6569429612327474,0.031912931971241454,2,True
0.6675545056731818,0.6991197899633734,0.031565284290191675,0.6549793468515333,0.031565284290191675,2,True
0.6581407192428952,0.6884047391062963,0.030264019863401104,0.6480700859592067,0.030264019863401104,2,True
0.6604380371520119,0.6910281326518604,0.03059009549984848,0.6497416731921742,0.03059009549984848,2,True
0.6578675328423714,0.6880924180660135,0.030224885223642084,0.6478719327528201,0.030224885223642084,2,True
0.6530703764912184,0.682595793759414,0.029525417268195686,0.6444139808042418,0.029525417268195686,2,True
0.6568117478222661,0.6868846764679329,0.030072928645666797,0.6471073761477394,0.030072928645666797,2,True
0.6553788240257632,0.6852437138928924,0.029864889867129207,0.6460728808608982,0.029864889867129207,2,True
0.6567315648279635,0.6867929067911847,0.03006134196322119,0.647049391846581,0.03006134196322119,2,True
0.6523313100265313,0.6817469261258904,0.029415616099359054,0.6438848738023685,0.029415616099359054,2,True
0.6754833315701498,0.7080710147434078,0.032587683173258,0.6609209470613634,0.032587683173258,2,True
0.6843059681210422,0.7179487084731083,0.03364274035206616,0.6676637101738271,0.03364274035206616,2,True
0.6764190876088649,0.709122854889112,0.03270376728024704,0.661629545135268,0.03270376728024704,2,True
0.6723924971266945,0.7045898268861566,0.0321973297594621,0.6585914858923773,0.0321973297594621,2,True
0.6745729069461411,0.7070467101940656,0.03247380324792448,0.6602330251668412,0.03247380324792448,2,True
0.6792857681180967,0.7123390286081923,0.033053260490095604,0.6638100184077725,0.033053260490095604,2,True
0.678413384352209,0.7113612703076365,0.032947885955427525,0.6631449136818786,0.032947885955427525,2,True
0.6644374678831562,0.6955821871866539,0.031144719303497714,0.6526741464759126,0.031144719303497714,2,True
0.6675524078609153,0.6991174125931451,0.031565004732229784,0.6549777896092871,0.031565004732229784,2,True
0.6934963183772828,0.728141960063249,0.03464564168596629,0.6748346528126258,0.03464564168596629,2,True
0.6808772473398124,0.714120511627054,0.03324326428724167,0.6650268464667853,0.03324326428724167,2,True
0.6910624202084394,0.7254522156537778,0.03438979544533838,0.6729209409067785,0.03438979544533838,2,True
0.6786667980088085,0.7116453824952741,0.03297858448646562,0.6633379766356661,0.03297858448646562,2,True
0.6799050527759771,0.713032591640511,0.0331275388645339,0.664282981690947,0.0331275388645339,2,True
0.6796084087801144,0.7127004219477192,0.033092013167604795,0.6640563421285169,0.033092013167604795,2,True
0.6905584227864697,0.7248943536420125,0.03433593085554276,0.6725259767894236,0.03433593085554276,2,True
0.6876927803245865,0.7217167151710397,0.034023934846453274,0.6702888621762368,0.034023934846453274,2,True
0.6786730963308094,0.7116524428697989,0.032979346538989485,0.6633427764603049,0.032979346538989485,2,True
0.6755796845652632,0.7081793659153706,0.03259968135010738,0.6609938381463721,0.03259968135010738,2,True
0.6748937639787855,0.7074078067849783,0.032514042806192744,0.6604752983716086,0.032514042806192744,2,True
0.6801160737517132,0.7132688232007006,0.033152749448987384,0.6644442994663013,0.033152749448987384,2,True
0.6718069808327141,0.7039291747546359,0.03212219392192184,0.658152114737075,0.03212219392192184,2,True
0.6756311918177623,0.708237282759462,0.03260609094169964,0.6610328101761853,0.03260609094169964,2,True
0.6757683052297897,0.7083914441933392,0.032623138963549514,0.6611365775451086,0.032623138963549514,2,True
0.668528637484886,0.700223224897063,0.03169458741217701,0.6557033070177377,0.03169458741217701,2,True
0.6825549303169203,0.7159953523128139,0.03344042199589359,0.6663144602146448,0.03344042199589359,2,True
0.6653649576446553,0.6966358980632882,0.031270940418632875,0.6533582649236854,0.031270940418632875,2,True
0.6749067852928595,0.7074224587187503,0.03251567342589079,0.6604851343892549,0.03251567342589079,2,True
0.6738935572939422,0.7062817839879576,0.03238822669401542,0.659720664813611,0.03238822669401542,2,True
0.6734239846212582,0.705752761028325,0.03232877640706677,0.6593669962244827,0.03232877640706677,2,True
0.6572549432397526,0.687391797594428,0.03013685435467539,0.6474280789273013,0.03013685435467539,2,True
0.6691915730371678,0.7009735712223714,0.03178199818520355,0.6561969554714443,0.03178199818520355,2,True
0.6713964123150501,0.7034656960599134,0.032069283744863286,0.6578443878328849,0.032069283744863286,2,True
0.6674950401941,0.6990523981844395,0.03155735799033954,0.6549352076325982,0.03155735799033954,2,True
0.6594578487749846,0.689909481240963,0.030451632465978373,0.6490273154875003,0.030451632465978373,2,True
0.6690713701970877,0.7008375544110316,0.03176618421394384,0.6561073896167683,0.03176618421394384,2,True
0.6616353307332966,0.6923932111295588,0.03075788039626215,0.6506165737848092,0.03075788039626215,2,True
0.6555685545006131,0.685461108961447,0.02989255446083383,0.6462096465775259,0.02989255446083383,2,True
0.656599972782113,0.6866422852204838,0.030042312438370744,0.6469542558812574,0.030042312438370744,2,True
0.6612280362021914,0.6919290064192086,0.03070097021701723,0.6503186646744094,0.03070097021701723,2,True
0.6597863607907242,0.6902845096118221,0.030498148821097915,0.6492665435467603,0.030498148821097915,2,True
0.6578697147078142,0.6880949127901516,0.030225198082337368,0.6478735148229631,0.030225198082337368,2,True
0.6695406751698959,0.7013685127616069,0.03182783759171104,0.6564572249973438,0.03182783759171104,2,True
0.6634610360669709,0.6944718923543584,0.031010856287387423,0.6519555807516203,0.031010856287387423,2,True
0.6584220938093331,0.6887263417757301,0.03030424796639697,0.6482743170769772,0.03030424796639697,2,True
0.6776745733516871,0.710532545276973,0.032857971925285834,0.662582702836931,0.032857971925285834,2,True
0.6718587937601395,0.7039876517095747,0.03212885794943521,0.6581909705535641,0.03212885794943521,2,True
0.6726406203364576,0.7048696765736367,0.0322290562371792,0.6587778612963426,0.0322290562371792,2,True
0.6776449460926857,0.7104992994991973,0.03285435340651166,0.6625601777054361,0.03285435340651166,2,True
0.6561860831433007,0.6861684290726273,0.02998234592932658,0.646655230346041,0.02998234592932658,2,True
0.6598889368127969,0.6904015873643227,0.030512650551525744,0.6493412804635775,0.030512650551525744,2,True
0.6525656398607224,0.6820161280174905,0.029450488156768095,0.64405252835242,0.029450488156768095,2,True
0.65628100050784,0.6862771138290421,0.02999611332120211,0.6467237789988011,0.02999611332120211,2,True
0.6593983746281077,0.6898415738714804,0.030443199243372687,0.6489840259094543,0.030443199243372687,2,True
0.6521702379075834,0.6815618525516457,0.02939161464406226,0.643769689118793,0.02939161464406226,2,True
0.659535393949341,0.6899980165893826,0.030462622640041626,0.6490837679086593,0.030462622640041626,2,True
0.6768271731640944,0.7095812578030593,0.0327540846389649,0.6619390540011124,0.0327540846389649,2,True
0.6776717048189599,0.7105293264399126,0.03285762162095274,0.6625805218691158,0.03285762162095274,2,True
0.6797002082968507,0.7128032259575309,0.033103017660680134,0.6641264613425393,0.033103017660680134,2,True
0.6809081377250152,0.714155061356322,0.03324692363130677,0.6650505094734581,0.03324692363130677,2,True
0.6855185219358783,0.7192992786243766,0.03378075668849834,0.6686012292881883,0.03378075668849834,2,True
0.6886309904738974,0.7227581425688266,0.034127152094929225,0.6710196851592107,0.034127152094929225,2,True
0.6854298955620809,0.7192006225574825,0.03377072699540162,0.6685326168437373,0.03377072699540162,2,True
0.6851010295789595,0.7188344593285113,0.033733429749551846,0.6682781386139292,0.033733429749551846,2,True
0.6930212843710744,0.7276175496756484,0.03459626530457405,0.6744603185829298,0.03459626530457405,2,True
0.6796770320935415,0.7127772724052022,0.0331002403116607,0.6641087572521902,0.0331002403116607,2,True
0.689068613205739,0.723243554869048,0.03417494166330903,0.6713611085354761,0.03417494166330903,2,True
0.6571536838962999,0.6872759503176024,0.030122266421302446,0.6473547753869581,0.030122266421302446,2,True
0.6696039137246499,0.7014400408215056,0.03183612709685568,0.656504395033816,0.03183612709685568,2,True
0.6685767533749634,0.7002777010430388,0.03170094766807541,0.6557391097474884,0.03170094766807541,2,True
0.6630195994906598,0.693969608416433,0.030950008925773154,0.6516312796119331,0.030950008925773154,2,True
0.6708295523986044,0.7028254814395754,0.03199592904097093,0.6574200108195639,0.03199592904097093,2,True
0.684995615530217,0.7187170634222857,0.03372144789206866,0.6681966093604552,0.03372144789206866,2,True
0.6915762402998985,0.7260206381601916,0.034444397860293074,0.6733240675532386,0.034444397860293074,2,True
0.6971506196106606,0.7321669790368938,0.03501635942623316,0.6777277125495088,0.03501635942623316,2,True
0.6944115874234573,0.729151598227343,0.03474001080388567,0.6755570302544328,0.03474001080388567,2,True
0.6910079935174098,0.7253919867102953,0.03438399319288543,0.6728782669744456,0.03438399319288543,2,True
0.6575337826785,0.6877107543103845,0.030176971631884486,0.6476300302437749,0.030176971631884486,2,True
0.6681273298534276,0.6997687727025715,0.03164144284914394,0.6554048568625394,0.03164144284914394,2,True
0.6576078725164405,0.6877954903540928,0.030187617837652336,0.6476837135443365,0.030187617837652336,2,True
0.677199120431359,0.7099989035808779,0.032799783149518924,0.6622214119976236,0.032799783149518924,2,True
0.6903698713613657,0.7246855730592331,0.03431570169786735,0.6723783320914004,0.03431570169786735,2,True
0.6751267108628829,0.7076698963720817,0.03254318550919877,0.6606513069236382,0.03254318550919877,2,True
0.673168486860672,0.7054648135152667,0.0322963266545947,0.6591747273528449,0.0322963266545947,2,True
0.6774819315012715,0.710316357453999,0.032834425952727564,0.6624362682311621,0.032834425952727564,2,True
0.6719119439186391,0.7040476348259664,0.032135690907327374,0.6582308341521818,0.032135690907327374,2,True
0.68284835385461,0.7163229257505475,0.0334745718959375,0.6665401754974626,0.0334745718959375,2,True
0.6782468023225833,0.7111744689399669,0.032927666617383666,0.6630180655106822,0.032927666617383666,2,True
0.6656038579385665,0.6969071623769068,0.031303304438340285,0.6535347259852622,0.031303304438340285,2,True
0.6709830700080106,0.7029988997226951,0.03201582971468453,0.6575348846518839,0.03201582971468453,2,True
0.6599989222649459,0.6905271100239058,0.030528187758959824,0.6494214366741484,0.030528187758959824,2,True
0.6616737052618785,0.692436938743706,0.030763233481827523,0.6506446574258166,0.030763233481827523,2,True
0.6671444532859998,0.6986550035838015,0.0315105502978017,0.6546751065842448,0.0315105502978017,2,True
0.6743221601394913,0.7067644368719289,0.0324422767324376,0.6600438182981724,0.0324422767324376,2,True
0.6718368396016715,0.7039628742308738,0.03212603462920227,0.6581745059956675,0.03212603462920227,2,True
0.6785291924469199,0.7114911164167352,0.03296192396981534,0.6632331278037414,0.03296192396981534,2,True
0.6860378269872249,0.7198771682194917,0.03383934123226673,0.669003543612214,0.03383934123226673,2,True
0.6830293816718376,0.716524972822665,0.03349559115082745,0.6666795070143055,0.03349559115082745,2,True
0.6823146731713288,0.7157270591128793,0.03341238594155049,0.6661297570126511,0.03341238594155049,2,True
0.678081806743388,0.7109894156514873,0.032907608908099295,0.6628924740130516,0.032907608908099295,2,True
0.6801654093976376,0.7133240456334056,0.03315863623576798,0.6644820261708771,0.03315863623576798,2,True
0.6840938505962122,0.7177122714493372,0.03361842085312505,0.6674999743337301,0.03361842085312505,2,True
0.6915288660584472,0.7259682427712405,0.03443937671279329,0.6732868796114293,0.03443937671279329,2,True
0.6738571640295192,0.7062407918781836,0.03238362784866433,0.6596932404436858,0.03238362784866433,2,True
0.6669824566643356,0.6984713339169176,0.03148887725258198,0.654554994814066,0.03148887725258198,2,True
0.6669133337774382,0.6983929547339849,0.03147962095654666,0.6545037581168155,0.03147962095654666,2,True
0.6747970803702547,0.7072990098776395,0.03250192950738484,0.6604022751031932,0.03250192950738484,2,True
0.6775335721404435,0.710374314060618,0.0328407419201745,0.6624755158285934,0.0328407419201745,2,True
0.6723138697380304,0.704501131607505,0.032187261869474626,0.6585324485094309,0.032187261869474626,2,True
0.6769197467868594,0.7096852198249778,0.03276547303811839,0.6620093068413829,0.03276547303811839,2,True
0.68054311352455,0.713746725834136,0.03320361230958602,0.6647709978697007,0.03320361230958602,2,True
0.6610030628037218,0.6916725242817787,0.030669461478056936,0.6501542378969242,0.030669461478056936,2,True
0.6757249249511164,0.7083426724917306,0.032617747540614195,0.6611037437552297,0.032617747540614195,2,True
0.6642240493214976,0.6953395959948427,0.03111554667334515,0.652516944921154,0.03111554667334515,2,True
0.6564656825650789,0.6864885572677926,0.030022874702713698,0.646857200980529,0.030022874702713698,2,True
0.6547593854212315,0.6845337039656828,0.02977431854445134,0.6456268089658425,0.02977431854445134,2,True
0.6557253385936043,0.6856407264780779,0.029915387884473676,0.6463227114461285,0.029915387884473676,2,True
0.667912570002388,0.6995255012778918,0.0316129312755038,0.6552452588142227,0.0316129312755038,2,True
0.6581677105530414,0.6884355928630504,0.030267882310009098,0.6480896710560987,0.030267882310009098,2,True
0.6667743076859365,0.6982352960782973,0.03146098839236078,0.6544007320418591,0.03146098839236078,2,True
0.6568127393411424,0.6868858112235681,0.030073071882425695,0.6471080932357723,0.030073071882425695,2,True
0.6501933737456531,0.679288346219342,0.029094972473688863,0.6423597656799357,0.029094972473688863,2,True
0.6543360668347932,0.6840482692840743,0.029712202449281078,0.6453223599497157,0.029712202449281078,2,True
0.6590529233246177,0.6894470670389441,0.03039414371432636,0.6487327058492579,0.03039414371432636,2,True
0.65977540619968,0.6902720056707055,0.030496599471025454,0.6492585631343221,0.030496599471025454,2,True
0.658395799377318,0.6886962914518023,0.030300492074484375,0.6482552257324785,0.030300492074484375,2,True
0.6573877984421768,0.6875437768223406,0.030155978380163817,0.647524282950723,0.030155978380163817,2,True
0.6544086105493067,0.6841314704620056,0.029722859912698962,0.6453745104768183,0.029722859912698962,2,True
0.6518060851642438,0.6811433432574886,0.029337258093244833,0.6435094489555692,0.029337258093244833,2,True
0.6605740474055408,0.6911832776721161,0.03060923026657525,0.6498409319137485,0.03060923026657525,2,True
0.6587719897140064,0.6891261495234184,0.03035415980941203,0.6485284796219978,0.03035415980941203,2,True
0.6590517657364039,0.6894457448626873,0.030393979126283388,0.6487318640462841,0.030393979126283388,2,True
0.655826773939048,0.6857569213173356,0.029930147378287586,0.6463958848406888,0.029930147378287586,2,True
0.661209898721339,0.6919083306312178,0.030698431909878865,0.6503054051612566,0.030698431909878865,2,True
0.6542857695396933,0.6839905796902107,0.029704810150517402,0.6452862075131571,0.029704810150517402,2,True
0.654338110748823,0.6840506135431553,0.02971250279433235,0.6453238291590463,0.02971250279433235,2,True
0.658721803652135,0.6890688122224237,0.030347008570288714,0.6484920113605813,0.030347008570288714,2,True
0.6723796378963341,0.7045753215532087,0.03219568365687453,0.6585818297861672,0.03219568365687453,2,True
0.6581742402736581,0.688443056872752,0.030268816599093862,0.6480944092648689,0.030268816599093862,2,True
0.6638416763895733,0.694904835603129,0.031063159213555736,0.6522354961039395,0.031063159213555736,2,True
0.660333558645257,0.6909089424851234,0.030575383839866355,0.649665448311538,0.030575383839866355,2,True
0.6567466248053053,0.6868101434759719,0.03006351867066659,0.6470602815915623,0.03006351867066659,2,True
0.6583347694284268,0.6886265412765372,0.030291771848110383,0.6482109190437032,0.030291771848110383,2,True
0.6689989212832013,0.7007555665152718,0.03175664523207056,0.6560534186990987,0.03175664523207056,2,True
0.6614130267876925,0.6921398666005941,0.030726839812901585,0.6504539365427647,0.030726839812901585,2,True
0.6660569562797137,0.697421475679979,0.0313645194002653,0.6538696807722127,0.0313645194002653,2,True
0.6747540840432339,0.7072506232836246,0.032496539240390754,0.6603698061434723,0.032496539240390754,2,True
0.6729815020782336,0.7052540348574671,0.032272532779233476,0.6590340898669853,0.032272532779233476,2,True
0.6836790113462541,0.7172497196322156,0.03357070828596154,0.6671799865620126,0.03357070828596154,2,True
0.6735124691198643,0.7058524667703968,0.032339997650532526,0.6594336102222256,0.032339997650532526,2,True
0.6606437281588547,0.6912627541405113,0.030619025981656556,0.6498917968677361,0.030619025981656556,2,True
0.6750061042635218,0.7075342088909282,0.03252810462740641,0.6605601676988936,0.03252810462740641,2,True
0.6740317634948202,0.7064374412842739,0.03240567778945369,0.6598248324022461,0.03240567778945369,2,True
0.6759875853158971,0.708637944822236,0.03265035950633888,0.6613025980829051,0.03265035950633888,2,True
0.6700289279575513,0.7019206546014516,0.031891726643900276,0.656821600285484,0.031891726643900276,2,True
0.6619597717671513,0.6927628620412872,0.03080309027413597,0.6508540920483938,0.03080309027413597,2,True
0.6532532283247233,0.6828057282146053,0.029552499889881956,0.64454503658161,0.029552499889881956,2,True
0.67157547566891,0.7036678581114941,0.032092382442584166,0.6579785614981933,0.032092382442584166,2,True
0.6502919502992415,0.6794018050884054,0.029109854789163947,0.6424299070883289,0.029109854789163947,2,True
0.6583247895311392,0.688615135046264,0.030290345515124883,0.6482036744405768,0.030290345515124883,2,True
0.6588648919796394,0.6892322830541356,0.030367391074496264,0.6485959999053529,0.030367391074496264,2,True
0.657511791584953,0.6876856021733538,0.03017381058840085,0.647614098027358,0.03017381058840085,2,True
0.6536760346423476,0.6832910306485599,0.029614996006212313,0.6448483030618396,0.029614996006212313,2,True
0.6560133773965606,0.685970649758071,0.029957272361510356,0.6465305445555215,0.029957272361510356,2,True
0.6516971269063458,0.6810180956774312,0.029320968771085365,0.643431628235389,0.029320968771085365,2,True
0.6513814927580257,0.6806552084275527,0.029273715669526967,0.6432063135365874,0.029273715669526967,2,True
0.6544469882667246,0.6841754841641705,0.02972849589744586,0.645402103393799,0.02972849589744586,2,True
0.660089512560895,0.690630488291952,0.030540975731056963,0.6494874740554953,0.030540975731056963,2,True
0.6582272120593187,0.6885036063901173,0.03027639433079865,0.6481328503695322,0.03027639433079865,2,True
0.6589804288043887,0.6893642624642624,0.030383833659873738,0.6486799921289078,0.030383833659873738,2,True
0.6531233330999004,0.6826565972983898,0.02953326419848934,0.6444519303907316,0.02953326419848934,2,True
0.6537392575204309,0.683363583437745,0.02962432591731401,0.6448936782783543,0.02962432591731401,2,True
0.6563974411864845,0.6864104313687607,0.03001299018227621,0.6468078935137084,0.03001299018227621,2,True
0.6532121983012042,0.6827586240134531,0.02954642571224886,0.6445156238745683,0.02954642571224886,2,True
0.6560215264524546,0.6859799825758097,0.029958456123355126,0.6465364266158052,0.029958456123355126,2,True
0.6541907196137426,0.6838815532002259,0.02969083358648328,0.645217900286111,0.02969083358648328,2,True
0.6633937843892721,0.694395383947767,0.031001599558494908,0.6519061519748298,0.031001599558494908,2,True
0.6677986524865785,0.6993964399046432,0.03159778741806463,0.6551606346840894,0.03159778741806463,2,True
0.6722145275612883,0.704389059383604,0.032174531822315666,0.658457873141157,0.032174531822315666,2,True
0.6639645225344276,0.6950445292242445,0.03108000668981692,0.652325889704139,0.03108000668981692,2,True
0.6589408065989762,0.6893190029774321,0.030378196378455846,0.6486511851571742,0.030378196378455846,2,True
0.6652906163638221,0.6965514733481283,0.03126085698430614,0.6533033742576383,0.03126085698430614,2,True
0.6624781546696122,0.6933532524015964,0.030875097731984158,0.651233980515243,0.030875097731984158,2,True
0.6680950933790669,0.6997322596718041,0.03163716629273716,0.6553808952068004,0.03163716629273716,2,True
0.6592096533461503,0.6896260685456352,0.030416415199484903,0.6488467025703789,0.030416415199484903,2,True
0.657463991363019,0.6876309293590157,0.03016693799599668,0.6475794704510952,0.03016693799599668,2,True
0.659962383157347,0.6904854105637978,0.030523027406450742,0.6493948049813788,0.030523027406450742,2,True
0.6663574057334952,0.6977623962258761,0.03140499049238088,0.654091990497001,0.03140499049238088,2,True
0.665202038246214,0.6964508730992143,0.03124883485300023,0.6532379845011648,0.03124883485300023,2,True
0.6639027060189082,0.694974236998728,0.03107153097981974,0.652280400044244,0.03107153097981974,2,True
0.6630557191897216,0.6940107145103875,0.030954995320665923,0.651657801915856,0.030954995320665923,2,True
0.6757257013346417,0.7083435453848684,0.03261784405022672,0.6611043313572197,0.03261784405022672,2,True
0.672661784717218,0.7048935440180004,0.03223175930078237,0.6587937637869722,0.03223175930078237,2,True
0.6660850224645973,0.697453326505093,0.03136830404049562,0.6538904408172125,0.03136830404049562,2,True
0.657503904784283,0.6876765815886531,0.03017267680437008,0.6476083843683892,0.03017267680437008,2,True
0.6575873292647866,0.6877719957355692,0.030184666470782662,0.6476688275352901,0.030184666470782662,2,True
0.6727945146832597,0.7050432146833207,0.03224870000006097,0.658893512574447,0.03224870000006097,2,True
0.675323367023558,0.7078911080250179,0.03256774100145987,0.6607999702544497,0.03256774100145987,2,True
0.6551382423737201,0.6849680011563869,0.029829758782666804,0.6458995514965928,0.029829758782666804,2,True
0.6566768965541978,0.6867303350629456,0.030053438508747754,0.6470098650586252,0.030053438508747754,2,True
0.6589993615193627,0.6893858882789671,0.030386526759604404,0.6486937579762185,0.030386526759604404,2,True
0.6577084857388048,0.6879105520830723,0.030202066344267475,0.6477566305274923,0.030202066344267475,2,True
0.6660698140168562,0.6974360673482733,0.03136625333141718,0.6538791912320187,0.03136625333141718,2,True
0.6659273021394999,0.6972743271822086,0.0313470250427087,0.6537737961467045,0.0313470250427087,2,True
0.6704271980387686,0.7023708473783868,0.03194364933961824,0.657119136756204,0.03194364933961824,2,True
0.6624448559439565,0.693315336649758,0.03087048070580145,0.6512095637285605,0.03087048070580145,2,True
0.6690403003516159,0.7008023944516028,0.03176209409998687,0.6560842429500197,0.03176209409998687,2,True
0.6649130593768676,0.6961226151877993,0.031209555810931655,0.6530247527479748,0.031209555810931655,2,True
0.6531630329926912,0.6827021779682746,0.02953914497558341,0.6444803832638805,0.02953914497558341,2,True
0.6510709061188248,0.6802980292647635,0.02922712314593867,0.6429847748755332,0.02922712314593867,2,True
0.6523257607879361,0.681740550416141,0.029414789628204874,0.6438809047054146,0.029414789628204874,2,True
0.6516592733546746,0.6809745802755083,0.029315306920833728,0.6434045972193821,0.029315306920833728,2,True
0.6542728506232385,0.683975761646932,0.02970291102369349,0.6452769224453679,0.02970291102369349,2,True
0.654431508462082,0.6841577312393364,0.029726222777254452,0.6453909733661464,0.029726222777254452,2,True
0.6546903361150586,0.6844545348393424,0.02976419872428382,0.6455771272399277,0.02976419872428382,2,True
0.6577315703492672,0.6879369502952332,0.03020537994596595,0.6477733630750927,0.03020537994596595,2,True
0.6637425714918948,0.6947921275962299,0.03104955610433513,0.6521625915242003,0.03104955610433513,2,True
0.6591102931160863,0.6895125920536861,0.030402298937599825,0.6487744283853597,0.030402298937599825,2,True
0.6600360838809631,0.6905695184974581,0.030533434616494937,0.6494485245194986,0.030533434616494937,2,True
0.6512342027115018,0.6804858344727098,0.02925163176120804,0.6431012314893638,0.02925163176120804,2,True
0.6530936332222572,0.6826224969351607,0.02952886371290353,0.6444306463505062,0.02952886371290353,2,True
0.6517805903180254,0.6811140379598261,0.02933344764180068,0.6434912380056007,0.02933344764180068,2,True
0.6614572009061439,0.6921902128952584,0.03073301198911449,0.6504862472689054,0.03073301198911449,2,True
0.6582871061222637,0.688572064985527,0.030284958863263323,0.6481763209117265,0.030284958863263323,2,True
0.6625075764823316,0.6933867527242616,0.03087917624193004,0.6512555561380678,0.03087917624193004,2,True
0.6549557081406601,0.6847587735913344,0.02980306545067435,0.6457681116050694,0.02980306545067435,2,True
0.6521902582874408,0.6815848575685175,0.029394599281076683,0.6437840034322827,0.029394599281076683,2,True
0.6645319573888924,0.6956895773033906,0.03115761991449828,0.6527437721748144,0.03115761991449828,2,True
0.660108719016136,0.6906524048959353,0.030543685879799276,0.6495014768116051,0.030543685879799276,2,True
0.6691313732396991,0.700905453451343,0.03177408021164396,0.6561520960300405,0.03177408021164396,2,True
0.6703549968392382,0.7022892460809197,0.031934249241681534,0.6570651763268583,0.031934249241681534,2,True
0.6673930098670375,0.6989367591431911,0.031543749276153554,0.6548594886096575,0.031543749276153554,2,True
0.6592385636679888,0.6896590843005395,0.03042052063255063,0.6488677351049229,0.03042052063255063,2,True
0.6515759737950141,0.6808788164510823,0.029302842656068195,0.6433451224261454,0.029302842656068195,2,True
0.6543674115621337,0.6840842195372229,0.029716807975089132,0.6453448920297421,0.029716807975089132,2,True
0.6508329514288256,0.6800243142136001,0.02919136278477452,0.6428151599565716,0.02919136278477452,2,True
0.6590755029813256,0.6894728568386111,0.03039735385728559,0.6487491263461548,0.03039735385728559,2,True
0.6502108738424603,0.6793084890320447,0.029097615189584314,0.6423722164815515,0.029097615189584314,2,True
0.6601517314923606,0.6907014853172289,0.030549753824868242,0.6495328380854944,0.030549753824868242,2,True
0.6579603416566843,0.6881985304993904,0.030238188842706126,0.6479392358796784,0.030238188842706126,2,True
0.654536544501358,0.684278186527708,0.02974164202634999,0.6454665029663101,0.02974164202634999,2,True
0.6700902048413236,0.7019899314211463,0.03189972657982265,0.6568673601809999,0.03189972657982265,2,True
0.6781251976353112,0.7110380843448053,0.032912886709494105,0.662925497644688,0.032912886709494105,2,True
0.6755972856954944,0.7081991576735069,0.032601871978012564,0.6610071551923306,0.032601871978012564,2,True
0.6731234893613004,0.7054140935952258,0.03229060423392538,0.6591408775549176,0.03229060423392538,2,True
0.6804196485042885,0.7136085768210658,0.03318892831677733,0.6646765100609379,0.03318892831677733,2,True
0.6801659040830962,0.7133245993312545,0.03315869524815829,0.664482404476113,0.03315869524815829,2,True
0.6697900364396473,0.7016505358964331,0.03186049945678582,0.6566432663946669,0.03186049945678582,2,True
0.6520219943013308,0.6813914965458169,0.02936950224448609,0.6436637190240169,0.02936950224448609,2,True
0.6522510367953702,0.6816546945195029,0.02940365772413267,0.6438274636470668,0.02940365772413267,2,True
0.6674623523795506,0.6990153517142872,0.03155299933473654,0.6549109472482381,0.03155299933473654,2,True
0.6660346249837906,0.697396132476899,0.0313615074931084,0.6538531637203583,0.0313615074931084,2,True
0.6593737569594682,0.6898134644422587,0.030439707482790457,0.6489661092329863,0.030439707482790457,2,True
0.6641546861566453,0.6952607410871039,0.031106054930458593,0.6524658702804526,0.031106054930458593,2,True
0.6501137238091689,0.6791966644732674,0.029082940664098555,0.6423031039826129,0.029082940664098555,2,True
0.6567878052612175,0.6868572748158348,0.030069469554617312,0.6470900608971003,0.030069469554617312,2,True
0.6513423788177612,0.6806102320127613,0.029267853195000026,0.6431784044756436,0.029267853195000026,2,True
0.6633089231446365,0.6942988353625714,0.0309899122179349,0.6518437919564256,0.0309899122179349,2,True
0.6620761663606303,0.6928954491560685,0.03081928279543822,0.6509393483399765,0.03081928279543822,2,True
0.6715479665574974,0.7036368026807667,0.03208883612326929,0.657957944985565,0.03208883612326929,2,True
0.6562136206195053,0.6861999616866431,0.029986341067137823,0.646675116068273,0.029986341067137823,2,True
0.6511941886772666,0.6804398172799204,0.029245628602653784,0.64307269069192,0.029245628602653784,2,True
0.6554210575229997,0.6852921085785005,0.029871051055500808,0.6461033190071707,0.029871051055500808,2,True
0.6547655130539113,0.6845407294301306,0.02977521637621927,0.6456312182735962,0.02977521637621927,2,True
0.6596042091679755,0.6900765795457294,0.030472370377753966,0.6491338739272198,0.030472370377753966,2,True
0.6598535104514645,0.6903611538097189,0.0305076433582544,0.6493154666927897,0.0305076433582544,2,True
0.6654423205546433,0.6967237480251798,0.03128142747053653,0.6534153970736237,0.03128142747053653,2,True
0.6672531645682699,0.6987782432632634,0.03152507869499355,0.6547557363042092,0.03152507869499355,2,True
0.6570691006629019,0.6871791736321463,0.030110072969244395,0.6472935579684475,0.030110072969244395,2,True
0.650925785292252,0.6801311059239701,0.0292053206317181,0.6428813202775187,0.0292053206317181,2,True
0.655434692582486,0.6853077323921085,0.029873039809622526,0.6461131466217375,0.029873039809622526,2,True
0.6699391590554298,0.7018191586489627,0.03187999959353294,0.65675457538505,0.03187999959353294,2,True
0.6540318485672149,0.6836993009785576,0.02966745241134272,0.645103764139236,0.02966745241134272,2,True
0.6573364581155451,0.687485048363796,0.030148590248250895,0.6474871023201039,0.030148590248250895,2,True
0.6547131003042211,0.6844806358588305,0.029767535554609315,0.6455935053847593,0.029767535554609315,2,True
0.6693531241535428,0.7011563514781788,0.03180322732463603,0.6563173713220768,0.03180322732463603,2,True
0.6703312382306287,0.7022623930239508,0.03193115479332209,0.6570474220733272,0.03193115479332209,2,True
0.6795684215661825,0.7126556382572845,0.03308721669110204,0.6640258033838766,0.03308721669110204,2,True
0.6822324355829891,0.7156352097972758,0.03340277421428672,0.6660665585511133,0.03340277421428672,2,True
0.6856049170396684,0.719395442089829,0.03379052505016056,0.6686681277770099,0.03379052505016056,2,True
0.6790682502252916,0.71209531768407,0.03302706745877837,0.6636440563123495,0.03302706745877837,2,True
0.6956172586217542,0.7304800351963894,0.03486277657463521,0.6765108810502819,0.03486277657463521,2,True
0.682187543876438,0.7155850679742282,0.03339752409779018,0.6660320649617313,0.03339752409779018,2,True
0.6985351453618315,0.7336877156661556,0.03515257030432417,0.6788300236664524,0.03515257030432417,2,True
0.6858487705173902,0.7196668201268093,0.03381804960941903,0.6688570228991293,0.03381804960941903,2,True
0.6836534997532917,0.7172212673258475,0.03356776757255575,0.6671603180873582,0.03356776757255575,2,True
0.6824027850472688,0.7158254606482862,0.033422675601017415,0.6661974831258972,0.033422675601017415,2,True
0.6831615831738918,0.7166725004173667,0.03351091724347499,0.6667812952335218,0.03351091724347499,2,True
0.6867423488942482,0.7206606653325562,0.033918316438308005,0.6695501149490356,0.033918316438308005,2,True
0.6899679760806934,0.7242404184171536,0.03427244233646021,0.6720638399791478,0.03427244233646021,2,True
0.689570449529548,0.7237999139807247,0.034229464451176694,0.6717530489774298,0.034229464451176694,2,True
0.680480044457259,0.7136761579856523,0.033196113528393356,0.664722727711932,0.033196113528393356,2,True
0.686524498819188,0.7204184568824646,0.033893958063276663,0.6693810116171938,0.033893958063276663,2,True
0.6886817656463953,0.7228144741389854,0.03413270849259009,0.6710592813427899,0.03413270849259009,2,True
0.69097991098319,0.7253609090065292,0.03438099802333916,0.6728562505695485,0.03438099802333916,2,True
0.6937555519748455,0.7284280245664918,0.0346724725916463,0.6750391021408885,0.0346724725916463,2,True
0.6907752445645967,0.7251343852949396,0.03435914073034285,0.672695836640871,0.03435914073034285,2,True
0.691742189006023,0.7262041544380782,0.03446196543205515,0.6734543658202957,0.03446196543205515,2,True
0.6853972492278361,0.7191642793848669,0.033767030157030864,0.6685073463423697,0.033767030157030864,2,True
0.6693353800856081,0.7011362770763995,0.03180089699079136,0.656304143103592,0.03180089699079136,2,True
0.6624517776155897,0.6933232181393323,0.030871440523742577,0.6512146389851196,0.030871440523742577,2,True
0.6715683188592555,0.7036597787661368,0.03209145990688134,0.6579731977473943,0.03209145990688134,2,True
0.6786088943947809,0.7115804708468739,0.03297157645209303,0.663293852759392,0.03297157645209303,2,True
0.6655152904364515,0.6968066036319998,0.03129131319554823,0.6534692947435453,0.03129131319554823,2,True
0.665076854254428,0.69630868451358,0.031231830259151994,0.6531455955002234,0.031231830259151994,2,True
0.6612393730578741,0.6919419296737083,0.03070255661583421,0.6503269528471406,0.03070255661583421,2,True
0.6592048747879445,0.689620611321954,0.03041573653400942,0.6488432262668596,0.03041573653400942,2,True
0.6631363309833164,0.6941024499880732,0.030966119004756876,0.6517170026474276,0.030966119004756876,2,True
0.6625003153502509,0.693378485123729,0.030878169773478126,0.6512502312569387,0.030878169773478126,2,True
0.6563206761433483,0.6863225415691966,0.030001865425848262,0.6467524372103001,0.030001865425848262,2,True
0.6651249648532939,0.6963633322677135,0.031238367414419654,0.6531810990617318,0.031238367414419654,2,True
0.6699829741018839,0.7018686986121337,0.03188572451024985,0.6567872875870786,0.03188572451024985,2,True
0.6759081974480023,0.7085487082766714,0.032640510828669034,0.6612424823585833,0.032640510828669034,2,True
0.6630218777295701,0.6939722012110624,0.030950323481492292,0.6516329524295642,0.030950323481492292,2,True
0.6750092735892826,0.7075377747226326,0.03252850113334993,0.6605625623439018,0.03252850113334993,2,True
0.6867205821738902,0.7206364673214136,0.03391588514752342,0.6695332150171566,0.03391588514752342,2,True
0.6711960724212617,0.7032394712509289,0.032043398829667225,0.6576943390427524,0.032043398829667225,2,True
0.6551301402339574,0.6849587148877887,0.029828574653831263,0.6458937160230983,0.029828574653831263,2,True
0.658995034960738,0.6893809463177876,0.0303859113570496,0.6486906121089199,0.0303859113570496,2,True
0.6554856398216266,0.685366108937785,0.029880469116158492,0.6461498703124922,0.029880469116158492,2,True
0.6592521659834272,0.6896746179269703,0.030422451943543094,0.6488776314330013,0.030422451943543094,2,True
0.6566147394582027,0.686659188176805,0.030044448718602346,0.6469649300841438,0.030044448718602346,2,True
0.6737868093601325,0.7061615426608902,0.032374733300757685,0.6596402309223476,0.032374733300757685,2,True
0.6721677755140636,0.7043363126150212,0.03216853710095757,0.6584227828288821,0.03216853710095757,2,True
0.6697306307276413,0.7015833552226254,0.03185272449498411,0.6565989354409095,0.03185272449498411,2,True
0.6726536604086171,0.7048843821506656,0.03223072174204855,0.658787659250491,0.03223072174204855,2,True
0.6578004565965018,0.6880157213631127,0.03021526476661096,0.647823299911391,0.03021526476661096,2,True
0.6735226187720814,0.7058639030065978,0.03234128423451643,0.6594412520991658,0.03234128423451643,2,True
0.6687299520462522,0.7004511338170853,0.03172118177083316,0.6558531313250279,0.03172118177083316,2,True
0.6713847474833303,0.7034525252778161,0.032067777794485774,0.6578356492547465,0.032067777794485774,2,True
0.6642964254341409,0.6954218707359981,0.031125445301857235,0.6525702472244501,0.031125445301857235,2,True
0.6508585810926212,0.680053798212646,0.02919521712002482,0.6428334240316349,0.02919521712002482,2,True
0.6578811168375521,0.6881079497977524,0.030226832960200234,0.6478817826423543,0.030226832960200234,2,True
0.6627459075471014,0.6936580883629977,0.030912180815896306,0.6514303859527822,0.030912180815896306,2,True
0.6887669073380005,0.7229089261648196,0.03414201882681911,0.6711256879777362,0.03414201882681911,2,True
0.6806866247049752,0.7139072832598592,0.033220658554883986,0.6648808610664568,0.033220658554883986,2,True
0.6713259206704814,0.7033861015502014,0.03206018087972007,0.6577915834922919,0.03206018087972007,2,True
0.6548557722347367,0.6846442092037174,0.029788436968980703,0.645696174499364,0.029788436968980703,2,True
0.6513461364781109,0.6806145529435911,0.029268416465480174,0.6431810855696943,0.029268416465480174,2,True
0.6545289209709095,0.6842694442362107,0.02974052326530119,0.6454610203572339,0.02974052326530119,2,True
0.6504064146582731,0.6795335385421409,0.029127123883867845,0.6425113750217714,0.029127123883867845,2,True
0.6606768453526651,0.6913005251870801,0.03062367983441494,0.6499159744967259,0.03062367983441494,2,True
0.6505004492331137,0.6796417504722537,0.02914130123914005,0.642578319854156,0.02914130123914005,2,True
0.6580848276918012,0.6883408471343225,0.03025601944252132,0.6480295347486639,0.03025601944252132,2,True
0.6698943075157353,0.7017684446025089,0.03187413708677356,0.6567210928747721,0.03187413708677356,2,True
0.6768883611834043,0.7096499742462501,0.03276161306284575,0.6619854870345355,0.03276161306284575,2,True
0.6766798245500646,0.709415762519049,0.03273593796898444,0.6618272646027322,0.03273593796898444,2,True
0.6650878585594683,0.6963211842741159,0.031233325714647653,0.6531537158430977,0.031233325714647653,2,True
0.679592841563302,0.7126829876555107,0.03309014609220873,0.6640444529088284,0.03309014609220873,2,True
0.6915052033753265,0.7259420710999475,0.034436867724620956,0.6732683063177672,0.034436867724620956,2,True
0.6844085749045566,0.7180630604892919,0.03365448558473527,0.6677429421783178,0.03365448558473527,2,True
0.6784327958923816,0.7113830359329426,0.03295024004056102,0.6631596983077004,0.03295024004056102,2,True
0.6931819230692999,0.7277949159921356,0.034612992922835706,0.6745868594981356,0.034612992922835706,2,True
0.6762533536879597,0.7089366324705966,0.03268327878263688,0.6615039302490957,0.03268327878263688,2,True
0.6729011617433078,0.7051634593399175,0.0322622975966097,0.6589736823145237,0.0322622975966097,2,True
0.6678087462143455,0.6994078760260558,0.031599129811710314,0.6551681319228472,0.031599129811710314,2,True
0.6660882066273012,0.6974569399895167,0.03136873336221557,0.6538927961727318,0.03136873336221557,2,True
0.6692042685836886,0.700987936090908,0.03178366750721939,0.6562064167100312,0.03178366750721939,2,True
0.6616026558703916,0.6923559770535824,0.03075332118319085,0.6505926633951643,0.03075332118319085,2,True
0.6574599646989022,0.6876263236456114,0.03016635894670916,0.6475765536288268,0.03016635894670916,2,True
0.6574325425727406,0.6875949576779855,0.030162415105244866,0.6475566904420337,0.030162415105244866,2,True
0.6609607230168464,0.6916242487140857,0.03066352569723929,0.6501233029889145,0.03066352569723929,2,True
0.6807369415880926,0.7139635712043056,0.03322662961621303,0.6649193891988121,0.03322662961621303,2,True
0.6797082931837404,0.7128122795630258,0.033103986379285466,0.6641326375385628,0.033103986379285466,2,True
0.6621663141772538,0.6929981284055609,0.030831814228307053,0.6510053960377443,0.030831814228307053,2,True
0.6503911835150216,0.6795160102293422,0.029124826714320595,0.6425005331880528,0.029124826714320595,2,True
0.6541890970371946,0.6838796919547397,0.02969059491754511,0.6452167343677709,0.02969059491754511,2,True
0.6616732026357728,0.692436366013266,0.030763163377493186,0.6506442895719055,0.030763163377493186,2,True
0.6606937592833229,0.6913198155404793,0.03062605625715642,0.649928323479349,0.03062605625715642,2,True
0.6510352353424715,0.6802570013227506,0.029221765980279035,0.6429593422099479,0.029221765980279035,2,True
0.6515968881354581,0.6809028608811043,0.02930597274564617,0.6433600538311851,0.02930597274564617,2,True
0.6510587920184471,0.6802840959643667,0.0292253039459196,0.642976137471374,0.0292253039459196,2,True
0.6505293636641013,0.6796750225312606,0.029145658867159252,0.642598907695262,0.029145658867159252,2,True
0.652372031780237,0.6817937118127761,0.0294216800325392,0.643914001741294,0.0294216800325392,2,True
0.6607434871344242,0.6913765284863505,0.030633041351926238,0.6499646330874193,0.030633041351926238,2,True
0.6502361888227293,0.6793376263396601,0.02910143751693084,0.6423902283051939,0.02910143751693084,2,True
0.6524833115774105,0.6819215541177353,0.02943824254032479,0.6439936143096165,0.02943824254032479,2,True
0.6635629638960774,0.6945878407884396,0.03102487689236222,0.6520305112057848,0.03102487689236222,2,True
0.6561428441230609,0.6861189153928082,0.02997607126974733,0.6466240087398832,0.02997607126974733,2,True
0.6502115607713159,0.679309279688998,0.02909771891768209,0.6423727052222331,0.02909771891768209,2,True
0.6633293691188109,0.694322097907751,0.030992728788940105,0.6518588154454702,0.030992728788940105,2,True
0.6685490544663703,0.7002463410265403,0.03169728656017001,0.6557184986619485,0.03169728656017001,2,True
0.6698423452524697,0.7017096876630451,0.03186734241057543,0.6566823065485276,0.03186734241057543,2,True
0.6589176234240391,0.6892925206520454,0.030374897228006237,0.6486343313304569,0.030374897228006237,2,True
0.6528510151642396,0.6823438987109801,0.02949288354674051,0.644256835927874,0.02949288354674051,2,True
0.6578390471631216,0.6880598473676242,0.030220800204502574,0.647851278569709,0.030220800204502574,2,True
0.6545992730240092,0.6843501183257735,0.029750845301764306,0.6455116193169391,0.029750845301764306,2,True
0.658072640862959,0.688326915437411,0.030254274574451956,0.6480206935296616,0.030254274574451956,2,True
0.6531689749469876,0.6827089999749757,0.029540025027988137,0.6444846420976039,0.029540025027988137,2,True
0.661938591143251,0.6927387333046715,0.030800142161420463,0.6508385803316322,0.030800142161420463,2,True
0.6509333046651694,0.6801397554892068,0.02920645082403739,0.6428866798130962,0.02920645082403739,2,True
0.6538761945829132,0.6835207149410174,0.029644520358104165,0.6449919827117999,0.029644520358104165,2,True
0.6578263033708789,0.6880452757710315,0.03021897240015259,0.6478420388632496,0.03021897240015259,2,True
0.6507545566594523,0.6799341260190934,0.029179569359641166,0.6427593019407235,0.029179569359641166,2,True
0.6621717649670028,0.6930043366370123,0.030832571670009523,0.6510093900764568,0.030832571670009523,2,True
0.6511390679879745,0.6803764244758993,0.029237356487924804,0.6430333794366762,0.029237356487924804,2,True
0.657318921193932,0.6874649871781072,0.03014606598417524,0.6474744031667451,0.03014606598417524,2,True
0.6567893482490691,0.6868590407436544,0.030069692494585354,0.6470911767545796,0.030069692494585354,2,True
0.6502926357522896,0.6794025939927645,0.02910995824047491,0.6424303948777911,0.02910995824047491,2,True
0.6560888545901239,0.6860570884892302,0.0299682338991063,0.6465850291753943,0.0299682338991063,2,True
0.6540184236312556,0.683683899134243,0.02966547550298737,0.6450941214519862,0.02966547550298737,2,True
0.6547239356325939,0.6844930592743181,0.029769123641724238,0.6456013013990539,0.029769123641724238,2,True
0.6620665417494992,0.6928844861288248,0.030817944379325612,0.6509322976261257,0.030817944379325612,2,True
0.6532242926241383,0.6827725089804416,0.029548216356303336,0.6445242934775434,0.029548216356303336,2,True
0.6611664844386715,0.6918588392135662,0.030692354774894626,0.6502736692672498,0.030692354774894626,2,True
0.6590416267156213,0.6894341641984197,0.030392537482798465,0.6487244910099212,0.030392537482798465,2,True
0.6602984378322866,0.690868873766023,0.03057043593373643,0.6496398294112129,0.03057043593373643,2,True
0.6540166518048408,0.6836818663815842,0.029665214576743426,0.6450928488316389,0.029665214576743426,2,True
0.6840194523033982,0.7176293309475504,0.033609878644152213,0.6674425644246592,0.033609878644152213,2,True
0.6676834505646441,0.6992659091942973,0.031582458629653254,0.6550750798894108,0.031582458629653254,2,True
0.6754017034247691,0.7079792138956055,0.032577510470836346,0.6608592082459509,0.032577510470836346,2,True
0.6524393166232753,0.6818710125605282,0.029431695937252922,0.6439621365015187,0.029431695937252922,2,True
0.6511901868294775,0.680435214963601,0.029245028134123552,0.6430698364517963,0.029245028134123552,2,True
0.6548678333785269,0.6846580363709386,0.02979020299241164,0.6457048555596644,0.02979020299241164,2,True
0.6580987216193822,0.6883567301618899,0.03025800854250771,0.6480396147443322,0.03025800854250771,2,True
0.6563367342182267,0.6863409272647345,0.03000419304650781,0.6467640369556743,0.03000419304650781,2,True
0.6656279146517476,0.6969344747132948,0.031306560061547195,0.6535525008335646,0.031306560061547195,2,True
0.6524304438689394,0.6818608192784373,0.02943037540949789,0.6439557885800457,0.02943037540949789,2,True
0.6511780515405655,0.6804212587054542,0.029243207164888707,0.6430611813670084,0.029243207164888707,2,True
0.6743794116707548,0.7068288928184204,0.03244948114766566,0.6600870089333474,0.03244948114766566,2,True
0.6743306896687822,0.7067740399704173,0.03244335030163514,0.6600502526175859,0.03244335030163514,2,True
0.6811976205297054,0.7144787838612318,0.03328116333152631,0.6652723448448706,0.03328116333152631,2,True
0.6637608885492917,0.6948129596260643,0.031052071076772547,0.6521760647938658,0.031052071076772547,2,True
0.6764492024976515,0.7091566893598945,0.03270748686224301,0.6616523753874514,0.03270748686224301,2,True
0.6679551335965115,0.699573719568994,0.03161858597248246,0.6552768832886022,0.03161858597248246,2,True
0.6645412669386764,0.6957001573715764,0.03115889043289999,0.6527506328845535,0.03115889043289999,2,True
0.660930187559521,0.691589431218694,0.03065924365917294,0.6501009947090692,0.03065924365917294,2,True
0.6542001180029174,0.6838923339709838,0.02969221596806637,0.6452246536831753,0.02969221596806637,2,True
0.6524507809455506,0.6818841829976228,0.029433402052072122,0.6439703387410517,0.029433402052072122,2,True
0.651912475501238,0.681265627780909,0.029353152279671058,0.6435854559675848,0.029353152279671058,2,True
0.6571951655690041,0.6873234093065091,0.030128243737505,0.647384802544683,0.030128243737505,2,True
0.6695983684252487,0.7014337688006451,0.03183540037539645,0.6565002584756715,0.03183540037539645,2,True
0.6863966485887831,0.7202762854925621,0.03387963690377893,0.6692818087995748,0.03387963690377893,2,True
0.6794632849430247,0.7125378817924746,0.03307459684944991,0.6639455227680474,0.03307459684944991,2,True
0.6753762637006392,0.7079506022898181,0.03257433858917891,0.6608399695288137,0.03257433858917891,2,True
0.6691749944736743,0.7009548125009646,0.03177981802729024,0.6561846008817819,0.03177981802729024,2,True
0.6659614312588392,0.6973130631119377,0.03135163185309853,0.6537990331510238,0.03135163185309853,2,True
0.6597788152349617,0.690275896872232,0.030497081637270274,0.6492610465914387,0.030497081637270274,2,True
0.6767312199508073,0.7094734902725008,0.03274227032169352,0.6618662525161813,0.03274227032169352,2,True
0.691846261543855,0.7263192274405383,0.03447296589668336,0.6735361056358049,0.03447296589668336,2,True
0.6771435065903422,0.709936466755853,0.03279296016551081,0.662179177975372,0.03279296016551081,2,True
0.681998004036313,0.7153733357590872,0.03337533172277418,0.6658864671034295,0.03337533172277418,2,True
0.6865024490644452,0.7203939385881933,0.0338914895237481,0.6693639004793407,0.0338914895237481,2,True
0.7057917238773598,0.7416194960022834,0.03582777212492361,0.6846631960489734,0.03582777212492361,2,True
0.7122343460478439,0.7486061910176758,0.036371844969831923,0.6899205250366912,0.036371844969831923,2,True
